customer_id,gender,senior_citizen,partner,dependents,tenure_months,phone_service,multiple_lines,internet_service,online_security,tech_support,streaming_tv,streaming_movies,contract,paperless_billing,payment_method,monthly_charges,total_charges,num_support_tickets,avg_monthly_usage_gb,churn
CUST-000000,Female,0,No,Yes,8,No,Yes,DSL,No internet service,No,No,No,Month-to-month,Yes,Bank transfer,67.37,420.21,0,170.0,0
CUST-000001,Male,0,No,Yes,23,Yes,No,Fiber optic,No internet service,No internet service,No,Yes,One year,No,Bank transfer,119.21,2377.08,2,169.2,1
CUST-000002,Female,0,Yes,No,29,Yes,No phone service,Fiber optic,Yes,No,No internet service,No,Month-to-month,Yes,Credit card,99.18,2280.55,3,92.1,1
CUST-000003,Male,0,No,No,10,Yes,No,Fiber optic,No internet service,No,No,No internet service,Month-to-month,Yes,Electronic check,60.24,478.57,0,81.9,0
CUST-000004,Male,0,Yes,No,27,No,No,DSL,Yes,No,No,Yes,Month-to-month,No,Bank transfer,111.61,2404.78,5,0.0,1
CUST-000005,Male,1,Yes,No,40,Yes,Yes,DSL,Yes,No,No,No,One year,Yes,Mailed check,51.47,1813.79,1,220.3,0
CUST-000006,Female,0,No,No,3,Yes,No,DSL,No,No,No internet service,No,Month-to-month,No,Bank transfer,94.56,212.51,6,150.4,1
CUST-000007,Male,0,No,No,37,No,Yes,DSL,No,Yes,No,No,Month-to-month,Yes,Credit card,35.71,1088.53,2,202.2,1
CUST-000008,Female,0,Yes,No,28,Yes,Yes,Fiber optic,No,No,Yes,No,Month-to-month,No,Electronic check,124.07,2988.14,3,166.2,1
CUST-000009,Male,1,No,No,9,Yes,Yes,Fiber optic,No,No,No,No,One year,Yes,Electronic check,107.37,768.93,3,175.7,1
CUST-000010,Male,0,No,Yes,64,Yes,Yes,DSL,No,No,No internet service,No internet service,Month-to-month,No,Electronic check,119.88,6271.47,2,318.1,1
CUST-000011,Female,0,Yes,No,51,Yes,Yes,Fiber optic,No internet service,No,Yes,No,Month-to-month,No,Bank transfer,86.9,3703.48,3,72.8,1
CUST-000012,Female,0,Yes,Yes,6,Yes,No,Fiber optic,No internet service,No,No,No,Month-to-month,Yes,Credit card,19.7,100.04,4,90.7,1
CUST-000013,Female,0,Yes,Yes,38,No,No,Fiber optic,No,Yes,No internet service,No internet service,One year,Yes,Credit card,123.45,3913.09,2,291.2,0
CUST-000014,Male,0,Yes,Yes,72,Yes,No,Fiber optic,No,No,No,Yes,Month-to-month,Yes,Bank transfer,108.45,5881.53,2,263.5,0
CUST-000015,Female,0,Yes,Yes,30,Yes,No phone service,Fiber optic,Yes,No,No,No internet service,Month-to-month,No,Electronic check,67.73,1674.64,1,131.9,1
CUST-000016,Male,0,No,Yes,20,Yes,No,DSL,No internet service,Yes,No internet service,Yes,Month-to-month,Yes,Bank transfer,110.97,1683.24,2,143.3,1
CUST-000017,Male,0,Yes,No,34,Yes,Yes,No,No,No internet service,No internet service,No,Month-to-month,No,Credit card,72.52,2322.72,2,171.4,0
CUST-000018,Female,0,Yes,No,24,Yes,No,Fiber optic,Yes,No,Yes,Yes,Two year,Yes,Mailed check,90.15,1763.15,0,115.1,0
CUST-000019,Female,0,No,No,29,Yes,No,Fiber optic,No,No,No internet service,No,One year,No,Electronic check,88.48,2320.11,0,255.8,0
CUST-000020,Female,0,Yes,Yes,7,Yes,No,No,Yes,No,Yes,Yes,Two year,Yes,Electronic check,140.25,840.5,2,107.2,0
CUST-000021,Male,0,Yes,No,27,Yes,No,Fiber optic,No internet service,No internet service,No,No,Month-to-month,Yes,Electronic check,149.13,3426.65,3,202.3,1
CUST-000022,Male,0,Yes,No,34,No,No,Fiber optic,Yes,No,Yes,Yes,Month-to-month,No,Mailed check,63.41,1887.69,1,143.5,0
CUST-000023,Female,0,Yes,No,34,Yes,Yes,Fiber optic,Yes,No,No,No,Two year,Yes,Mailed check,106.58,3117.21,0,129.2,0
CUST-000024,Female,0,No,No,72,Yes,Yes,DSL,No internet service,No,No internet service,Yes,Month-to-month,Yes,Credit card,65.84,4108.75,2,261.6,0
CUST-000025,Female,1,No,No,12,Yes,No,No,No,No internet service,No internet service,Yes,One year,No,Bank transfer,73.1,763.17,1,227.2,0
CUST-000026,Male,0,Yes,No,44,Yes,Yes,Fiber optic,No,No internet service,No,Yes,Month-to-month,No,Mailed check,55.52,2301.08,2,240.1,1
CUST-000027,Male,0,No,No,9,Yes,Yes,No,Yes,No internet service,No,No,Month-to-month,No,Credit card,135.19,959.28,0,0.0,1
CUST-000028,Female,0,Yes,No,11,Yes,No,DSL,Yes,No,Yes,No,One year,No,Electronic check,54.28,439.85,2,288.0,0
CUST-000029,Male,0,Yes,No,27,Yes,Yes,DSL,No,No internet service,Yes,No,Two year,No,Electronic check,88.46,2045.39,1,254.0,0
CUST-000030,Male,0,No,No,63,Yes,No,DSL,No,No,Yes,Yes,One year,Yes,Credit card,100.13,5106.21,6,318.6,0
CUST-000031,Male,0,No,Yes,18,Yes,Yes,Fiber optic,No,No,No internet service,No,Month-to-month,Yes,Mailed check,89.0,1320.15,1,176.6,1
CUST-000032,Female,0,No,No,15,Yes,Yes,Fiber optic,No internet service,Yes,Yes,No,Month-to-month,No,Electronic check,94.11,1129.84,1,29.9,1
CUST-000033,Male,0,No,No,28,Yes,Yes,Fiber optic,No,No,No internet service,Yes,One year,No,Electronic check,58.82,1268.33,3,407.5,1
CUST-000034,Male,0,Yes,No,29,Yes,Yes,Fiber optic,Yes,No,Yes,Yes,One year,No,Electronic check,72.3,1957.0,1,122.3,1
CUST-000035,Male,0,Yes,No,72,Yes,No,Fiber optic,Yes,No,No,No,One year,Yes,Electronic check,130.12,7229.34,1,4.0,1
CUST-000036,Male,1,No,No,26,Yes,No phone service,DSL,Yes,No internet service,Yes,Yes,One year,Yes,Bank transfer,138.94,3254.7,2,108.5,1
CUST-000037,Male,0,Yes,Yes,8,Yes,No,DSL,No,No,Yes,Yes,Month-to-month,Yes,Credit card,87.36,611.89,2,210.8,1
CUST-000038,Female,0,Yes,Yes,36,Yes,Yes,Fiber optic,No internet service,No,No,Yes,Month-to-month,No,Mailed check,150.94,4033.87,3,158.6,1
CUST-000039,Male,0,Yes,No,7,Yes,No,DSL,No,No internet service,No,No,Two year,Yes,Mailed check,161.58,829.41,3,68.1,0
CUST-000040,Female,0,Yes,No,64,Yes,Yes,DSL,No,No internet service,No internet service,Yes,One year,No,Electronic check,139.21,7194.45,2,233.1,0
CUST-000041,Male,0,Yes,No,37,Yes,No,Fiber optic,Yes,Yes,Yes,No internet service,Month-to-month,No,Electronic check,98.76,2906.93,0,293.1,1
CUST-000042,Male,1,Yes,No,72,Yes,No,Fiber optic,No,No internet service,Yes,No,Month-to-month,Yes,Mailed check,106.75,5875.66,1,125.1,1
CUST-000043,Male,0,Yes,No,34,Yes,No,Fiber optic,No,No,No internet service,No internet service,Month-to-month,Yes,Electronic check,71.15,2055.08,1,256.0,1
CUST-000044,Male,0,Yes,Yes,12,No,Yes,Fiber optic,No,Yes,Yes,No internet service,Two year,No,Electronic check,144.11,1545.42,2,276.4,1
CUST-000045,Male,0,No,Yes,72,Yes,No phone service,DSL,No,No,No,No,Month-to-month,Yes,Electronic check,77.66,4234.61,0,71.1,1
CUST-000046,Male,0,No,No,10,Yes,No,No,No,No internet service,No,Yes,Month-to-month,Yes,Credit card,118.39,918.41,0,321.0,1
CUST-000047,Male,0,No,Yes,53,Yes,Yes,Fiber optic,Yes,Yes,Yes,No,Month-to-month,No,Bank transfer,30.09,1429.24,3,212.4,0
CUST-000048,Female,0,Yes,No,3,Yes,Yes,DSL,No,No,Yes,No,Two year,No,Mailed check,142.23,358.86,1,165.9,0
CUST-000049,Male,0,Yes,Yes,16,Yes,No,Fiber optic,Yes,No,No,No internet service,One year,Yes,Bank transfer,86.17,1147.09,2,107.2,1
CUST-000050,Female,0,Yes,No,72,Yes,No,Fiber optic,No,Yes,No internet service,No internet service,Two year,Yes,Electronic check,55.41,3453.84,0,174.1,0
CUST-000051,Male,1,Yes,No,72,Yes,No,Fiber optic,No,Yes,Yes,Yes,Month-to-month,Yes,Electronic check,88.7,5023.26,5,239.0,1
CUST-000052,Male,0,No,No,30,No,Yes,Fiber optic,No,No internet service,Yes,No,Two year,No,Credit card,20.09,564.11,4,155.6,1
CUST-000053,Female,0,Yes,No,9,Yes,Yes,DSL,No internet service,No internet service,No,No internet service,One year,No,Electronic check,123.67,850.22,3,186.8,0
CUST-000054,Male,1,No,No,58,Yes,No,Fiber optic,Yes,Yes,Yes,No,Month-to-month,Yes,Credit card,78.5,3286.41,1,181.6,0
CUST-000055,Female,0,Yes,No,47,Yes,No,Fiber optic,No internet service,No,Yes,Yes,Two year,No,Credit card,82.39,2901.67,2,197.4,0
CUST-000056,Male,1,Yes,No,20,Yes,Yes,Fiber optic,No internet service,No,Yes,Yes,One year,No,Bank transfer,98.01,1711.43,1,113.7,0
CUST-000057,Female,0,Yes,No,51,Yes,No,Fiber optic,No,No,No internet service,Yes,Month-to-month,No,Electronic check,56.83,2659.95,1,200.5,0
CUST-000058,Female,0,Yes,Yes,19,Yes,No,DSL,No internet service,No,No,No internet service,Month-to-month,Yes,Credit card,78.12,1332.17,2,186.7,0
CUST-000059,Female,0,Yes,No,9,Yes,No,No,No,No,No,Yes,Month-to-month,No,Electronic check,73.85,556.09,1,147.9,1
CUST-000060,Female,0,No,No,37,Yes,No,Fiber optic,No internet service,No,Yes,No internet service,Two year,Yes,Electronic check,74.52,2425.28,3,141.1,1
CUST-000061,Male,0,Yes,Yes,38,Yes,No,Fiber optic,No,No,Yes,No,Month-to-month,Yes,Mailed check,62.12,1845.21,4,95.7,1
CUST-000062,Male,0,No,No,34,Yes,No,DSL,No internet service,No,No,Yes,Two year,No,Mailed check,74.72,2073.09,1,273.1,1
CUST-000063,Male,0,No,No,58,Yes,Yes,DSL,No,No,Yes,No internet service,Two year,Yes,Electronic check,123.34,5682.29,3,266.9,0
CUST-000064,Male,0,Yes,Yes,65,Yes,No phone service,Fiber optic,No internet service,Yes,No,No,Month-to-month,Yes,Mailed check,126.3,7090.13,2,121.4,1
CUST-000065,Male,0,Yes,No,42,No,No,Fiber optic,No,Yes,Yes,Yes,Month-to-month,Yes,Electronic check,103.37,3320.01,1,133.9,1
CUST-000066,Male,0,Yes,Yes,6,Yes,Yes,Fiber optic,No,Yes,No,No,One year,Yes,Bank transfer,96.61,479.67,0,135.1,0
CUST-000067,Male,0,No,No,9,Yes,No phone service,Fiber optic,Yes,No,No,Yes,Two year,No,Credit card,70.02,507.32,0,127.1,0
CUST-000068,Female,0,No,No,18,Yes,Yes,Fiber optic,No,No internet service,No,Yes,One year,Yes,Credit card,80.68,1154.12,1,101.6,1
CUST-000069,Female,0,No,No,31,No,Yes,Fiber optic,Yes,No,No internet service,Yes,One year,No,Mailed check,167.35,4065.63,2,260.3,1
CUST-000070,Female,0,No,No,61,Yes,No,Fiber optic,No,No,No internet service,Yes,Month-to-month,No,Electronic check,19.83,1137.69,2,180.3,0
CUST-000071,Male,0,Yes,No,63,Yes,No,DSL,No,No,No,No internet service,Month-to-month,Yes,Credit card,20.32,1022.64,1,283.6,0
CUST-000072,Male,0,No,No,12,Yes,Yes,Fiber optic,No internet service,No,No,No,One year,Yes,Mailed check,59.67,595.24,0,109.8,0
CUST-000073,Male,0,Yes,No,33,Yes,No phone service,Fiber optic,Yes,No internet service,No internet service,Yes,One year,No,Credit card,85.52,2538.15,5,319.5,1
CUST-000074,Male,0,No,Yes,28,Yes,No,DSL,No,No,No internet service,Yes,Two year,Yes,Credit card,52.46,1330.47,3,200.7,1
CUST-000075,Male,0,Yes,No,28,Yes,Yes,Fiber optic,Yes,No,Yes,No,Two year,No,Electronic check,134.67,3261.03,4,173.5,1
CUST-000076,Male,0,Yes,Yes,11,Yes,No phone service,No,No,Yes,No,Yes,Month-to-month,Yes,Mailed check,134.39,1150.62,4,312.7,1
CUST-000077,Male,0,No,Yes,33,Yes,No,No,No,No internet service,No,No,Month-to-month,No,Electronic check,128.28,3617.59,2,157.2,1
CUST-000078,Female,0,No,No,17,Yes,No,DSL,No,Yes,No,Yes,Month-to-month,Yes,Mailed check,62.06,882.12,1,135.1,1
CUST-000079,Female,0,No,No,49,Yes,Yes,Fiber optic,Yes,Yes,No,No,Two year,No,Bank transfer,23.75,1080.11,3,6.3,0
CUST-000080,Female,0,No,No,11,Yes,No,Fiber optic,No,No internet service,Yes,No,Month-to-month,No,Bank transfer,109.22,979.55,1,95.9,1
CUST-000081,Female,0,Yes,Yes,30,No,No,Fiber optic,Yes,No,No,No,Month-to-month,Yes,Bank transfer,113.17,2719.25,0,254.7,1
CUST-000082,Female,0,No,Yes,21,Yes,No,Fiber optic,No,No,Yes,Yes,Two year,Yes,Bank transfer,72.28,1169.88,1,155.1,0
CUST-000083,Male,0,No,No,52,Yes,Yes,Fiber optic,No,No,No,No,Month-to-month,Yes,Electronic check,113.2,4941.25,2,147.4,1
CUST-000084,Male,0,Yes,No,24,Yes,No,DSL,No,Yes,No internet service,No internet service,Month-to-month,No,Bank transfer,139.82,2896.9,3,268.9,1
CUST-000085,Male,1,No,No,37,Yes,Yes,DSL,Yes,Yes,No,No,Two year,No,Electronic check,129.25,3619.12,2,212.8,0
CUST-000086,Male,0,Yes,No,16,Yes,No,No,Yes,Yes,No internet service,No internet service,Month-to-month,No,Electronic check,106.64,1246.91,2,55.1,1
CUST-000087,Male,0,Yes,No,46,Yes,No,Fiber optic,No internet service,No,Yes,No,Month-to-month,No,Mailed check,104.0,4057.13,4,225.2,1
CUST-000088,Female,0,No,Yes,27,Yes,No,Fiber optic,No,No,No,No,Month-to-month,No,Credit card,138.55,2936.49,2,250.7,1
CUST-000089,Male,1,No,No,72,Yes,No phone service,DSL,Yes,No,No,No,One year,Yes,Bank transfer,113.56,6132.55,1,202.1,0
CUST-000090,Male,1,Yes,Yes,37,No,No,DSL,No,Yes,No,Yes,Month-to-month,No,Bank transfer,53.21,1541.8,3,272.8,1
CUST-000091,Male,1,No,No,29,Yes,Yes,Fiber optic,No,No,No,No internet service,Month-to-month,Yes,Credit card,60.71,1409.96,2,113.0,1
CUST-000092,Female,0,No,No,36,Yes,Yes,DSL,No,Yes,No,No,Month-to-month,No,Credit card,62.36,1938.13,0,212.8,0
CUST-000093,Female,0,No,No,39,Yes,No phone service,DSL,No,No,No internet service,No internet service,Two year,Yes,Bank transfer,98.41,3212.45,4,142.8,1
CUST-000094,Male,1,Yes,No,9,Yes,No,DSL,No,No internet service,No,No internet service,One year,No,Credit card,124.45,880.32,1,96.5,0
CUST-000095,Female,0,Yes,No,21,Yes,No,Fiber optic,No internet service,No,No internet service,Yes,One year,Yes,Mailed check,114.26,2213.14,7,132.3,1
CUST-000096,Male,0,Yes,No,18,Yes,No,Fiber optic,Yes,Yes,Yes,Yes,Month-to-month,No,Mailed check,97.74,1405.33,0,115.5,0
CUST-000097,Male,0,Yes,No,72,Yes,No,DSL,No,No,No internet service,No,Month-to-month,Yes,Bank transfer,55.38,3657.02,4,210.6,1
CUST-000098,Female,0,No,Yes,8,Yes,No,Fiber optic,No internet service,Yes,Yes,No,Month-to-month,Yes,Bank transfer,46.13,279.63,2,201.5,1
CUST-000099,Male,0,No,Yes,28,No,No,No,No,No,No,Yes,Two year,Yes,Credit card,92.69,2381.04,1,181.1,0
CUST-000100,Male,1,Yes,No,28,Yes,No,DSL,No,No internet service,Yes,No internet service,Month-to-month,Yes,Credit card,125.31,2952.7,1,257.0,1
CUST-000101,Female,0,Yes,No,37,Yes,Yes,Fiber optic,No,Yes,No internet service,No,Month-to-month,No,Mailed check,124.18,4075.77,4,209.9,1
CUST-000102,Female,1,Yes,No,42,Yes,No,DSL,No internet service,Yes,No internet service,No,Month-to-month,Yes,Electronic check,38.65,1270.44,3,148.8,0
CUST-000103,Male,0,No,No,24,Yes,No,Fiber optic,No internet service,No,No,Yes,Month-to-month,No,Credit card,84.12,1553.06,2,195.5,1
CUST-000104,Female,0,Yes,No,13,Yes,No,Fiber optic,No,No,No internet service,No,Two year,Yes,Credit card,122.57,1482.13,6,151.5,1
CUST-000105,Male,0,Yes,No,51,Yes,Yes,Fiber optic,No internet service,Yes,No internet service,Yes,Two year,No,Bank transfer,33.06,1354.61,2,61.1,0
CUST-000106,Male,0,No,No,9,Yes,Yes,Fiber optic,Yes,Yes,No internet service,Yes,Month-to-month,Yes,Mailed check,42.55,306.29,3,161.3,1
CUST-000107,Female,0,Yes,No,26,Yes,Yes,Fiber optic,No,No,Yes,Yes,One year,No,Credit card,84.02,1891.47,3,261.7,1
CUST-000108,Male,0,Yes,No,27,Yes,No,DSL,No,No,No,No,Month-to-month,Yes,Mailed check,64.9,1476.28,4,80.6,1
CUST-000109,Female,0,No,No,38,Yes,No,DSL,No internet service,Yes,Yes,No,One year,No,Electronic check,174.14,5561.54,2,210.0,0
CUST-000110,Female,0,No,No,14,Yes,No,Fiber optic,No,No,No internet service,No,Month-to-month,Yes,Electronic check,62.83,710.49,3,244.1,1
CUST-000111,Female,0,Yes,No,57,Yes,Yes,Fiber optic,Yes,No internet service,No,No,Month-to-month,Yes,Bank transfer,86.65,4235.64,4,221.8,0
CUST-000112,Female,0,No,No,44,No,No,Fiber optic,No,No internet service,No,No,One year,Yes,Bank transfer,87.08,3191.74,1,311.2,0
CUST-000113,Male,0,Yes,No,39,Yes,No,No,Yes,No,Yes,No,Month-to-month,Yes,Mailed check,138.23,4316.24,0,122.6,0
CUST-000114,Male,0,No,No,16,Yes,No,Fiber optic,Yes,No,No internet service,Yes,Month-to-month,Yes,Bank transfer,107.12,1492.86,7,434.8,1
CUST-000115,Male,0,Yes,No,7,Yes,Yes,Fiber optic,No,No internet service,No,No internet service,Month-to-month,Yes,Credit card,96.96,499.41,1,349.2,1
CUST-000116,Female,0,Yes,No,43,Yes,No,Fiber optic,No,No,Yes,Yes,One year,No,Credit card,129.56,4859.62,2,187.7,1
CUST-000117,Male,0,Yes,Yes,72,Yes,Yes,Fiber optic,Yes,No,Yes,No,Two year,No,Bank transfer,84.73,4562.7,3,155.7,1
CUST-000118,Female,0,Yes,No,33,Yes,Yes,DSL,No,No,No,No internet service,One year,Yes,Bank transfer,136.37,3587.63,3,270.5,1
CUST-000119,Female,0,No,No,72,Yes,Yes,DSL,Yes,No,No internet service,No internet service,Month-to-month,Yes,Electronic check,42.87,2418.83,3,156.2,0
CUST-000120,Male,0,Yes,No,9,Yes,No phone service,Fiber optic,No,No,Yes,No,Month-to-month,Yes,Electronic check,78.28,547.83,2,19.0,1
CUST-000121,Female,0,Yes,Yes,33,Yes,No,Fiber optic,No,No,Yes,No,One year,No,Bank transfer,82.84,2310.64,4,74.4,1
CUST-000122,Male,0,Yes,No,2,No,No,DSL,No,No,Yes,No,Month-to-month,Yes,Mailed check,94.06,148.98,1,279.3,1
CUST-000123,Male,0,Yes,No,13,Yes,Yes,DSL,Yes,No,No,No,Month-to-month,Yes,Credit card,136.51,1572.8,5,179.7,1
CUST-000124,Male,0,No,No,54,Yes,Yes,Fiber optic,Yes,Yes,No internet service,No,Month-to-month,Yes,Electronic check,150.35,6349.6,5,163.7,1
CUST-000125,Male,0,No,Yes,3,Yes,Yes,DSL,No,No internet service,Yes,No internet service,Month-to-month,Yes,Electronic check,154.17,331.05,0,248.3,1
CUST-000126,Male,0,Yes,No,43,Yes,No,Fiber optic,No,Yes,No,Yes,Month-to-month,Yes,Electronic check,30.79,1118.02,1,139.6,1
CUST-000127,Female,0,No,Yes,46,Yes,Yes,DSL,No,No,Yes,No internet service,Month-to-month,Yes,Credit card,127.41,4564.18,0,0.0,1
CUST-000128,Male,0,Yes,No,11,Yes,No,Fiber optic,Yes,No,No,Yes,Two year,Yes,Mailed check,68.18,585.09,1,163.4,1
CUST-000129,Male,0,No,No,31,Yes,Yes,DSL,No,Yes,Yes,Yes,One year,No,Mailed check,121.18,3189.79,2,141.3,1
CUST-000130,Male,0,No,No,14,Yes,No,DSL,No,Yes,No,No,One year,No,Electronic check,71.89,857.34,2,123.0,0
CUST-000131,Female,1,No,Yes,51,Yes,No,Fiber optic,No,Yes,No,No,Two year,Yes,Credit card,79.53,3341.74,0,224.9,1
CUST-000132,Male,0,No,No,65,Yes,No,Fiber optic,No,No,No,No,Two year,Yes,Credit card,116.61,7008.6,2,77.2,0
CUST-000133,Male,0,No,No,19,Yes,Yes,Fiber optic,Yes,Yes,Yes,Yes,Month-to-month,Yes,Electronic check,82.12,1306.39,3,154.7,0
CUST-000134,Male,0,No,Yes,21,Yes,Yes,Fiber optic,Yes,Yes,No,Yes,One year,No,Mailed check,67.4,1095.79,1,164.3,0
CUST-000135,Female,0,Yes,Yes,19,No,No phone service,DSL,No,Yes,No internet service,No internet service,Two year,Yes,Bank transfer,38.03,642.1,2,108.7,1
CUST-000136,Female,1,Yes,No,23,Yes,No,No,Yes,No,No,No,Month-to-month,No,Mailed check,90.01,1610.91,3,191.1,1
CUST-000137,Male,0,No,Yes,14,Yes,Yes,Fiber optic,No internet service,No internet service,No,Yes,One year,Yes,Mailed check,52.14,680.37,3,82.8,0
CUST-000138,Male,0,Yes,Yes,32,Yes,Yes,Fiber optic,No,Yes,No internet service,No,One year,Yes,Bank transfer,76.71,2064.84,0,37.1,1
CUST-000139,Female,0,Yes,No,19,Yes,No,Fiber optic,No,No,No,Yes,One year,Yes,Bank transfer,182.07,3230.05,1,121.5,1
CUST-000140,Female,0,Yes,No,54,Yes,No,Fiber optic,No,No,No,No,Month-to-month,Yes,Credit card,82.78,3828.82,5,292.6,1
CUST-000141,Male,0,No,No,24,No,No,No,Yes,Yes,Yes,Yes,One year,No,Mailed check,91.35,1703.51,3,250.4,1
CUST-000142,Male,0,Yes,No,72,Yes,No,Fiber optic,No internet service,No,No,Yes,Month-to-month,Yes,Credit card,21.03,1117.81,3,50.2,1
CUST-000143,Male,1,Yes,No,66,Yes,Yes,Fiber optic,No,No,Yes,No,One year,Yes,Electronic check,21.23,1202.42,2,256.3,1
CUST-000144,Female,0,Yes,No,60,Yes,Yes,Fiber optic,No,Yes,No,No,Month-to-month,No,Mailed check,78.27,4269.88,5,94.6,1
CUST-000145,Female,0,Yes,Yes,7,Yes,Yes,No,No,Yes,Yes,Yes,Month-to-month,No,Credit card,105.33,576.66,1,185.7,1
CUST-000146,Male,0,Yes,Yes,45,Yes,No,Fiber optic,Yes,No,No internet service,No,One year,No,Credit card,93.94,3351.53,3,79.7,1
CUST-000147,Male,0,Yes,Yes,50,Yes,No,Fiber optic,No internet service,No,No internet service,Yes,Month-to-month,Yes,Bank transfer,64.39,2537.26,2,234.4,1
CUST-000148,Male,0,No,Yes,5,Yes,Yes,DSL,No internet service,Yes,Yes,No,Month-to-month,Yes,Electronic check,132.98,519.17,0,131.6,1
CUST-000149,Female,0,No,No,51,No,No,Fiber optic,Yes,No,No,No,Month-to-month,Yes,Mailed check,35.69,1557.02,1,203.7,0
CUST-000150,Female,0,Yes,No,21,Yes,Yes,DSL,Yes,No,Yes,No,Month-to-month,Yes,Bank transfer,121.22,2234.78,2,289.0,1
CUST-000151,Male,1,No,Yes,14,Yes,No phone service,DSL,Yes,No,No,No,One year,Yes,Credit card,44.11,528.82,1,158.7,0
CUST-000152,Male,0,No,No,20,Yes,Yes,No,No,No internet service,No,No,Month-to-month,No,Bank transfer,60.52,1008.3,4,272.1,0
CUST-000153,Female,0,Yes,Yes,36,Yes,No phone service,DSL,Yes,No internet service,Yes,Yes,Two year,No,Credit card,109.85,2959.59,1,112.2,0
CUST-000154,Female,1,No,No,3,Yes,No,Fiber optic,No,Yes,No,Yes,One year,Yes,Mailed check,48.06,123.6,1,178.9,0
CUST-000155,Female,0,No,No,21,Yes,Yes,Fiber optic,No internet service,Yes,No,No,Month-to-month,No,Mailed check,165.93,2870.04,2,148.7,1
CUST-000156,Female,0,No,No,20,Yes,No,Fiber optic,Yes,Yes,No,Yes,One year,No,Electronic check,102.51,1687.91,4,217.4,0
CUST-000157,Male,0,Yes,Yes,72,Yes,Yes,Fiber optic,No,No internet service,No,No,One year,No,Electronic check,74.28,4252.81,1,49.1,0
CUST-000158,Male,1,Yes,No,29,Yes,No,Fiber optic,Yes,Yes,Yes,No,Month-to-month,Yes,Mailed check,81.22,1841.7,3,73.4,1
CUST-000159,Female,0,No,Yes,72,Yes,Yes,Fiber optic,No,Yes,No,No internet service,Month-to-month,No,Bank transfer,145.83,9065.61,1,12.0,1
CUST-000160,Female,0,Yes,Yes,44,Yes,Yes,Fiber optic,Yes,No internet service,Yes,No,One year,Yes,Electronic check,42.23,1361.73,2,145.3,0
CUST-000161,Male,0,Yes,No,17,Yes,No,DSL,No,Yes,No,Yes,One year,No,Electronic check,78.82,1024.73,1,178.8,0
CUST-000162,Female,0,No,No,48,No,Yes,DSL,No,No internet service,No internet service,No,Month-to-month,Yes,Mailed check,124.02,4745.29,2,54.8,1
CUST-000163,Male,0,Yes,No,40,Yes,No,Fiber optic,No internet service,No,No,Yes,Month-to-month,No,Bank transfer,50.95,1669.01,1,89.7,1
CUST-000164,Female,0,Yes,Yes,68,Yes,No,Fiber optic,Yes,No,No internet service,Yes,One year,No,Bank transfer,117.21,5611.89,0,336.0,1
CUST-000165,Female,0,No,Yes,22,Yes,Yes,Fiber optic,No,No,Yes,No,Two year,Yes,Mailed check,103.76,1791.36,3,189.6,0
CUST-000166,Female,0,No,No,34,Yes,Yes,Fiber optic,No,No,No,No,Two year,Yes,Mailed check,141.61,3887.84,2,128.6,1
CUST-000167,Male,0,No,No,22,Yes,Yes,Fiber optic,No,No internet service,Yes,No,One year,No,Bank transfer,136.16,2225.57,5,177.2,1
CUST-000168,Female,0,Yes,No,41,Yes,No,Fiber optic,Yes,No,Yes,No,Month-to-month,No,Credit card,88.08,2936.38,2,235.3,1
CUST-000169,Male,0,No,No,21,Yes,Yes,No,No,Yes,No internet service,Yes,One year,Yes,Mailed check,98.03,1869.05,1,300.9,1
CUST-000170,Female,1,Yes,No,19,Yes,No,Fiber optic,No internet service,No internet service,No,No internet service,Month-to-month,Yes,Electronic check,48.21,790.98,2,173.2,1
CUST-000171,Male,0,Yes,No,7,Yes,No phone service,Fiber optic,Yes,No,No,Yes,Two year,Yes,Electronic check,83.92,526.54,2,161.5,0
CUST-000172,Female,1,No,No,47,Yes,No,Fiber optic,Yes,No,Yes,No internet service,One year,No,Mailed check,64.59,2501.96,3,114.9,1
CUST-000173,Male,0,Yes,Yes,44,Yes,Yes,Fiber optic,Yes,No,No,No,Two year,Yes,Credit card,43.63,1638.89,2,160.6,0
CUST-000174,Male,0,No,No,25,Yes,Yes,DSL,No,No,No internet service,No,Month-to-month,Yes,Bank transfer,88.96,1976.5,2,373.2,1
CUST-000175,Female,0,No,No,69,Yes,Yes,DSL,No internet service,Yes,Yes,No internet service,Month-to-month,Yes,Electronic check,78.08,4081.52,2,296.7,1
CUST-000176,Female,0,No,No,72,Yes,No,Fiber optic,No,No internet service,No,No,Month-to-month,Yes,Credit card,89.52,5526.56,5,212.4,1
CUST-000177,Male,0,No,No,18,Yes,No,Fiber optic,No,Yes,No internet service,Yes,Month-to-month,No,Mailed check,65.0,920.5,1,341.7,1
CUST-000178,Female,0,No,No,72,Yes,Yes,DSL,Yes,No,No,No,Month-to-month,Yes,Mailed check,109.8,6014.3,4,126.6,1
CUST-000179,Male,0,No,No,47,Yes,No phone service,Fiber optic,No,No,No,No,Two year,Yes,Bank transfer,147.32,4915.91,1,139.6,0
CUST-000180,Male,1,Yes,No,11,Yes,Yes,DSL,No,No,No,Yes,Month-to-month,No,Credit card,93.3,804.08,1,170.0,1
CUST-000181,Male,0,Yes,No,33,Yes,Yes,DSL,Yes,No,No,Yes,Month-to-month,No,Mailed check,21.91,551.76,2,244.0,0
CUST-000182,Male,0,Yes,No,25,Yes,No,Fiber optic,No internet service,Yes,No,Yes,Two year,No,Credit card,89.7,1879.1,1,112.3,0
CUST-000183,Male,0,Yes,No,72,Yes,No,DSL,No,No,Yes,Yes,One year,Yes,Credit card,106.44,6274.93,2,125.4,0
CUST-000184,Female,0,No,No,51,Yes,Yes,Fiber optic,No,No,No,Yes,Month-to-month,Yes,Electronic check,78.99,3429.94,3,217.4,1
CUST-000185,Male,0,No,No,28,Yes,Yes,Fiber optic,No internet service,No,No internet service,Yes,One year,Yes,Electronic check,43.39,997.76,3,188.1,0
CUST-000186,Male,0,No,No,27,No,No,Fiber optic,No,No internet service,Yes,No,One year,Yes,Electronic check,141.18,3077.75,2,4.6,0
CUST-000187,Male,0,Yes,Yes,26,Yes,No,DSL,No,Yes,No,Yes,Month-to-month,Yes,Electronic check,114.15,2691.87,2,189.2,1
CUST-000188,Female,0,Yes,No,37,Yes,Yes,DSL,Yes,No,No,No,One year,No,Credit card,120.82,3834.29,5,0.0,0
CUST-000189,Male,0,Yes,Yes,72,Yes,No,Fiber optic,No,No,No,No internet service,Month-to-month,Yes,Mailed check,106.8,5929.37,1,41.9,1
CUST-000190,Male,0,Yes,Yes,35,No,No phone service,Fiber optic,No internet service,No,No,No,Month-to-month,Yes,Electronic check,76.29,2160.95,0,111.1,1
CUST-000191,Female,0,Yes,Yes,11,Yes,Yes,Fiber optic,No,No internet service,No,No,Month-to-month,Yes,Electronic check,100.5,918.5,1,184.0,1
CUST-000192,Female,0,Yes,No,20,Yes,No,Fiber optic,No,Yes,No internet service,Yes,One year,No,Mailed check,72.63,1089.73,2,184.8,0
CUST-000193,Female,0,Yes,No,5,Yes,No,Fiber optic,No,Yes,Yes,No internet service,Month-to-month,Yes,Electronic check,62.23,259.33,1,213.9,1
CUST-000194,Male,0,Yes,Yes,49,Yes,Yes,DSL,No internet service,No,No internet service,No,One year,Yes,Electronic check,66.63,2448.81,0,282.0,0
CUST-000195,Male,1,No,No,24,No,No phone service,DSL,No internet service,No internet service,No internet service,No,Two year,Yes,Bank transfer,57.93,1149.7,2,345.0,1
CUST-000196,Male,0,Yes,Yes,14,Yes,No,Fiber optic,No,No,Yes,Yes,Month-to-month,No,Credit card,100.1,1078.45,4,122.8,1
CUST-000197,Female,0,No,Yes,55,Yes,Yes,Fiber optic,Yes,No,No,No,Month-to-month,Yes,Bank transfer,74.05,3417.62,4,178.7,1
CUST-000198,Female,0,Yes,No,24,Yes,Yes,No,No internet service,No,No,No,Month-to-month,No,Bank transfer,88.85,1830.69,1,248.7,1
CUST-000199,Male,0,No,Yes,9,Yes,No,No,No internet service,No,Yes,No,One year,Yes,Bank transfer,117.34,979.17,3,160.3,1
CUST-000200,Female,0,No,No,16,No,No,Fiber optic,No,No,No internet service,Yes,Month-to-month,No,Bank transfer,83.57,1066.89,2,80.2,1
CUST-000201,Male,0,Yes,No,10,Yes,Yes,No,Yes,No,Yes,Yes,Month-to-month,Yes,Bank transfer,156.21,1413.07,2,202.8,1
CUST-000202,Male,0,No,Yes,59,Yes,Yes,Fiber optic,No,Yes,No,No,Month-to-month,Yes,Credit card,145.33,6708.2,3,281.3,1
CUST-000203,Female,0,Yes,No,24,Yes,No,DSL,No,Yes,Yes,No,Month-to-month,No,Electronic check,76.13,1629.73,2,224.0,1
CUST-000204,Female,0,Yes,Yes,33,Yes,No,DSL,Yes,Yes,No,Yes,Month-to-month,No,Electronic check,119.73,3436.05,2,88.5,1
CUST-000205,Female,1,No,Yes,4,Yes,No,Fiber optic,No,No,No,Yes,Month-to-month,Yes,Bank transfer,99.65,307.71,3,219.9,1
CUST-000206,Female,0,No,No,11,Yes,Yes,Fiber optic,Yes,No internet service,No internet service,No,Month-to-month,Yes,Bank transfer,116.62,1066.5,3,176.0,1
CUST-000207,Female,0,Yes,No,9,Yes,No,Fiber optic,No internet service,Yes,No,No internet service,One year,Yes,Electronic check,46.65,314.14,4,67.2,1
CUST-000208,Male,0,No,No,21,Yes,No phone service,DSL,No,No,No,Yes,One year,Yes,Mailed check,89.35,1625.04,2,162.8,0
CUST-000209,Female,0,No,No,3,No,Yes,Fiber optic,No,No internet service,No,No,One year,No,Bank transfer,99.99,244.03,2,92.8,1
CUST-000210,Female,0,No,Yes,4,Yes,No phone service,Fiber optic,Yes,Yes,No,Yes,Month-to-month,No,Bank transfer,71.96,237.17,0,229.0,1
CUST-000211,Female,0,Yes,Yes,39,Yes,No phone service,Fiber optic,No internet service,No internet service,Yes,No,Month-to-month,No,Electronic check,147.96,4737.82,0,285.4,1
CUST-000212,Male,0,No,No,17,Yes,Yes,DSL,No,No,No,No,One year,Yes,Electronic check,136.97,2080.64,3,153.7,1
CUST-000213,Female,0,Yes,Yes,49,Yes,Yes,Fiber optic,No,No internet service,No internet service,No internet service,Month-to-month,No,Mailed check,118.64,4514.71,1,168.9,0
CUST-000214,Female,0,Yes,No,22,No,Yes,DSL,No,No,No,Yes,Month-to-month,Yes,Mailed check,72.55,1465.76,1,155.8,1
CUST-000215,Female,0,No,No,21,Yes,No,Fiber optic,No,No,Yes,No,One year,No,Credit card,118.02,1992.9,4,161.7,1
CUST-000216,Male,0,No,No,17,Yes,No phone service,Fiber optic,No,No,Yes,No internet service,Month-to-month,Yes,Electronic check,66.63,806.2,2,54.2,1
CUST-000217,Female,0,Yes,No,4,Yes,Yes,Fiber optic,No,No internet service,Yes,Yes,One year,No,Credit card,47.73,151.05,2,144.8,0
CUST-000218,Female,0,No,Yes,25,Yes,No,Fiber optic,No,No,Yes,Yes,One year,Yes,Electronic check,29.55,582.52,0,270.2,1
CUST-000219,Male,0,Yes,No,50,Yes,Yes,Fiber optic,Yes,Yes,No,No internet service,Month-to-month,No,Credit card,115.06,4596.24,0,286.1,1
CUST-000220,Female,0,Yes,No,72,Yes,Yes,Fiber optic,No internet service,No internet service,Yes,No internet service,Month-to-month,Yes,Bank transfer,81.86,5286.02,3,149.6,0
CUST-000221,Female,0,No,No,25,Yes,No,DSL,Yes,Yes,No,Yes,Month-to-month,Yes,Bank transfer,91.59,1801.47,3,56.6,1
CUST-000222,Male,0,No,Yes,5,Yes,No,Fiber optic,No,Yes,Yes,No,One year,Yes,Bank transfer,86.1,307.55,2,361.5,1
CUST-000223,Female,0,No,Yes,72,Yes,No,DSL,No,Yes,No,No internet service,Month-to-month,Yes,Credit card,19.89,1317.75,2,105.2,0
CUST-000224,Male,0,No,No,71,Yes,Yes,DSL,Yes,No,No internet service,Yes,Month-to-month,No,Bank transfer,76.48,4486.82,0,224.2,0
CUST-000225,Female,0,No,No,21,Yes,No phone service,Fiber optic,Yes,No internet service,No internet service,Yes,Month-to-month,No,Credit card,103.91,1761.12,1,138.4,1
CUST-000226,Male,0,No,Yes,53,Yes,No,Fiber optic,No,No,Yes,No,One year,Yes,Mailed check,40.44,1725.34,4,279.5,1
CUST-000227,Male,0,Yes,No,50,Yes,Yes,DSL,No,Yes,Yes,No,Month-to-month,No,Mailed check,24.94,1018.66,0,223.3,0
CUST-000228,Male,0,No,Yes,32,Yes,No,No,No,No internet service,No,No,Two year,No,Bank transfer,81.07,2189.03,4,280.0,0
CUST-000229,Male,0,No,No,33,Yes,No,DSL,No internet service,No,No,No,Month-to-month,Yes,Electronic check,40.86,1080.91,2,263.9,0
CUST-000230,Male,1,Yes,No,30,No,No,DSL,Yes,No,No internet service,No internet service,Month-to-month,No,Credit card,151.1,3701.47,3,230.0,1
CUST-000231,Male,1,Yes,No,8,Yes,No,Fiber optic,No internet service,Yes,Yes,Yes,Month-to-month,Yes,Mailed check,127.26,905.71,1,252.1,1
CUST-000232,Female,1,No,No,50,Yes,No,Fiber optic,No,No,Yes,No internet service,Month-to-month,No,Electronic check,87.35,3345.63,0,157.9,1
CUST-000233,Female,0,No,No,60,Yes,No,Fiber optic,Yes,No,Yes,No internet service,Month-to-month,Yes,Credit card,92.36,4740.63,4,288.1,1
CUST-000234,Female,0,Yes,No,72,Yes,No phone service,Fiber optic,No internet service,Yes,Yes,Yes,One year,Yes,Mailed check,112.23,6875.71,2,254.8,0
CUST-000235,Female,0,Yes,No,11,Yes,Yes,Fiber optic,Yes,No,Yes,Yes,One year,Yes,Credit card,50.46,514.12,0,179.9,1
CUST-000236,Female,0,No,No,23,Yes,Yes,Fiber optic,No,No,No,No internet service,Month-to-month,No,Mailed check,139.78,2648.51,2,278.7,1
CUST-000237,Female,0,Yes,Yes,9,Yes,Yes,No,No,Yes,No internet service,No,Month-to-month,No,Credit card,144.68,1011.86,1,198.0,0
CUST-000238,Male,0,Yes,No,27,No,No,DSL,No,No,No internet service,No,Two year,Yes,Bank transfer,136.18,2857.45,2,344.8,1
CUST-000239,Female,0,Yes,No,21,Yes,No,Fiber optic,No,Yes,No internet service,No,Month-to-month,Yes,Mailed check,97.16,1832.44,2,194.7,1
CUST-000240,Male,0,Yes,No,45,Yes,Yes,Fiber optic,No internet service,No,Yes,No,Two year,Yes,Bank transfer,44.57,1728.56,3,183.9,1
CUST-000241,Female,0,Yes,Yes,60,Yes,No phone service,DSL,Yes,Yes,No,Yes,Two year,Yes,Credit card,84.73,3801.71,4,156.9,0
CUST-000242,Female,0,Yes,Yes,3,Yes,No,DSL,No,No,No,Yes,Month-to-month,No,Credit card,81.94,179.2,2,147.6,1
CUST-000243,Male,0,No,Yes,60,Yes,Yes,Fiber optic,No,Yes,Yes,Yes,Two year,No,Electronic check,90.6,4753.48,1,149.3,1
CUST-000244,Male,1,Yes,Yes,61,No,No phone service,Fiber optic,No internet service,Yes,Yes,No,Month-to-month,Yes,Bank transfer,98.12,4693.8,3,151.6,1
CUST-000245,Male,1,No,No,22,Yes,No,DSL,Yes,No,Yes,No,Two year,Yes,Electronic check,49.55,869.4,1,68.1,0
CUST-000246,Male,0,Yes,No,16,Yes,No,Fiber optic,Yes,Yes,No internet service,No internet service,Month-to-month,Yes,Bank transfer,19.98,279.13,0,77.9,0
CUST-000247,Female,0,Yes,Yes,55,Yes,Yes,DSL,No,No,Yes,No internet service,Month-to-month,Yes,Credit card,101.45,4283.82,3,162.1,1
CUST-000248,Male,0,No,No,5,Yes,Yes,DSL,Yes,Yes,No,No,Month-to-month,Yes,Mailed check,23.48,104.19,0,168.7,0
CUST-000249,Male,0,No,No,13,Yes,Yes,Fiber optic,Yes,No,No,No internet service,One year,Yes,Electronic check,73.35,815.57,3,2.4,1
CUST-000250,Male,0,Yes,Yes,16,No,No,Fiber optic,Yes,No internet service,Yes,Yes,Two year,No,Credit card,104.88,1360.98,3,190.4,0
CUST-000251,Male,0,Yes,Yes,40,Yes,Yes,Fiber optic,No,No internet service,No internet service,No,Month-to-month,Yes,Bank transfer,90.14,2737.22,2,52.6,0
CUST-000252,Male,0,No,No,43,Yes,No,No,No,No,Yes,No,One year,Yes,Electronic check,87.17,3001.48,2,106.7,1
CUST-000253,Female,0,No,No,42,Yes,Yes,Fiber optic,No,No,Yes,No,Month-to-month,Yes,Credit card,104.85,3812.47,1,183.8,1
CUST-000254,Male,0,Yes,Yes,24,Yes,No,No,No internet service,No,No,No,Month-to-month,Yes,Bank transfer,145.77,2697.38,3,119.9,1
CUST-000255,Female,0,Yes,No,56,Yes,No,Fiber optic,No,No internet service,No internet service,No internet service,One year,Yes,Electronic check,135.25,5629.29,5,98.8,1
CUST-000256,Female,0,No,Yes,72,Yes,Yes,Fiber optic,No internet service,No,Yes,No,Month-to-month,No,Mailed check,58.48,3364.29,1,225.2,1
CUST-000257,Female,0,Yes,No,19,Yes,Yes,No,No internet service,No,Yes,No,One year,No,Electronic check,99.58,1534.71,3,366.5,0
CUST-000258,Male,0,No,Yes,72,Yes,No,DSL,No,Yes,No,No,One year,Yes,Electronic check,104.44,6408.6,3,243.2,0
CUST-000259,Female,1,No,No,50,Yes,Yes,Fiber optic,No,No,No,No,Month-to-month,Yes,Mailed check,45.74,1757.57,2,268.5,1
CUST-000260,Male,0,Yes,No,47,Yes,No phone service,DSL,Yes,No,No,Yes,Month-to-month,Yes,Credit card,172.92,6243.91,3,186.3,1
CUST-000261,Male,0,No,Yes,27,No,Yes,DSL,No internet service,Yes,Yes,Yes,Month-to-month,No,Bank transfer,108.55,2263.97,5,133.9,1
CUST-000262,Female,1,Yes,No,33,Yes,No,Fiber optic,No,No,No,Yes,Month-to-month,No,Credit card,37.64,948.21,2,6.2,1
CUST-000263,Male,0,No,Yes,32,Yes,No phone service,Fiber optic,No internet service,Yes,No internet service,No,Two year,Yes,Mailed check,131.68,3697.39,2,167.3,1
CUST-000264,Male,0,No,Yes,72,No,No,Fiber optic,Yes,No,No internet service,No,One year,Yes,Electronic check,135.15,6860.06,1,275.4,1
CUST-000265,Male,0,Yes,No,19,Yes,Yes,DSL,No,No,No,Yes,One year,Yes,Mailed check,67.52,1125.77,1,46.5,1
CUST-000266,Female,0,No,No,14,Yes,No phone service,No,No,No internet service,No internet service,Yes,Month-to-month,No,Electronic check,82.45,980.58,2,153.9,1
CUST-000267,Female,0,Yes,Yes,16,Yes,Yes,Fiber optic,Yes,Yes,No,Yes,Month-to-month,Yes,Electronic check,125.49,1513.74,1,241.0,0
CUST-000268,Male,0,No,No,30,Yes,Yes,Fiber optic,No internet service,No,Yes,Yes,Two year,Yes,Bank transfer,40.92,1064.68,3,178.0,0
CUST-000269,Male,0,Yes,No,34,Yes,No,Fiber optic,Yes,No,No,Yes,Month-to-month,No,Mailed check,171.47,4823.81,2,208.8,1
CUST-000270,Male,0,No,Yes,14,Yes,Yes,Fiber optic,Yes,Yes,No internet service,Yes,Month-to-month,No,Credit card,19.46,259.44,3,314.1,1
CUST-000271,Female,1,Yes,No,72,Yes,Yes,Fiber optic,Yes,No,No,Yes,Month-to-month,No,Bank transfer,121.46,8177.85,3,152.5,1
CUST-000272,Female,0,No,No,15,Yes,No,Fiber optic,No,Yes,No,No,One year,Yes,Electronic check,58.65,661.87,1,190.1,1
CUST-000273,Male,0,Yes,Yes,20,Yes,No,Fiber optic,No,Yes,No,Yes,One year,Yes,Mailed check,82.13,1272.16,5,300.6,0
CUST-000274,Male,0,No,Yes,36,Yes,Yes,Fiber optic,No internet service,No,No,No,Month-to-month,Yes,Mailed check,70.79,2072.83,1,225.9,0
CUST-000275,Male,1,No,Yes,45,Yes,No,DSL,No,Yes,Yes,No,Month-to-month,No,Mailed check,79.07,2926.96,1,113.6,0
CUST-000276,Female,0,No,Yes,8,No,No phone service,DSL,Yes,Yes,No internet service,No,Month-to-month,No,Mailed check,127.24,906.18,1,195.6,0
CUST-000277,Female,0,No,No,72,Yes,No,Fiber optic,Yes,No,No internet service,No,Month-to-month,No,Bank transfer,89.31,5144.69,2,312.1,1
CUST-000278,Male,0,No,No,26,Yes,No,Fiber optic,No internet service,No,No internet service,No,Month-to-month,No,Electronic check,181.49,4212.61,1,220.6,1
CUST-000279,Male,1,No,No,72,Yes,Yes,Fiber optic,Yes,No internet service,Yes,No,Month-to-month,Yes,Bank transfer,118.23,6532.46,1,107.8,1
CUST-000280,Male,0,No,Yes,36,Yes,Yes,DSL,Yes,Yes,No internet service,Yes,Month-to-month,Yes,Credit card,89.1,2727.99,1,102.4,0
CUST-000281,Male,1,No,No,18,Yes,No,No,Yes,No internet service,No,No,Month-to-month,Yes,Electronic check,73.8,1046.54,1,181.0,1
CUST-000282,Female,0,Yes,No,46,Yes,No,Fiber optic,Yes,Yes,Yes,No,Month-to-month,No,Bank transfer,66.05,2748.9,3,152.1,1
CUST-000283,Female,1,No,Yes,72,Yes,Yes,Fiber optic,No,No,No,No internet service,Month-to-month,Yes,Mailed check,90.31,4832.14,5,301.4,1
CUST-000284,Male,0,No,No,54,Yes,No,No,No,Yes,No,No internet service,Two year,Yes,Bank transfer,140.8,5773.99,1,238.5,0
CUST-000285,Female,0,No,No,56,Yes,Yes,DSL,Yes,No internet service,No,No internet service,One year,No,Electronic check,78.02,3586.97,1,302.7,0
CUST-000286,Male,0,No,No,17,Yes,No,DSL,No,Yes,No internet service,Yes,Month-to-month,Yes,Bank transfer,76.02,990.65,3,147.4,1
CUST-000287,Male,0,Yes,No,37,Yes,Yes,No,No internet service,No,No internet service,No,Month-to-month,No,Bank transfer,97.41,3313.57,2,173.0,1
CUST-000288,Female,0,No,Yes,9,Yes,Yes,Fiber optic,Yes,No,No internet service,No,Month-to-month,Yes,Electronic check,96.67,697.46,5,238.7,1
CUST-000289,Female,1,No,No,41,Yes,Yes,DSL,No,No,No,Yes,Month-to-month,Yes,Electronic check,21.08,768.63,4,194.0,0
CUST-000290,Female,0,Yes,Yes,30,Yes,No,Fiber optic,No internet service,No,No,No internet service,Month-to-month,No,Electronic check,84.7,1918.68,3,276.8,0
CUST-000291,Female,0,No,Yes,32,Yes,No,Fiber optic,Yes,Yes,No,No internet service,Month-to-month,No,Credit card,86.27,2329.71,3,133.2,1
CUST-000292,Male,0,No,No,26,Yes,Yes,DSL,No,No,No,No,Month-to-month,No,Mailed check,78.82,1907.17,1,318.6,1
CUST-000293,Male,0,No,Yes,25,Yes,No,Fiber optic,No,No,No,No,Month-to-month,No,Electronic check,70.15,1294.87,0,141.9,1
CUST-000294,Female,0,No,No,14,No,Yes,DSL,No,No,No internet service,No,One year,Yes,Electronic check,137.94,1740.17,3,68.4,1
CUST-000295,Male,0,No,No,22,Yes,No,Fiber optic,Yes,Yes,No,No,One year,Yes,Electronic check,98.15,1913.63,1,111.8,0
CUST-000296,Female,0,No,No,67,Yes,No,Fiber optic,No,No,Yes,Yes,Month-to-month,Yes,Bank transfer,136.66,8099.9,4,209.2,1
CUST-000297,Female,0,Yes,No,23,Yes,Yes,Fiber optic,No,Yes,No,No internet service,Month-to-month,Yes,Credit card,57.89,969.61,4,201.8,1
CUST-000298,Female,0,No,No,32,Yes,No,Fiber optic,No,No,No,No,Month-to-month,No,Bank transfer,129.24,3093.46,2,213.4,1
CUST-000299,Male,0,No,No,17,Yes,No,Fiber optic,No,No,Yes,No,Two year,Yes,Credit card,99.26,1448.99,3,282.2,0
CUST-000300,Male,0,No,Yes,44,Yes,No,Fiber optic,No,Yes,No,Yes,Month-to-month,No,Mailed check,62.3,2085.13,3,310.8,1
CUST-000301,Male,0,Yes,No,18,Yes,Yes,Fiber optic,No,No,No internet service,Yes,Month-to-month,No,Mailed check,98.07,1489.51,1,179.1,1
CUST-000302,Female,0,Yes,No,63,Yes,Yes,Fiber optic,Yes,No,Yes,Yes,Month-to-month,Yes,Electronic check,113.38,5718.84,2,181.3,1
CUST-000303,Male,0,Yes,No,18,Yes,No,Fiber optic,No,No,No,Yes,One year,Yes,Electronic check,170.58,2328.96,0,53.8,1
CUST-000304,Female,0,No,No,7,Yes,No,DSL,No internet service,Yes,Yes,No internet service,Month-to-month,No,Credit card,113.41,602.7,4,206.7,1
CUST-000305,Female,0,Yes,No,23,Yes,Yes,DSL,Yes,No internet service,Yes,No,Month-to-month,No,Bank transfer,106.58,1963.92,1,212.6,0
CUST-000306,Female,1,Yes,Yes,7,Yes,Yes,No,No,No,No,Yes,Two year,Yes,Electronic check,150.85,783.27,1,0.0,0
CUST-000307,Male,0,Yes,Yes,48,Yes,Yes,DSL,No,Yes,No,No,Two year,No,Bank transfer,80.74,3028.0,5,212.2,0
CUST-000308,Male,0,Yes,Yes,17,Yes,Yes,Fiber optic,No internet service,No,No,No,One year,No,Electronic check,140.59,1855.35,0,317.5,1
CUST-000309,Male,0,Yes,Yes,72,Yes,No,Fiber optic,No,No,No,No,Two year,Yes,Credit card,122.07,7560.0,4,258.2,1
CUST-000310,Female,0,No,Yes,23,Yes,Yes,Fiber optic,No,No,No,No internet service,Month-to-month,Yes,Mailed check,34.28,686.34,3,148.3,1
CUST-000311,Male,0,Yes,No,22,Yes,No,Fiber optic,No,No,No,Yes,One year,Yes,Electronic check,136.23,2746.6,4,367.1,1
CUST-000312,Female,1,No,Yes,23,Yes,No,DSL,No,No,Yes,Yes,Two year,No,Electronic check,99.74,1781.36,2,147.3,0
CUST-000313,Female,0,No,No,58,Yes,Yes,Fiber optic,Yes,No,Yes,No internet service,One year,No,Credit card,66.78,3148.21,0,164.9,0
CUST-000314,Male,0,No,No,2,Yes,Yes,No,No internet service,No,No internet service,No,Two year,No,Mailed check,146.04,242.66,3,138.8,0
CUST-000315,Female,1,Yes,No,39,Yes,Yes,Fiber optic,No,No,No,No internet service,One year,Yes,Electronic check,84.62,2946.42,1,225.3,0
CUST-000316,Male,1,Yes,No,72,No,No,Fiber optic,Yes,No,No internet service,No,One year,No,Bank transfer,140.71,8770.98,4,26.3,1
CUST-000317,Female,0,Yes,No,31,Yes,Yes,Fiber optic,No internet service,No,No,No,One year,No,Credit card,140.22,3679.9,3,154.8,1
CUST-000318,Female,0,No,No,9,Yes,No,Fiber optic,No,Yes,Yes,No,Month-to-month,Yes,Mailed check,82.1,527.26,1,4.7,1
CUST-000319,Female,0,No,Yes,72,No,No,Fiber optic,No,Yes,No,Yes,Month-to-month,No,Credit card,134.53,8435.56,2,55.9,0
CUST-000320,Female,0,Yes,No,40,Yes,Yes,Fiber optic,No,Yes,Yes,No internet service,Month-to-month,No,Electronic check,93.85,2642.24,2,82.5,1
CUST-000321,Female,1,No,Yes,72,No,No,Fiber optic,No,No,No,Yes,Two year,Yes,Electronic check,33.93,1890.28,5,218.2,1
CUST-000322,Female,0,Yes,No,35,Yes,No,Fiber optic,No,No,Yes,No,Month-to-month,Yes,Electronic check,76.88,2509.19,3,53.8,1
CUST-000323,Male,0,No,No,20,Yes,Yes,No,No internet service,No,Yes,No internet service,Two year,No,Electronic check,77.61,1362.7,2,236.3,0
CUST-000324,Male,0,No,No,25,Yes,No,Fiber optic,Yes,Yes,No,No,Month-to-month,No,Electronic check,109.09,2009.56,1,435.5,1
CUST-000325,Female,0,Yes,Yes,30,Yes,Yes,Fiber optic,No,No internet service,Yes,No,Two year,No,Credit card,144.18,3683.49,1,96.2,1
CUST-000326,Male,0,Yes,No,47,Yes,Yes,No,No,No,Yes,No internet service,Month-to-month,Yes,Credit card,76.34,2792.23,1,227.0,0
CUST-000327,Female,0,No,No,18,Yes,Yes,Fiber optic,No internet service,No,Yes,Yes,Two year,No,Mailed check,163.56,2103.96,2,296.3,1
CUST-000328,Male,0,Yes,Yes,29,Yes,No,DSL,Yes,No,Yes,Yes,One year,Yes,Credit card,35.8,901.03,1,188.0,0
CUST-000329,Female,1,Yes,No,10,No,Yes,Fiber optic,Yes,No,No internet service,Yes,Month-to-month,No,Bank transfer,152.07,1187.63,5,54.0,1
CUST-000330,Female,1,No,No,24,Yes,Yes,Fiber optic,No internet service,No,No,No internet service,Month-to-month,Yes,Credit card,109.21,2066.43,5,218.5,1
CUST-000331,Female,0,Yes,No,36,Yes,No,Fiber optic,No,No,No internet service,No internet service,One year,No,Credit card,77.59,2304.34,3,117.1,0
CUST-000332,Male,0,No,No,49,Yes,Yes,DSL,No,No,Yes,No,One year,No,Bank transfer,62.84,2613.49,1,184.3,0
CUST-000333,Male,0,Yes,Yes,47,Yes,Yes,Fiber optic,No,Yes,Yes,No,Month-to-month,Yes,Electronic check,70.82,2809.25,2,147.9,0
CUST-000334,Male,0,No,No,72,Yes,Yes,Fiber optic,No,No,Yes,Yes,One year,Yes,Credit card,62.45,3391.59,2,163.0,1
CUST-000335,Female,0,No,Yes,17,Yes,Yes,Fiber optic,No,No internet service,No,Yes,Month-to-month,No,Credit card,107.17,1535.49,2,0.0,1
CUST-000336,Male,0,Yes,Yes,12,No,Yes,Fiber optic,No,Yes,No,No,One year,Yes,Mailed check,101.51,1091.69,0,48.5,1
CUST-000337,Female,0,Yes,Yes,26,Yes,Yes,Fiber optic,No,No,No,Yes,Month-to-month,Yes,Electronic check,85.86,1925.73,1,271.5,1
CUST-000338,Male,0,Yes,No,39,Yes,No,DSL,Yes,Yes,No,Yes,Month-to-month,Yes,Credit card,79.07,2697.43,5,43.7,1
CUST-000339,Male,0,No,No,23,Yes,No,No,No,No,No internet service,No internet service,Two year,Yes,Electronic check,59.46,1067.95,3,201.3,0
CUST-000340,Male,0,No,No,9,Yes,Yes,Fiber optic,Yes,No,Yes,No,One year,Yes,Credit card,158.87,1083.19,3,134.3,1
CUST-000341,Female,0,No,No,29,Yes,Yes,DSL,Yes,Yes,Yes,Yes,Two year,Yes,Mailed check,31.56,825.41,5,212.2,1
CUST-000342,Male,0,Yes,No,13,Yes,Yes,Fiber optic,No,No,No,Yes,Month-to-month,Yes,Electronic check,23.47,260.05,4,204.4,1
CUST-000343,Male,1,No,No,30,Yes,No,DSL,No internet service,No,No internet service,Yes,Two year,Yes,Credit card,51.0,1259.28,3,116.8,0
CUST-000344,Male,0,No,Yes,6,Yes,No,No,No internet service,No,No,Yes,One year,No,Credit card,92.96,466.0,1,275.6,1
CUST-000345,Female,0,Yes,Yes,56,Yes,Yes,Fiber optic,No internet service,No internet service,Yes,No,Month-to-month,Yes,Credit card,88.71,4278.07,2,308.7,0
CUST-000346,Female,0,No,Yes,9,Yes,Yes,Fiber optic,No,No,No,Yes,Two year,Yes,Bank transfer,114.88,855.94,3,196.1,1
CUST-000347,Female,0,Yes,No,16,Yes,Yes,Fiber optic,Yes,No,No,No,Month-to-month,Yes,Electronic check,97.51,1290.87,1,81.5,1
CUST-000348,Female,0,No,No,65,Yes,No,Fiber optic,No internet service,No internet service,Yes,No internet service,Month-to-month,Yes,Mailed check,133.85,7897.28,0,354.3,0
CUST-000349,Female,0,Yes,Yes,32,Yes,No,Fiber optic,Yes,No,Yes,No,Two year,Yes,Electronic check,91.42,2403.49,3,91.1,0
CUST-000350,Female,0,Yes,Yes,67,Yes,No,Fiber optic,No,Yes,No,No internet service,Month-to-month,Yes,Mailed check,107.02,6515.69,2,228.4,1
CUST-000351,Male,0,Yes,Yes,41,Yes,Yes,Fiber optic,No internet service,No,No,No internet service,Month-to-month,Yes,Mailed check,153.42,5728.06,1,268.8,1
CUST-000352,Female,0,No,No,46,Yes,Yes,Fiber optic,Yes,No internet service,Yes,No internet service,Month-to-month,No,Electronic check,35.14,1459.2,5,94.9,1
CUST-000353,Female,0,Yes,Yes,27,No,No phone service,Fiber optic,No,No,Yes,No,Month-to-month,Yes,Electronic check,49.91,1219.6,2,354.4,1
CUST-000354,Female,0,Yes,No,71,Yes,No,Fiber optic,No,No internet service,No,Yes,Month-to-month,Yes,Credit card,100.2,6012.07,1,165.7,1
CUST-000355,Male,1,Yes,No,26,Yes,Yes,DSL,Yes,No,Yes,No internet service,Month-to-month,Yes,Bank transfer,115.85,2185.3,1,329.2,1
CUST-000356,Female,0,Yes,Yes,10,Yes,Yes,Fiber optic,Yes,No,No internet service,No,Month-to-month,Yes,Mailed check,118.58,981.42,3,1.7,1
CUST-000357,Female,1,Yes,No,72,Yes,No phone service,No,Yes,Yes,No internet service,No,Month-to-month,Yes,Electronic check,105.08,5588.68,0,131.8,1
CUST-000358,Female,0,Yes,No,67,Yes,No,DSL,No internet service,Yes,No,No,One year,Yes,Bank transfer,130.73,7589.8,5,9.0,1
CUST-000359,Male,0,Yes,No,16,Yes,Yes,Fiber optic,Yes,No,No,No,Month-to-month,Yes,Mailed check,112.15,1602.75,4,76.8,1
CUST-000360,Female,0,Yes,No,13,Yes,No,Fiber optic,No internet service,Yes,No,Yes,Two year,No,Electronic check,104.73,1109.73,2,376.0,0
CUST-000361,Male,0,No,No,72,Yes,Yes,Fiber optic,No,No,No internet service,Yes,Month-to-month,Yes,Electronic check,99.42,5553.37,1,186.9,1
CUST-000362,Female,0,Yes,No,44,Yes,Yes,Fiber optic,No,Yes,Yes,No internet service,Month-to-month,Yes,Electronic check,79.62,3216.86,1,257.9,0
CUST-000363,Male,0,Yes,Yes,19,Yes,No,DSL,Yes,Yes,No internet service,Yes,Month-to-month,Yes,Mailed check,76.2,1149.89,3,0.0,0
CUST-000364,Female,0,No,No,30,Yes,Yes,Fiber optic,No internet service,No internet service,No,No,Month-to-month,Yes,Mailed check,133.94,3519.23,4,94.8,1
CUST-000365,Male,0,Yes,No,15,Yes,Yes,Fiber optic,Yes,No,Yes,No,Month-to-month,No,Electronic check,105.47,1387.95,4,273.2,1
CUST-000366,Female,0,No,No,39,Yes,Yes,Fiber optic,No internet service,No,No,No,Month-to-month,Yes,Electronic check,136.78,4585.48,3,310.4,1
CUST-000367,Male,0,Yes,No,72,Yes,No phone service,Fiber optic,Yes,No internet service,No,Yes,Month-to-month,Yes,Bank transfer,149.81,8780.45,2,164.6,0
CUST-000368,Female,0,No,No,72,Yes,No,Fiber optic,Yes,Yes,No internet service,No,Month-to-month,Yes,Mailed check,117.49,7050.89,2,186.6,1
CUST-000369,Male,0,No,No,28,Yes,No,Fiber optic,No,No,No,No,Two year,No,Mailed check,99.98,2433.34,3,128.4,1
CUST-000370,Male,0,No,No,38,Yes,Yes,Fiber optic,Yes,No internet service,No,Yes,Month-to-month,No,Credit card,62.88,1880.92,0,205.3,1
CUST-000371,Male,0,No,Yes,36,Yes,No,Fiber optic,Yes,Yes,No internet service,No,Two year,Yes,Bank transfer,79.79,2597.42,1,152.9,0
CUST-000372,Female,0,Yes,No,44,Yes,No,DSL,No internet service,Yes,Yes,No,Month-to-month,No,Bank transfer,89.21,3338.59,4,191.4,1
CUST-000373,Male,0,No,No,24,Yes,No,Fiber optic,No,Yes,Yes,Yes,Month-to-month,Yes,Electronic check,99.39,1832.96,0,257.0,1
CUST-000374,Male,0,Yes,No,15,Yes,No,DSL,No,Yes,Yes,Yes,Month-to-month,No,Mailed check,104.27,1142.85,1,272.2,1
CUST-000375,Female,0,No,Yes,42,Yes,No,DSL,Yes,No,Yes,No,Two year,Yes,Bank transfer,148.29,5284.42,1,243.0,1
CUST-000376,Female,0,No,No,18,Yes,Yes,Fiber optic,No,Yes,No,Yes,Month-to-month,Yes,Electronic check,41.68,549.62,3,351.3,1
CUST-000377,Male,1,Yes,No,72,No,No,DSL,No internet service,Yes,Yes,No,One year,Yes,Mailed check,60.12,4015.71,0,224.8,0
CUST-000378,Male,1,Yes,Yes,16,Yes,No,Fiber optic,No,No,Yes,No,Month-to-month,Yes,Mailed check,29.97,416.73,2,351.9,1
CUST-000379,Male,0,No,No,19,Yes,No,Fiber optic,No internet service,No internet service,Yes,No internet service,Month-to-month,No,Electronic check,23.94,370.75,4,313.2,0
CUST-000380,Male,0,No,No,56,Yes,No phone service,No,No internet service,Yes,No internet service,No,One year,No,Mailed check,163.91,8380.43,0,162.2,0
CUST-000381,Male,0,No,No,50,Yes,Yes,No,No internet service,Yes,Yes,No,One year,Yes,Bank transfer,108.49,3994.25,3,273.5,1
CUST-000382,Female,0,Yes,Yes,12,Yes,Yes,No,No,No internet service,Yes,No,Two year,Yes,Electronic check,134.43,1370.1,2,129.9,0
CUST-000383,Female,1,Yes,No,49,Yes,Yes,Fiber optic,No,No internet service,No internet service,Yes,One year,Yes,Credit card,60.92,2150.66,6,133.6,1
CUST-000384,Male,0,No,Yes,72,Yes,No,Fiber optic,Yes,Yes,No internet service,No,Month-to-month,Yes,Electronic check,127.45,7114.12,2,139.9,1
CUST-000385,Female,0,Yes,No,49,Yes,Yes,Fiber optic,Yes,No,No,No,Two year,Yes,Electronic check,76.64,3032.77,2,125.6,1
CUST-000386,Female,0,No,No,28,Yes,Yes,Fiber optic,No,No,No,No internet service,Month-to-month,No,Credit card,26.87,597.99,2,157.5,0
CUST-000387,Female,0,No,No,34,Yes,Yes,Fiber optic,No internet service,Yes,No,No,Month-to-month,Yes,Electronic check,164.51,4626.66,2,266.7,1
CUST-000388,Male,0,No,No,12,Yes,No,Fiber optic,No,No,No,No internet service,Month-to-month,No,Credit card,117.29,1213.64,1,134.1,1
CUST-000389,Female,0,Yes,No,26,Yes,No phone service,Fiber optic,No internet service,No,No,No internet service,One year,No,Mailed check,51.81,1118.21,1,47.7,0
CUST-000390,Female,0,No,No,41,Yes,Yes,Fiber optic,Yes,Yes,No,No,Month-to-month,Yes,Credit card,60.68,2049.25,3,0.0,1
CUST-000391,Male,0,Yes,Yes,35,Yes,Yes,Fiber optic,Yes,Yes,No internet service,No,Month-to-month,Yes,Credit card,129.08,3674.59,2,286.4,1
CUST-000392,Male,0,No,No,19,Yes,Yes,Fiber optic,No,No,Yes,Yes,Month-to-month,No,Bank transfer,131.59,2253.31,3,155.0,1
CUST-000393,Female,1,Yes,No,66,Yes,No,DSL,No,No,Yes,No internet service,One year,Yes,Electronic check,99.27,5542.06,1,107.8,0
CUST-000394,Male,0,No,No,16,Yes,No,DSL,Yes,Yes,No,Yes,Month-to-month,No,Mailed check,159.01,1871.54,2,58.5,0
CUST-000395,Female,1,Yes,No,61,Yes,Yes,Fiber optic,Yes,No,Yes,Yes,Month-to-month,No,Electronic check,115.08,6478.38,1,295.4,1
CUST-000396,Female,1,No,Yes,72,Yes,No phone service,DSL,No internet service,No internet service,No,No internet service,Month-to-month,No,Electronic check,32.24,1725.07,1,21.5,0
CUST-000397,Male,0,Yes,No,6,Yes,Yes,No,No,Yes,No,Yes,Two year,Yes,Bank transfer,132.07,683.41,2,156.5,0
CUST-000398,Female,1,Yes,Yes,30,Yes,No,DSL,Yes,No,No,Yes,Month-to-month,No,Mailed check,46.44,1147.12,4,275.0,1
CUST-000399,Female,0,Yes,No,28,Yes,No,Fiber optic,No,No internet service,No,No,One year,No,Electronic check,93.05,2205.17,2,78.3,1
CUST-000400,Male,0,No,Yes,24,Yes,No,No,Yes,No,Yes,Yes,Month-to-month,No,Mailed check,125.62,2680.75,0,104.1,1
CUST-000401,Female,0,No,Yes,13,No,Yes,Fiber optic,Yes,No,Yes,Yes,Month-to-month,Yes,Credit card,59.02,684.33,0,127.2,1
CUST-000402,Female,0,Yes,No,30,Yes,No,DSL,Yes,No,No,No,Month-to-month,Yes,Credit card,105.9,2314.04,2,248.6,1
CUST-000403,Male,0,No,No,7,Yes,No phone service,Fiber optic,No,No,No internet service,No,Month-to-month,Yes,Electronic check,161.46,1030.59,4,203.2,1
CUST-000404,Male,0,No,No,18,Yes,Yes,DSL,No,No,No,No,Two year,No,Credit card,59.99,795.86,2,277.8,0
CUST-000405,Female,0,Yes,No,29,Yes,Yes,Fiber optic,No,Yes,No internet service,No,Month-to-month,Yes,Bank transfer,38.93,990.7,3,229.7,1
CUST-000406,Female,0,Yes,No,30,Yes,No,Fiber optic,Yes,No,Yes,No internet service,Month-to-month,Yes,Electronic check,89.09,2247.11,3,248.1,1
CUST-000407,Female,0,Yes,No,24,No,No,DSL,No internet service,Yes,Yes,Yes,Month-to-month,Yes,Bank transfer,138.28,2971.68,1,137.9,0
CUST-000408,Male,1,No,No,39,Yes,Yes,DSL,No,Yes,No,No internet service,One year,No,Electronic check,99.84,3003.5,0,270.6,0
CUST-000409,Female,0,Yes,No,44,Yes,No,Fiber optic,No,No,No internet service,Yes,One year,Yes,Credit card,104.51,4067.35,2,403.5,1
CUST-000410,Male,0,Yes,No,11,Yes,Yes,DSL,No,No,No,Yes,One year,Yes,Mailed check,95.02,850.43,4,190.8,1
CUST-000411,Female,1,No,No,70,Yes,Yes,Fiber optic,No,No,Yes,No,Month-to-month,Yes,Credit card,147.32,9379.57,0,237.6,1
CUST-000412,Female,0,No,No,45,Yes,No,Fiber optic,No internet service,No,No internet service,No internet service,Month-to-month,Yes,Credit card,89.21,3132.4,6,171.5,1
CUST-000413,Male,0,No,No,38,Yes,Yes,DSL,No,No,No internet service,No internet service,Month-to-month,Yes,Mailed check,79.72,2415.38,4,259.7,1
CUST-000414,Male,0,Yes,No,18,Yes,No phone service,Fiber optic,Yes,No,No,No,Month-to-month,Yes,Electronic check,111.07,1728.86,5,164.1,1
CUST-000415,Male,0,No,No,19,Yes,Yes,Fiber optic,No,Yes,Yes,Yes,Month-to-month,Yes,Electronic check,82.9,1233.1,3,0.0,0
CUST-000416,Male,0,Yes,No,59,Yes,No,DSL,Yes,No,Yes,Yes,Month-to-month,No,Electronic check,109.15,5685.42,2,280.9,1
CUST-000417,Male,0,No,No,38,Yes,Yes,Fiber optic,No,Yes,No internet service,No,One year,No,Mailed check,102.56,2824.38,2,203.6,0
CUST-000418,Male,0,No,No,72,Yes,No,Fiber optic,No,No internet service,Yes,No,One year,No,Bank transfer,33.9,1915.48,0,238.5,0
CUST-000419,Female,0,Yes,Yes,10,Yes,Yes,Fiber optic,Yes,No,Yes,Yes,Two year,No,Credit card,60.51,549.2,0,181.3,0
CUST-000420,Male,0,Yes,No,30,Yes,Yes,DSL,No,No,No internet service,Yes,Two year,Yes,Bank transfer,20.58,554.32,2,249.2,0
CUST-000421,Male,0,No,No,5,Yes,Yes,Fiber optic,No,No,No,No,Month-to-month,Yes,Mailed check,96.56,386.35,1,99.5,1
CUST-000422,Female,0,Yes,Yes,34,Yes,Yes,Fiber optic,No,No,No internet service,Yes,Month-to-month,No,Electronic check,140.23,3659.62,1,280.8,1
CUST-000423,Male,0,No,Yes,50,Yes,No,Fiber optic,Yes,No,No,No,Month-to-month,Yes,Mailed check,112.78,5261.08,4,182.4,1
CUST-000424,Female,1,Yes,No,47,Yes,No,Fiber optic,No,No internet service,No,Yes,One year,No,Credit card,82.58,3603.11,1,37.8,1
CUST-000425,Male,0,Yes,No,42,Yes,Yes,DSL,No internet service,No internet service,Yes,No,Month-to-month,Yes,Electronic check,136.36,4585.59,1,75.9,1
CUST-000426,Female,0,Yes,No,18,Yes,No,DSL,Yes,No,Yes,No,Month-to-month,No,Bank transfer,145.32,2188.14,1,190.1,1
CUST-000427,Male,0,No,No,11,Yes,Yes,No,No,No,No,No,Month-to-month,No,Bank transfer,171.51,1401.69,2,212.1,1
CUST-000428,Female,0,Yes,Yes,19,Yes,No,No,No,No,No internet service,No,Month-to-month,Yes,Bank transfer,39.41,641.1,1,275.2,1
CUST-000429,Female,0,Yes,Yes,45,Yes,No phone service,Fiber optic,No,No,No,No,Month-to-month,No,Mailed check,91.23,3095.26,3,209.9,1
CUST-000430,Male,1,Yes,Yes,55,Yes,Yes,Fiber optic,No,No,Yes,No internet service,One year,Yes,Credit card,34.82,1500.95,4,270.4,1
CUST-000431,Male,1,No,No,9,Yes,Yes,Fiber optic,No,No,No,Yes,Two year,No,Bank transfer,156.86,1232.16,3,298.0,1
CUST-000432,Female,0,Yes,Yes,63,Yes,Yes,Fiber optic,No internet service,No,Yes,Yes,Month-to-month,Yes,Bank transfer,124.72,6434.43,1,85.2,1
CUST-000433,Female,0,Yes,Yes,61,Yes,No phone service,No,No,No,No,Yes,Month-to-month,Yes,Electronic check,34.46,1615.78,1,9.9,0
CUST-000434,Male,0,No,No,36,Yes,No,Fiber optic,No,No,Yes,No internet service,Month-to-month,Yes,Electronic check,116.78,3521.67,0,77.8,1
CUST-000435,Male,0,Yes,No,34,Yes,Yes,Fiber optic,No internet service,No,Yes,No,One year,Yes,Bank transfer,124.35,3632.06,5,232.9,1
CUST-000436,Female,0,Yes,No,14,Yes,Yes,Fiber optic,No internet service,No,No,No internet service,Month-to-month,Yes,Electronic check,47.34,521.76,2,188.4,1
CUST-000437,Female,0,Yes,Yes,27,Yes,Yes,No,Yes,Yes,No,Yes,Month-to-month,Yes,Mailed check,68.34,1511.67,2,0.0,1
CUST-000438,Female,0,No,No,11,Yes,No,No,Yes,No internet service,Yes,Yes,Month-to-month,Yes,Credit card,98.43,782.19,2,209.1,0
CUST-000439,Male,1,No,No,23,Yes,No,Fiber optic,No,No,No,Yes,Month-to-month,Yes,Credit card,88.83,1801.68,3,227.9,1
CUST-000440,Female,0,No,Yes,9,Yes,No,Fiber optic,No,No,Yes,Yes,Month-to-month,Yes,Mailed check,131.53,1020.32,3,132.4,1
CUST-000441,Male,1,No,Yes,71,Yes,No phone service,Fiber optic,No,No,No internet service,No,Two year,Yes,Credit card,69.26,4732.39,3,236.2,0
CUST-000442,Male,0,No,Yes,50,Yes,No,Fiber optic,No,Yes,No internet service,No,Month-to-month,Yes,Electronic check,141.19,5030.81,2,178.1,1
CUST-000443,Female,0,Yes,No,11,Yes,No,No,No internet service,Yes,Yes,Yes,Month-to-month,Yes,Credit card,113.62,1003.29,2,75.3,1
CUST-000444,Male,0,No,No,38,Yes,Yes,Fiber optic,No,No,Yes,No,One year,No,Electronic check,106.35,3538.19,2,0.0,1
CUST-000445,Female,0,Yes,No,43,No,No,DSL,No,No,No internet service,No internet service,Month-to-month,No,Mailed check,105.37,3543.2,1,72.8,1
CUST-000446,Male,0,No,No,22,Yes,No,DSL,Yes,No,Yes,No,One year,No,Mailed check,53.76,993.25,0,166.8,1
CUST-000447,Female,0,No,No,16,Yes,Yes,Fiber optic,No,No,No,No,Month-to-month,No,Electronic check,35.81,474.18,2,163.2,1
CUST-000448,Male,0,Yes,No,13,Yes,No,DSL,No,No,Yes,Yes,Month-to-month,Yes,Bank transfer,48.49,450.59,2,118.3,0
CUST-000449,Male,0,Yes,No,28,Yes,Yes,Fiber optic,No,No internet service,No internet service,Yes,Month-to-month,Yes,Bank transfer,90.34,2078.3,2,164.3,1
CUST-000450,Female,0,Yes,Yes,35,Yes,No phone service,Fiber optic,Yes,Yes,No,No internet service,One year,Yes,Mailed check,123.96,3867.64,2,233.6,1
CUST-000451,Male,0,No,Yes,14,Yes,No phone service,DSL,No,No,Yes,No,Month-to-month,Yes,Mailed check,45.51,592.2,2,115.7,1
CUST-000452,Male,0,Yes,Yes,44,Yes,No phone service,No,Yes,Yes,Yes,No internet service,Month-to-month,Yes,Bank transfer,102.35,3717.7,1,274.0,0
CUST-000453,Female,0,Yes,No,47,Yes,No,Fiber optic,No,No,No,No,Month-to-month,Yes,Electronic check,121.14,4695.88,2,157.5,1
CUST-000454,Male,0,Yes,No,45,No,No,Fiber optic,No,Yes,No internet service,No internet service,Month-to-month,Yes,Bank transfer,81.57,3346.24,0,231.7,1
CUST-000455,Female,0,Yes,No,72,Yes,Yes,Fiber optic,Yes,No,No internet service,No,Month-to-month,Yes,Electronic check,123.8,7896.56,1,248.9,1
CUST-000456,Female,0,Yes,Yes,41,Yes,Yes,Fiber optic,No,Yes,No internet service,Yes,Two year,Yes,Electronic check,86.94,3097.46,1,250.6,0
CUST-000457,Male,0,Yes,No,72,Yes,No,DSL,Yes,Yes,Yes,No internet service,Month-to-month,Yes,Bank transfer,111.23,6264.2,4,285.7,1
CUST-000458,Male,0,No,No,52,Yes,No,Fiber optic,Yes,No,Yes,Yes,Two year,Yes,Credit card,43.67,1868.1,2,63.5,0
CUST-000459,Male,0,No,Yes,14,Yes,No,DSL,No,No,Yes,No,Month-to-month,Yes,Mailed check,111.21,1200.05,4,82.7,1
CUST-000460,Male,0,No,Yes,55,Yes,Yes,DSL,No,Yes,No,Yes,Two year,Yes,Electronic check,96.73,4691.89,2,200.2,0
CUST-000461,Male,0,No,Yes,72,Yes,Yes,No,No internet service,No,Yes,Yes,Month-to-month,No,Mailed check,139.12,8427.79,5,129.9,1
CUST-000462,Female,0,Yes,No,72,Yes,No,Fiber optic,Yes,No,No,Yes,Month-to-month,Yes,Credit card,101.21,5659.7,0,193.2,1
CUST-000463,Female,1,Yes,No,72,Yes,No,Fiber optic,Yes,Yes,No,Yes,Month-to-month,Yes,Mailed check,81.37,4623.78,1,233.1,0
CUST-000464,Male,0,No,Yes,36,Yes,Yes,DSL,No,No,No internet service,No,Two year,No,Credit card,64.39,2086.73,5,226.4,0
CUST-000465,Female,1,Yes,No,40,Yes,No,DSL,No,Yes,Yes,Yes,Two year,Yes,Credit card,94.15,2985.77,3,14.7,1
CUST-000466,Male,0,No,No,30,Yes,Yes,Fiber optic,Yes,No,No internet service,Yes,Month-to-month,Yes,Electronic check,84.17,2193.98,5,102.3,1
CUST-000467,Female,0,No,No,58,Yes,No,Fiber optic,Yes,Yes,Yes,No,Month-to-month,No,Electronic check,41.06,1919.08,2,204.3,0
CUST-000468,Male,1,No,No,59,Yes,No,No,No,No,Yes,Yes,One year,No,Bank transfer,48.92,2522.11,2,77.2,0
CUST-000469,Female,0,Yes,No,63,Yes,Yes,Fiber optic,No,No internet service,Yes,No,Two year,No,Mailed check,72.76,4042.22,2,281.1,1
CUST-000470,Male,0,Yes,No,72,No,No,Fiber optic,No,No internet service,No internet service,No,Month-to-month,Yes,Credit card,92.13,5623.62,0,241.7,0
CUST-000471,Male,0,Yes,No,10,Yes,No,Fiber optic,No internet service,No,No,No internet service,Month-to-month,No,Bank transfer,60.65,479.12,3,261.3,1
CUST-000472,Male,0,No,No,36,Yes,No,Fiber optic,No internet service,Yes,No,No internet service,Month-to-month,Yes,Mailed check,80.35,2535.31,1,229.9,1
CUST-000473,Male,1,No,No,72,Yes,Yes,DSL,No,Yes,No internet service,No internet service,Month-to-month,Yes,Credit card,127.43,8236.19,1,132.6,1
CUST-000474,Male,0,No,No,29,Yes,Yes,Fiber optic,No,No,Yes,No internet service,Month-to-month,Yes,Credit card,85.25,2109.98,4,194.2,1
CUST-000475,Male,0,No,No,25,Yes,No,Fiber optic,No internet service,No,No internet service,No,Month-to-month,Yes,Electronic check,84.93,1735.01,2,407.5,1
CUST-000476,Male,0,Yes,No,35,Yes,Yes,DSL,No,Yes,Yes,No,Two year,Yes,Mailed check,145.41,4297.79,0,194.1,0
CUST-000477,Female,0,No,No,51,Yes,Yes,DSL,No,No internet service,No,No,Two year,Yes,Mailed check,135.98,4905.22,0,99.4,0
CUST-000478,Female,0,Yes,No,63,Yes,No,Fiber optic,No internet service,Yes,Yes,No internet service,Two year,No,Mailed check,85.6,3980.89,1,155.8,1
CUST-000479,Female,0,No,No,36,Yes,No,Fiber optic,No,Yes,Yes,Yes,Month-to-month,Yes,Electronic check,110.1,3290.11,3,233.0,0
CUST-000480,Female,0,No,No,35,No,Yes,DSL,No,No internet service,Yes,No,Month-to-month,No,Mailed check,145.74,4244.63,5,196.6,1
CUST-000481,Male,1,Yes,No,19,Yes,No,DSL,Yes,Yes,Yes,No,Month-to-month,Yes,Electronic check,130.47,2078.49,0,208.4,1
CUST-000482,Male,0,Yes,No,23,Yes,No,Fiber optic,No,No,No,No,One year,Yes,Mailed check,23.14,430.73,3,122.3,1
CUST-000483,Male,0,Yes,No,35,Yes,No,Fiber optic,No,No,No,Yes,One year,Yes,Credit card,82.97,2228.43,4,157.6,1
CUST-000484,Female,0,Yes,Yes,38,No,No,Fiber optic,No,Yes,Yes,Yes,Two year,No,Mailed check,130.21,4062.63,3,339.6,1
CUST-000485,Female,0,No,Yes,56,Yes,No,DSL,No,No,No internet service,No internet service,One year,Yes,Bank transfer,133.45,5423.05,5,197.9,0
CUST-000486,Female,0,No,Yes,20,Yes,No,Fiber optic,No,No,Yes,Yes,One year,No,Electronic check,79.96,1354.55,2,111.7,1
CUST-000487,Female,1,Yes,No,51,Yes,Yes,Fiber optic,No,No,No internet service,No internet service,Month-to-month,Yes,Credit card,81.26,3380.88,2,327.1,1
CUST-000488,Female,0,Yes,No,54,Yes,No phone service,Fiber optic,No,No,No,Yes,Month-to-month,No,Credit card,73.22,3415.37,4,208.6,1
CUST-000489,Male,0,No,No,72,Yes,Yes,Fiber optic,No internet service,Yes,No,Yes,One year,No,Mailed check,109.17,6559.02,2,61.0,1
CUST-000490,Female,0,No,Yes,55,Yes,No,No,No,No internet service,No internet service,No,One year,Yes,Electronic check,80.92,3507.39,1,264.6,0
CUST-000491,Female,0,Yes,Yes,19,Yes,No,Fiber optic,No internet service,No internet service,No,Yes,Month-to-month,Yes,Bank transfer,79.43,1239.46,1,181.3,1
CUST-000492,Male,0,Yes,No,17,Yes,Yes,DSL,Yes,No internet service,Yes,No internet service,Month-to-month,Yes,Electronic check,75.51,1094.05,2,190.7,1
CUST-000493,Female,1,Yes,No,14,Yes,Yes,DSL,No internet service,Yes,Yes,Yes,One year,Yes,Bank transfer,92.26,1016.43,3,139.1,1
CUST-000494,Female,0,No,No,18,No,No,Fiber optic,No internet service,Yes,No internet service,No,Month-to-month,Yes,Bank transfer,59.39,943.2,2,175.6,1
CUST-000495,Female,0,Yes,No,18,Yes,Yes,Fiber optic,No internet service,Yes,No,No,Two year,No,Credit card,19.48,278.59,0,0.0,0
CUST-000496,Male,0,No,Yes,13,Yes,Yes,Fiber optic,No internet service,No,Yes,Yes,One year,Yes,Credit card,19.99,237.01,2,48.7,0
CUST-000497,Female,1,No,Yes,9,Yes,Yes,Fiber optic,Yes,No,No,Yes,Month-to-month,Yes,Bank transfer,119.84,960.85,1,292.6,1
CUST-000498,Male,0,No,Yes,29,Yes,Yes,Fiber optic,No,No internet service,No internet service,No,Month-to-month,No,Mailed check,112.27,2662.25,3,171.4,1
CUST-000499,Male,0,Yes,Yes,11,No,Yes,Fiber optic,No,No,No,No,One year,Yes,Credit card,90.11,763.19,2,206.1,0
CUST-000500,Male,0,No,Yes,4,Yes,Yes,DSL,No internet service,Yes,Yes,Yes,Two year,No,Mailed check,53.0,165.14,3,165.5,0
CUST-000501,Female,0,Yes,No,32,Yes,No,Fiber optic,Yes,No,Yes,No,Month-to-month,No,Credit card,38.23,1135.68,3,176.8,1
CUST-000502,Female,0,No,No,16,Yes,No,Fiber optic,No internet service,Yes,No,Yes,Two year,Yes,Mailed check,84.04,1171.23,3,60.5,1
CUST-000503,Female,0,Yes,No,52,Yes,Yes,DSL,No,No,No,No,One year,No,Bank transfer,25.8,1095.74,2,286.5,0
CUST-000504,Female,0,Yes,No,13,Yes,No,Fiber optic,No internet service,Yes,No,Yes,Two year,Yes,Bank transfer,83.92,839.54,2,368.2,0
CUST-000505,Female,0,Yes,No,62,Yes,No phone service,Fiber optic,Yes,Yes,Yes,Yes,Month-to-month,No,Mailed check,66.86,3097.84,3,99.1,1
CUST-000506,Female,0,Yes,No,59,Yes,No,Fiber optic,No,No,Yes,No,One year,No,Electronic check,45.55,2488.46,2,130.8,0
CUST-000507,Male,1,Yes,No,46,Yes,Yes,DSL,No,Yes,No internet service,Yes,One year,Yes,Electronic check,117.91,4010.34,3,98.0,0
CUST-000508,Male,1,No,Yes,24,Yes,No,Fiber optic,Yes,No,Yes,Yes,One year,Yes,Mailed check,96.63,2183.67,1,11.7,1
CUST-000509,Female,0,No,No,6,Yes,Yes,Fiber optic,Yes,No,No internet service,Yes,Month-to-month,No,Credit card,58.13,260.36,3,366.9,1
CUST-000510,Male,0,Yes,No,48,Yes,Yes,Fiber optic,Yes,No,No,Yes,One year,Yes,Electronic check,115.23,4084.0,1,158.9,1
CUST-000511,Male,0,No,No,17,Yes,No,Fiber optic,No,No,Yes,Yes,Month-to-month,No,Electronic check,109.22,1486.01,4,192.9,1
CUST-000512,Female,0,Yes,No,59,Yes,No,DSL,Yes,No internet service,No,No internet service,Two year,No,Credit card,171.81,8073.14,3,86.1,0
CUST-000513,Male,1,Yes,Yes,13,Yes,Yes,Fiber optic,No internet service,Yes,No,Yes,One year,Yes,Bank transfer,82.43,978.82,1,168.1,1
CUST-000514,Male,0,No,No,19,Yes,No,Fiber optic,Yes,Yes,Yes,No internet service,Month-to-month,No,Bank transfer,75.74,1159.8,1,257.7,1
CUST-000515,Male,0,Yes,No,55,Yes,No phone service,Fiber optic,No,Yes,No,Yes,Month-to-month,Yes,Bank transfer,119.0,5561.92,0,195.2,1
CUST-000516,Male,0,No,Yes,29,No,Yes,DSL,No,Yes,Yes,Yes,Two year,Yes,Mailed check,137.74,3437.11,1,151.4,0
CUST-000517,Male,0,No,No,25,Yes,Yes,DSL,No,No,No,Yes,Month-to-month,Yes,Bank transfer,157.67,3167.54,0,254.9,0
CUST-000518,Male,0,No,Yes,43,Yes,Yes,DSL,Yes,No,No internet service,Yes,Two year,No,Electronic check,108.55,3847.24,2,147.6,0
CUST-000519,Male,0,Yes,Yes,54,Yes,No,DSL,Yes,No,Yes,No,One year,No,Electronic check,122.79,5705.56,2,169.3,0
CUST-000520,Male,1,No,Yes,15,Yes,No,Fiber optic,No,No internet service,Yes,Yes,Month-to-month,No,Mailed check,157.76,1882.55,1,101.7,1
CUST-000521,Male,0,Yes,No,30,No,No,Fiber optic,No internet service,No,Yes,No,One year,Yes,Electronic check,109.97,2594.3,2,162.5,1
CUST-000522,Female,1,No,No,20,Yes,Yes,Fiber optic,Yes,Yes,No internet service,Yes,Two year,Yes,Bank transfer,152.62,2155.15,3,26.4,1
CUST-000523,Male,0,Yes,No,62,Yes,No,DSL,No,Yes,Yes,No internet service,Month-to-month,No,Bank transfer,135.81,6172.62,1,307.0,1
CUST-000524,Female,0,Yes,No,6,Yes,No,Fiber optic,No internet service,No internet service,No,No internet service,One year,No,Credit card,21.6,112.81,1,86.9,0
CUST-000525,Female,0,Yes,No,27,Yes,No,DSL,No,Yes,Yes,No internet service,One year,Yes,Mailed check,89.75,2055.49,2,195.9,0
CUST-000526,Male,0,No,No,33,Yes,No,DSL,No,No,No,No,Month-to-month,No,Mailed check,133.76,3557.18,3,66.0,1
CUST-000527,Female,0,No,No,16,No,No,DSL,Yes,No internet service,No internet service,No,One year,Yes,Mailed check,80.98,1070.25,1,72.6,0
CUST-000528,Female,0,Yes,Yes,46,Yes,No,DSL,No internet service,No internet service,No,Yes,Month-to-month,Yes,Electronic check,21.6,723.72,2,200.1,0
CUST-000529,Male,0,Yes,No,27,Yes,No,Fiber optic,No internet service,No,No,No,Month-to-month,Yes,Bank transfer,126.28,2931.07,3,149.4,1
CUST-000530,Male,1,Yes,No,44,Yes,No,DSL,Yes,No internet service,No,Yes,Month-to-month,No,Mailed check,85.35,2709.9,0,27.3,0
CUST-000531,Female,0,No,No,65,Yes,Yes,DSL,No,Yes,No,No,Month-to-month,Yes,Electronic check,31.97,1732.14,4,207.6,0
CUST-000532,Male,1,Yes,No,11,Yes,No,DSL,No internet service,No,No,No internet service,Month-to-month,Yes,Mailed check,139.6,1228.63,2,289.9,1
CUST-000533,Female,0,Yes,Yes,3,Yes,Yes,Fiber optic,Yes,No,No internet service,Yes,One year,Yes,Bank transfer,79.68,191.25,1,76.4,0
CUST-000534,Female,0,No,No,41,Yes,No phone service,Fiber optic,No,No internet service,No,No internet service,Month-to-month,No,Bank transfer,70.68,2475.54,2,111.8,1
CUST-000535,Male,1,No,No,28,Yes,Yes,Fiber optic,Yes,No,Yes,No,One year,Yes,Mailed check,30.96,638.69,4,244.9,1
CUST-000536,Male,0,Yes,Yes,9,Yes,Yes,DSL,No internet service,No,Yes,Yes,One year,Yes,Credit card,124.1,969.57,2,193.2,1
CUST-000537,Male,1,No,No,60,Yes,Yes,Fiber optic,No internet service,No,Yes,No internet service,One year,Yes,Electronic check,121.58,6180.81,2,110.2,0
CUST-000538,Female,0,Yes,No,20,Yes,No,Fiber optic,No,No,Yes,Yes,Month-to-month,No,Electronic check,88.83,1371.37,1,233.8,1
CUST-000539,Female,1,No,No,72,Yes,Yes,DSL,No,No,Yes,No internet service,Month-to-month,Yes,Mailed check,50.82,2778.55,1,154.9,0
CUST-000540,Male,0,Yes,No,52,Yes,No phone service,Fiber optic,Yes,Yes,No,No,Month-to-month,No,Electronic check,136.01,5961.06,4,229.9,1
CUST-000541,Female,0,Yes,Yes,28,Yes,Yes,DSL,No,No internet service,No internet service,No,Month-to-month,Yes,Electronic check,96.2,2147.17,2,344.5,0
CUST-000542,Female,0,Yes,No,12,Yes,No,No,No internet service,No internet service,Yes,No,One year,Yes,Mailed check,97.66,959.11,1,309.9,0
CUST-000543,Female,0,Yes,No,14,Yes,Yes,DSL,Yes,No internet service,No,No,Month-to-month,No,Electronic check,140.92,1633.58,5,125.8,1
CUST-000544,Male,0,Yes,No,23,Yes,Yes,Fiber optic,No,No internet service,No internet service,No,One year,Yes,Electronic check,65.16,1190.74,2,147.2,1
CUST-000545,Male,0,Yes,No,56,No,No,Fiber optic,No,No,Yes,Yes,One year,No,Mailed check,55.41,2676.22,2,153.1,0
CUST-000546,Male,0,No,Yes,20,Yes,Yes,Fiber optic,Yes,Yes,Yes,No,Month-to-month,Yes,Electronic check,59.01,1032.34,2,241.7,1
CUST-000547,Male,0,Yes,Yes,60,No,No,Fiber optic,No,No internet service,No,No,One year,Yes,Electronic check,148.51,7596.0,2,189.9,1
CUST-000548,Male,0,Yes,No,27,Yes,Yes,Fiber optic,No,No internet service,No,No internet service,One year,Yes,Mailed check,66.6,1437.3,0,215.7,0
CUST-000549,Female,0,Yes,Yes,54,Yes,No,Fiber optic,No,No,Yes,No internet service,Month-to-month,Yes,Bank transfer,118.39,6076.8,1,102.5,1
CUST-000550,Male,0,No,No,14,Yes,Yes,DSL,No,No,No,Yes,Month-to-month,Yes,Bank transfer,119.64,1315.05,1,177.3,1
CUST-000551,Female,0,Yes,No,16,Yes,No,DSL,No,Yes,Yes,No internet service,Month-to-month,No,Electronic check,110.24,1287.53,1,57.7,1
CUST-000552,Female,0,Yes,Yes,32,Yes,No,Fiber optic,Yes,No,Yes,No,Month-to-month,Yes,Electronic check,94.04,2465.36,3,196.6,1
CUST-000553,Female,0,No,No,29,Yes,Yes,Fiber optic,No,No,Yes,No,Month-to-month,Yes,Mailed check,134.29,3095.23,0,108.1,1
CUST-000554,Female,0,Yes,No,47,Yes,No,Fiber optic,No,No internet service,No,No internet service,Month-to-month,No,Mailed check,124.93,5032.14,4,78.0,1
CUST-000555,Male,0,No,No,3,Yes,Yes,Fiber optic,No,No,Yes,No,Month-to-month,Yes,Bank transfer,80.19,189.15,1,185.6,1
CUST-000556,Male,0,Yes,No,14,Yes,No,Fiber optic,Yes,No,No,Yes,Two year,Yes,Electronic check,98.29,1142.31,3,190.3,1
CUST-000557,Female,0,Yes,No,27,Yes,No,Fiber optic,No,No,No internet service,Yes,Month-to-month,No,Electronic check,75.42,1508.34,1,133.6,0
CUST-000558,Male,0,No,No,72,Yes,No,DSL,Yes,Yes,No,Yes,Month-to-month,Yes,Mailed check,50.56,3379.06,4,172.1,1
CUST-000559,Male,0,No,Yes,21,Yes,No,Fiber optic,No internet service,Yes,No,No internet service,Month-to-month,Yes,Mailed check,104.2,1997.21,4,112.4,1
CUST-000560,Male,0,No,No,59,Yes,No,Fiber optic,No,No,Yes,No,Month-to-month,No,Electronic check,163.29,7877.44,5,115.3,1
CUST-000561,Male,0,Yes,Yes,24,Yes,No,Fiber optic,Yes,No internet service,Yes,Yes,One year,Yes,Credit card,49.49,966.48,1,111.8,0
CUST-000562,Female,0,Yes,No,8,Yes,No,DSL,Yes,No,No,Yes,Month-to-month,Yes,Electronic check,96.66,691.3,3,212.2,1
CUST-000563,Male,0,Yes,No,25,No,No,Fiber optic,No,No internet service,Yes,No,Two year,Yes,Electronic check,100.89,2165.16,3,191.1,1
CUST-000564,Female,0,No,No,23,Yes,No,Fiber optic,No,No,Yes,Yes,One year,Yes,Bank transfer,124.34,2356.4,2,0.0,1
CUST-000565,Female,0,No,No,41,Yes,No,Fiber optic,No,Yes,No internet service,No,One year,No,Electronic check,80.37,2348.54,3,302.8,1
CUST-000566,Female,0,No,No,21,Yes,Yes,Fiber optic,Yes,No,No,Yes,Month-to-month,Yes,Electronic check,69.16,1054.49,6,0.0,1
CUST-000567,Male,0,Yes,No,19,Yes,Yes,DSL,No internet service,No,Yes,No internet service,One year,Yes,Electronic check,90.31,1336.15,1,89.2,0
CUST-000568,Female,0,Yes,No,37,Yes,Yes,Fiber optic,No,Yes,Yes,No,Month-to-month,No,Credit card,177.8,4846.52,1,270.4,1
CUST-000569,Male,0,No,Yes,36,Yes,No,No,Yes,Yes,Yes,Yes,Month-to-month,Yes,Mailed check,119.61,4094.77,0,142.5,0
CUST-000570,Female,0,No,No,56,Yes,No,Fiber optic,No,No internet service,Yes,No,Month-to-month,No,Bank transfer,71.52,2977.96,2,238.8,0
CUST-000571,Female,0,Yes,No,9,Yes,No,Fiber optic,No,Yes,No,Yes,Two year,Yes,Mailed check,155.29,1114.81,4,226.1,1
CUST-000572,Male,0,No,No,33,Yes,Yes,Fiber optic,No,No,No internet service,No internet service,One year,No,Mailed check,112.11,3136.49,1,112.9,0
CUST-000573,Female,0,No,No,19,Yes,No,Fiber optic,Yes,No,No internet service,Yes,One year,Yes,Mailed check,114.82,1882.28,1,256.4,0
CUST-000574,Male,0,No,No,72,Yes,No phone service,Fiber optic,No,Yes,No,No,Month-to-month,No,Electronic check,45.04,2718.83,3,216.9,1
CUST-000575,Male,0,Yes,Yes,12,Yes,No phone service,Fiber optic,No internet service,No,Yes,No,Two year,Yes,Electronic check,150.5,1470.96,8,189.2,1
CUST-000576,Female,1,No,No,3,Yes,Yes,Fiber optic,Yes,No internet service,No internet service,No,Two year,Yes,Electronic check,74.62,194.72,3,170.1,0
CUST-000577,Male,0,No,No,54,Yes,No,Fiber optic,No internet service,No internet service,No,No internet service,One year,Yes,Bank transfer,125.28,5918.17,2,388.1,1
CUST-000578,Male,1,Yes,No,26,Yes,Yes,DSL,Yes,No,No,No internet service,Two year,Yes,Electronic check,55.56,1265.91,2,149.0,0
CUST-000579,Female,1,No,No,33,Yes,No,Fiber optic,No internet service,No internet service,Yes,No,Two year,Yes,Electronic check,84.68,2616.41,3,262.2,0
CUST-000580,Female,0,Yes,No,27,Yes,No phone service,Fiber optic,Yes,Yes,No,No internet service,Month-to-month,No,Credit card,47.99,1099.15,6,271.4,1
CUST-000581,Male,0,No,No,23,Yes,No phone service,Fiber optic,No,No,No internet service,No,One year,No,Bank transfer,82.99,1584.18,2,284.8,1
CUST-000582,Female,0,No,No,72,Yes,No,Fiber optic,No internet service,Yes,No,No internet service,One year,Yes,Electronic check,66.04,3915.31,1,301.7,0
CUST-000583,Male,0,Yes,Yes,21,Yes,No,Fiber optic,Yes,No,Yes,No internet service,Month-to-month,No,Credit card,78.59,1191.99,0,184.6,1
CUST-000584,Male,0,No,Yes,10,Yes,No,Fiber optic,No,No,Yes,Yes,One year,Yes,Credit card,137.76,1169.97,1,182.6,1
CUST-000585,Male,0,Yes,Yes,40,Yes,No,DSL,Yes,No internet service,Yes,No,Month-to-month,Yes,Electronic check,55.21,1812.4,3,278.4,0
CUST-000586,Female,1,Yes,No,16,Yes,Yes,DSL,Yes,No internet service,No,Yes,One year,No,Credit card,92.14,1196.37,0,134.1,0
CUST-000587,Female,0,Yes,Yes,37,Yes,Yes,Fiber optic,Yes,No internet service,No internet service,No,Month-to-month,Yes,Credit card,84.18,2670.6,0,113.7,1
CUST-000588,Male,0,Yes,Yes,20,Yes,No,DSL,No,No internet service,Yes,No,One year,Yes,Credit card,105.19,1766.19,2,243.0,1
CUST-000589,Male,0,No,No,4,No,Yes,Fiber optic,Yes,No,No,No internet service,Two year,No,Electronic check,184.1,595.79,1,93.1,1
CUST-000590,Male,0,Yes,No,26,Yes,Yes,Fiber optic,No,No internet service,No internet service,No,Two year,Yes,Mailed check,132.17,2984.26,0,153.9,0
CUST-000591,Male,0,No,No,32,Yes,No,Fiber optic,No,No,No,No internet service,Month-to-month,Yes,Bank transfer,134.88,3491.64,2,174.8,1
CUST-000592,Female,0,Yes,No,72,Yes,Yes,DSL,Yes,No,No,Yes,Month-to-month,No,Bank transfer,74.21,4273.64,3,169.4,0
CUST-000593,Female,0,Yes,Yes,27,Yes,No phone service,Fiber optic,No,No internet service,Yes,No,Month-to-month,Yes,Mailed check,84.6,1816.07,3,185.7,1
CUST-000594,Male,1,Yes,No,15,Yes,Yes,Fiber optic,No internet service,Yes,No,No,Month-to-month,No,Electronic check,51.73,742.38,0,250.4,0
CUST-000595,Male,0,Yes,Yes,22,Yes,No,DSL,No,No,No,Yes,Two year,Yes,Credit card,53.34,1118.42,1,314.1,0
CUST-000596,Male,0,No,No,37,Yes,No phone service,Fiber optic,No internet service,No,No internet service,Yes,Month-to-month,Yes,Electronic check,95.4,3002.78,2,112.2,1
CUST-000597,Male,0,No,Yes,25,No,No phone service,Fiber optic,No,Yes,No internet service,Yes,Month-to-month,No,Electronic check,85.55,1838.83,4,204.4,1
CUST-000598,Male,0,No,No,72,Yes,No,Fiber optic,No,No,Yes,Yes,Two year,No,Mailed check,32.28,1994.54,3,175.2,1
CUST-000599,Male,0,No,No,14,Yes,Yes,Fiber optic,Yes,Yes,Yes,No,Month-to-month,Yes,Credit card,96.03,1052.42,1,200.0,0
CUST-000600,Female,0,Yes,No,34,Yes,Yes,Fiber optic,No,No internet service,Yes,Yes,One year,Yes,Credit card,78.74,2137.76,3,160.5,1
CUST-000601,Female,0,No,Yes,72,Yes,No,No,No internet service,Yes,No,Yes,Two year,Yes,Electronic check,123.99,7699.58,3,105.3,0
CUST-000602,Male,0,No,Yes,21,Yes,No,DSL,No,No internet service,Yes,No,Two year,No,Bank transfer,144.5,2563.35,2,221.4,0
CUST-000603,Male,1,Yes,No,72,Yes,No,Fiber optic,No internet service,No internet service,No internet service,No,One year,Yes,Bank transfer,67.91,3833.7,2,116.6,1
CUST-000604,Female,1,Yes,Yes,66,Yes,No,No,No,No,Yes,Yes,One year,No,Credit card,75.47,4042.61,2,222.3,1
CUST-000605,Female,0,No,No,42,Yes,Yes,Fiber optic,No,Yes,No,No internet service,Month-to-month,No,Mailed check,74.34,2673.66,3,258.4,1
CUST-000606,Male,0,Yes,No,8,Yes,No phone service,Fiber optic,No,No internet service,No internet service,Yes,One year,Yes,Mailed check,79.2,554.9,4,57.7,1
CUST-000607,Male,0,No,No,34,Yes,Yes,DSL,No internet service,No,No,No internet service,Month-to-month,No,Credit card,115.67,3294.12,4,242.6,1
CUST-000608,Male,0,Yes,No,43,Yes,Yes,No,No,Yes,No,Yes,Two year,Yes,Electronic check,74.81,2584.23,1,107.6,0
CUST-000609,Male,1,Yes,No,31,Yes,Yes,Fiber optic,No,No,No,No,Month-to-month,Yes,Electronic check,103.03,2982.3,1,0.0,1
CUST-000610,Male,0,Yes,Yes,24,Yes,No,No,No,No internet service,No,No,Two year,Yes,Credit card,68.03,1228.26,4,210.9,1
CUST-000611,Male,0,No,No,37,Yes,No phone service,DSL,No,No,No internet service,No,Two year,Yes,Electronic check,66.53,2207.1,0,174.8,1
CUST-000612,Male,0,No,No,14,Yes,No,No,No,No,Yes,No internet service,Two year,Yes,Bank transfer,62.25,756.92,3,211.8,0
CUST-000613,Male,0,Yes,No,46,Yes,Yes,Fiber optic,No,Yes,No,No,Month-to-month,Yes,Mailed check,48.54,1574.78,5,148.2,1
CUST-000614,Male,1,Yes,Yes,11,Yes,No,DSL,No internet service,Yes,Yes,No,One year,Yes,Electronic check,66.2,550.35,2,32.3,1
CUST-000615,Male,0,No,No,6,Yes,Yes,Fiber optic,No,No,Yes,No,Month-to-month,Yes,Bank transfer,113.47,525.89,2,252.3,1
CUST-000616,Female,0,No,No,29,Yes,Yes,DSL,Yes,No,No,No,Month-to-month,Yes,Credit card,71.21,1812.41,3,139.6,1
CUST-000617,Female,1,Yes,No,55,Yes,No,Fiber optic,No,Yes,No,No,One year,Yes,Credit card,118.91,5423.65,5,283.2,1
CUST-000618,Female,0,No,No,40,Yes,No phone service,Fiber optic,No internet service,No,No,Yes,Month-to-month,Yes,Mailed check,119.66,3467.53,2,118.2,1
CUST-000619,Male,0,Yes,No,36,Yes,No,Fiber optic,No,No,Yes,No,One year,Yes,Electronic check,146.59,4357.39,2,280.1,1
CUST-000620,Female,1,No,No,14,Yes,No,No,Yes,No,No,Yes,One year,No,Credit card,132.08,1567.64,5,78.4,1
CUST-000621,Female,0,No,Yes,45,Yes,No phone service,Fiber optic,No internet service,No,Yes,No,Month-to-month,No,Credit card,122.87,4470.67,2,128.7,1
CUST-000622,Male,0,Yes,Yes,55,Yes,Yes,Fiber optic,No,No,Yes,Yes,One year,No,Electronic check,20.59,965.87,2,154.9,0
CUST-000623,Female,0,Yes,No,31,Yes,No,Fiber optic,No,No,Yes,No internet service,Month-to-month,Yes,Bank transfer,69.68,1667.54,0,170.4,1
CUST-000624,Male,1,No,No,51,Yes,No,Fiber optic,No,No,No,No internet service,One year,No,Credit card,152.54,6049.96,5,142.8,1
CUST-000625,Male,0,Yes,Yes,60,Yes,No,DSL,No internet service,No,No internet service,Yes,Month-to-month,Yes,Credit card,63.36,3308.86,0,304.0,0
CUST-000626,Female,0,Yes,No,12,Yes,Yes,Fiber optic,Yes,No,Yes,No internet service,Two year,Yes,Credit card,56.94,547.09,3,198.6,1
CUST-000627,Male,0,Yes,No,38,Yes,Yes,Fiber optic,No,No internet service,No,No,Two year,No,Credit card,112.29,3304.56,1,223.5,0
CUST-000628,Male,0,Yes,Yes,38,Yes,No,Fiber optic,No,No,No internet service,No,Two year,Yes,Bank transfer,89.6,2501.84,0,236.0,0
CUST-000629,Female,0,No,No,15,No,No,No,Yes,No internet service,No,No,Month-to-month,Yes,Bank transfer,59.61,771.0,2,267.1,1
CUST-000630,Male,0,No,No,45,Yes,No,Fiber optic,No internet service,No internet service,No internet service,Yes,Month-to-month,Yes,Electronic check,115.66,4523.51,1,302.8,1
CUST-000631,Female,0,No,No,32,Yes,No,DSL,No,No,No,No,Two year,Yes,Bank transfer,58.56,1594.2,2,216.1,0
CUST-000632,Female,0,No,No,72,Yes,Yes,Fiber optic,No internet service,No,No,No internet service,Month-to-month,No,Bank transfer,118.99,7836.24,3,29.3,1
CUST-000633,Female,0,Yes,No,20,Yes,No,Fiber optic,No internet service,No,Yes,Yes,One year,No,Credit card,87.86,1560.64,3,227.4,1
CUST-000634,Male,1,Yes,No,70,Yes,No,Fiber optic,No,No,Yes,No internet service,Month-to-month,No,Bank transfer,142.79,9108.36,1,42.1,0
CUST-000635,Female,0,No,Yes,22,Yes,Yes,Fiber optic,No,No,No,No,Month-to-month,Yes,Credit card,57.17,1160.06,1,223.9,1
CUST-000636,Female,0,No,No,30,Yes,Yes,DSL,No,Yes,No,No,Month-to-month,Yes,Electronic check,127.47,3116.63,4,80.6,1
CUST-000637,Male,0,Yes,No,42,Yes,Yes,Fiber optic,No,No,No,Yes,One year,No,Bank transfer,106.64,3787.9,2,198.2,1
CUST-000638,Male,1,No,No,23,Yes,No,Fiber optic,No internet service,No,Yes,No internet service,Month-to-month,No,Electronic check,160.03,3081.38,4,150.4,1
CUST-000639,Female,0,No,Yes,53,Yes,No,Fiber optic,No internet service,No,Yes,Yes,Month-to-month,Yes,Electronic check,91.42,3753.69,0,269.4,1
CUST-000640,Male,0,No,No,24,Yes,Yes,Fiber optic,Yes,Yes,Yes,No,One year,Yes,Mailed check,111.63,2195.6,2,222.1,0
CUST-000641,Female,0,Yes,Yes,49,Yes,No,DSL,No internet service,No,Yes,Yes,Month-to-month,Yes,Electronic check,136.27,5397.96,3,0.0,1
CUST-000642,Female,0,No,Yes,52,No,No,Fiber optic,Yes,Yes,Yes,No,Two year,Yes,Electronic check,20.38,805.38,3,194.4,0
CUST-000643,Female,0,Yes,No,68,No,No,Fiber optic,No,No,Yes,No,Two year,Yes,Credit card,134.73,8769.74,2,298.5,1
CUST-000644,Female,0,Yes,No,36,Yes,No phone service,Fiber optic,Yes,No,Yes,Yes,Month-to-month,No,Mailed check,101.51,3045.62,5,191.3,1
CUST-000645,Male,0,Yes,No,55,Yes,No phone service,Fiber optic,No internet service,No,Yes,No,Month-to-month,No,Credit card,98.02,4641.96,3,254.3,1
CUST-000646,Female,0,Yes,No,16,Yes,No,No,Yes,No,Yes,Yes,One year,No,Mailed check,66.57,860.98,5,178.9,1
CUST-000647,Male,1,No,No,72,Yes,No,Fiber optic,No,No,No,Yes,Month-to-month,No,Mailed check,99.68,6148.96,1,134.7,0
CUST-000648,Female,0,No,No,26,No,Yes,DSL,No,Yes,Yes,Yes,Month-to-month,Yes,Credit card,185.49,3786.03,3,262.6,1
CUST-000649,Male,0,No,No,17,No,Yes,No,Yes,No internet service,Yes,Yes,Two year,Yes,Credit card,105.36,1544.12,2,135.8,1
CUST-000650,Female,1,No,Yes,15,Yes,No,Fiber optic,No,Yes,Yes,Yes,Two year,No,Electronic check,65.45,735.5,1,180.0,1
CUST-000651,Male,0,Yes,Yes,29,No,Yes,DSL,No,Yes,Yes,No internet service,Month-to-month,Yes,Electronic check,93.87,2546.68,3,0.0,1
CUST-000652,Male,0,Yes,No,64,Yes,No,Fiber optic,Yes,No internet service,No internet service,Yes,One year,Yes,Bank transfer,129.81,6193.77,2,179.0,0
CUST-000653,Female,0,No,Yes,59,Yes,Yes,Fiber optic,No,No,No,Yes,Month-to-month,Yes,Electronic check,42.42,2198.08,3,184.6,1
CUST-000654,Female,0,Yes,No,72,Yes,No,DSL,No,No internet service,No,No,One year,Yes,Bank transfer,121.41,8342.39,4,186.8,1
CUST-000655,Male,0,Yes,No,34,Yes,No,Fiber optic,No,Yes,Yes,No,Month-to-month,Yes,Mailed check,62.47,1891.81,2,169.0,1
CUST-000656,Female,0,Yes,Yes,32,Yes,Yes,No,No,No,No,No,Month-to-month,Yes,Mailed check,83.96,2470.91,3,140.1,1
CUST-000657,Male,0,No,No,37,Yes,Yes,DSL,Yes,Yes,No,Yes,Month-to-month,No,Mailed check,75.85,2250.03,0,90.9,0
CUST-000658,Male,0,No,No,27,Yes,Yes,Fiber optic,Yes,No internet service,Yes,Yes,One year,Yes,Bank transfer,148.25,3071.66,2,216.2,1
CUST-000659,Male,0,No,No,67,Yes,No,Fiber optic,No,No internet service,Yes,Yes,Month-to-month,Yes,Credit card,119.4,6309.94,1,185.0,1
CUST-000660,Female,0,No,No,40,Yes,Yes,No,Yes,No internet service,Yes,No,Month-to-month,Yes,Bank transfer,80.92,2725.95,5,189.9,1
CUST-000661,Female,1,No,No,53,Yes,Yes,Fiber optic,Yes,Yes,No,No,Month-to-month,Yes,Mailed check,74.84,3135.71,3,250.0,1
CUST-000662,Female,1,No,No,72,Yes,No phone service,Fiber optic,Yes,No,No,No internet service,Two year,Yes,Mailed check,79.06,5151.18,2,259.2,0
CUST-000663,Female,0,Yes,No,55,Yes,No,No,No internet service,No,No,Yes,Month-to-month,Yes,Electronic check,47.69,2412.88,3,51.1,1
CUST-000664,Female,0,No,Yes,25,Yes,No phone service,DSL,Yes,No internet service,Yes,Yes,Month-to-month,Yes,Mailed check,53.17,1101.75,1,211.8,0
CUST-000665,Male,0,No,Yes,33,Yes,No,DSL,Yes,No internet service,No internet service,No,One year,Yes,Bank transfer,42.07,1003.07,3,269.2,1
CUST-000666,Male,0,Yes,No,64,Yes,Yes,Fiber optic,No,No internet service,No,No,One year,Yes,Mailed check,48.33,2301.75,1,211.6,0
CUST-000667,Male,0,No,No,15,No,Yes,Fiber optic,No,Yes,No internet service,Yes,Month-to-month,Yes,Electronic check,100.87,1103.2,0,215.3,0
CUST-000668,Male,0,No,No,34,Yes,Yes,Fiber optic,No internet service,No,No,Yes,Two year,Yes,Bank transfer,112.93,3110.36,3,124.8,1
CUST-000669,Female,1,No,No,39,Yes,Yes,Fiber optic,Yes,Yes,No internet service,Yes,Month-to-month,No,Credit card,72.25,2230.46,3,242.4,1
CUST-000670,Male,0,No,No,72,Yes,Yes,Fiber optic,No,Yes,No internet service,No,Month-to-month,Yes,Mailed check,185.08,9433.99,1,8.2,1
CUST-000671,Male,0,No,Yes,42,Yes,Yes,DSL,No,No,Yes,No internet service,Month-to-month,No,Credit card,90.63,3544.25,1,190.6,0
CUST-000672,Male,0,Yes,No,7,Yes,No,DSL,No internet service,No,Yes,Yes,One year,Yes,Electronic check,126.17,697.28,0,58.1,0
CUST-000673,Male,1,Yes,Yes,17,Yes,Yes,DSL,Yes,Yes,No,Yes,Two year,Yes,Electronic check,51.41,792.74,1,210.0,0
CUST-000674,Female,0,Yes,No,61,Yes,No phone service,DSL,No,Yes,Yes,No,One year,No,Bank transfer,156.63,7533.48,4,97.5,1
CUST-000675,Male,0,No,No,44,Yes,No,No,No internet service,No,Yes,No,Two year,No,Bank transfer,109.37,4486.87,4,302.6,1
CUST-000676,Female,0,No,No,19,Yes,No,Fiber optic,No,Yes,No,No internet service,One year,Yes,Electronic check,71.76,1017.99,3,159.2,1
CUST-000677,Female,0,Yes,No,31,Yes,No,Fiber optic,Yes,No internet service,No internet service,No,Month-to-month,No,Mailed check,19.99,489.71,1,130.5,1
CUST-000678,Female,0,Yes,No,11,Yes,No,Fiber optic,No,Yes,No,Yes,Month-to-month,No,Electronic check,114.53,1053.15,1,141.9,1
CUST-000679,Female,1,No,No,12,Yes,No phone service,DSL,No,No,Yes,No internet service,Month-to-month,No,Bank transfer,131.84,1294.57,2,314.6,1
CUST-000680,Male,0,No,No,9,No,No,No,No,No,No,No,Two year,Yes,Bank transfer,102.3,716.31,1,203.1,0
CUST-000681,Male,0,Yes,Yes,70,No,Yes,No,Yes,No,No,Yes,One year,Yes,Bank transfer,84.8,5197.61,2,128.5,0
CUST-000682,Male,0,Yes,No,14,Yes,No phone service,DSL,No,No internet service,No,Yes,Two year,Yes,Electronic check,95.82,1197.22,1,245.0,0
CUST-000683,Female,0,Yes,No,8,No,No,Fiber optic,No internet service,No,No,Yes,One year,Yes,Electronic check,99.61,582.73,2,220.6,1
CUST-000684,Male,1,No,No,72,Yes,No,Fiber optic,No internet service,No,No,Yes,Month-to-month,Yes,Mailed check,120.68,7542.6,4,184.3,1
CUST-000685,Male,0,Yes,No,16,Yes,Yes,Fiber optic,No,No internet service,Yes,Yes,Two year,No,Electronic check,120.88,1423.94,1,182.8,0
CUST-000686,Male,0,Yes,Yes,39,Yes,No phone service,Fiber optic,No,No,Yes,No internet service,Two year,No,Mailed check,43.73,1399.01,3,196.4,0
CUST-000687,Male,0,No,No,21,Yes,No,DSL,No,No internet service,Yes,No,Month-to-month,Yes,Electronic check,132.02,2340.76,1,189.4,1
CUST-000688,Male,0,Yes,Yes,59,Yes,No,DSL,Yes,No,No internet service,Yes,Two year,Yes,Mailed check,96.08,5265.26,0,194.7,0
CUST-000689,Male,0,Yes,No,22,No,No,Fiber optic,No internet service,Yes,No internet service,Yes,Month-to-month,Yes,Credit card,63.11,1260.79,4,266.0,1
CUST-000690,Female,1,Yes,No,34,No,Yes,Fiber optic,No,Yes,No internet service,Yes,One year,Yes,Bank transfer,94.81,2331.05,3,85.5,1
CUST-000691,Male,0,Yes,No,50,Yes,No,Fiber optic,No internet service,No,Yes,Yes,One year,Yes,Bank transfer,109.54,4162.71,2,133.9,0
CUST-000692,Male,0,No,No,17,Yes,No,No,No internet service,No,No,No internet service,Month-to-month,No,Bank transfer,103.38,1507.03,4,280.9,1
CUST-000693,Male,1,No,No,72,Yes,Yes,Fiber optic,No,No,Yes,No,Two year,No,Electronic check,106.86,6244.1,1,246.8,0
CUST-000694,Male,0,Yes,No,23,Yes,Yes,Fiber optic,No internet service,No internet service,No internet service,Yes,One year,No,Electronic check,90.92,1633.6,4,156.4,0
CUST-000695,Female,0,Yes,No,49,Yes,Yes,No,Yes,No internet service,No,Yes,Two year,No,Bank transfer,93.13,4192.61,2,268.3,0
CUST-000696,Male,0,Yes,No,31,Yes,No,No,No,No,No internet service,No,Month-to-month,Yes,Bank transfer,154.49,3962.82,1,109.7,1
CUST-000697,Male,0,Yes,No,65,Yes,Yes,No,Yes,No,No internet service,Yes,Two year,Yes,Mailed check,152.06,8175.17,1,25.4,0
CUST-000698,Female,0,Yes,No,32,Yes,No,Fiber optic,No,No internet service,Yes,No,Month-to-month,Yes,Credit card,49.26,1252.33,3,68.8,1
CUST-000699,Male,0,Yes,Yes,19,Yes,Yes,Fiber optic,No,Yes,Yes,Yes,Month-to-month,Yes,Bank transfer,42.38,709.13,0,161.1,1
CUST-000700,Male,1,Yes,No,23,Yes,Yes,Fiber optic,No,No,No,No,Month-to-month,Yes,Electronic check,85.05,1600.89,2,134.0,1
CUST-000701,Female,0,Yes,No,37,Yes,Yes,Fiber optic,Yes,No,Yes,Yes,One year,Yes,Bank transfer,106.44,3356.83,3,247.9,1
CUST-000702,Male,0,No,No,56,Yes,No,Fiber optic,No,No,Yes,Yes,One year,Yes,Electronic check,70.68,3720.23,2,291.1,1
CUST-000703,Female,0,No,Yes,58,Yes,Yes,Fiber optic,Yes,No internet service,No,No internet service,Two year,No,Electronic check,41.13,2019.48,7,222.6,1
CUST-000704,Male,0,Yes,Yes,47,Yes,Yes,Fiber optic,No internet service,No,Yes,No internet service,One year,Yes,Electronic check,79.3,3095.5,2,183.0,0
CUST-000705,Female,0,No,Yes,8,No,No,Fiber optic,No internet service,No,No,No,Month-to-month,Yes,Credit card,33.41,211.49,0,100.6,1
CUST-000706,Female,0,No,No,18,Yes,Yes,No,Yes,No internet service,No internet service,Yes,Month-to-month,No,Mailed check,129.74,2206.7,5,198.5,1
CUST-000707,Male,0,No,No,46,Yes,No phone service,DSL,No,Yes,Yes,No,Two year,No,Mailed check,162.86,6480.31,4,281.2,0
CUST-000708,Male,0,No,No,20,Yes,No,Fiber optic,Yes,No internet service,No internet service,Yes,Month-to-month,Yes,Mailed check,134.16,1964.79,3,207.6,1
CUST-000709,Male,0,No,Yes,72,Yes,No,Fiber optic,No internet service,No internet service,No,Yes,Month-to-month,Yes,Credit card,150.19,8756.55,4,192.0,1
CUST-000710,Female,0,Yes,Yes,9,Yes,No,Fiber optic,Yes,No,No,Yes,Month-to-month,Yes,Mailed check,102.21,697.85,2,154.5,0
CUST-000711,Female,0,No,No,10,Yes,No,DSL,No,Yes,Yes,No,Month-to-month,Yes,Electronic check,21.1,158.5,4,0.0,1
CUST-000712,Male,0,Yes,No,51,Yes,No,DSL,No,No,Yes,No,Two year,No,Mailed check,42.36,1889.43,2,282.3,0
CUST-000713,Female,1,Yes,No,51,Yes,Yes,Fiber optic,Yes,No,No,No,Two year,Yes,Electronic check,151.3,6376.58,1,140.7,0
CUST-000714,Female,0,No,No,40,Yes,No,Fiber optic,Yes,Yes,No internet service,Yes,Month-to-month,Yes,Electronic check,134.53,4468.59,2,218.6,1
CUST-000715,Male,0,Yes,Yes,34,Yes,Yes,Fiber optic,No,Yes,Yes,No,One year,Yes,Credit card,99.55,2424.57,2,0.0,1
CUST-000716,Male,0,No,Yes,72,No,No,Fiber optic,No internet service,No internet service,Yes,No internet service,Month-to-month,Yes,Mailed check,123.11,6308.91,2,185.7,1
CUST-000717,Female,0,Yes,Yes,9,Yes,No,Fiber optic,No internet service,No,No,Yes,Two year,No,Credit card,59.01,432.42,2,173.9,0
CUST-000718,Male,0,Yes,No,33,No,No,Fiber optic,No internet service,No,Yes,No,Month-to-month,Yes,Mailed check,106.03,2657.3,0,178.1,0
CUST-000719,Male,0,No,No,54,Yes,No phone service,Fiber optic,Yes,No,Yes,No internet service,One year,Yes,Electronic check,136.79,5884.02,9,276.2,1
CUST-000720,Male,1,Yes,Yes,21,Yes,Yes,Fiber optic,No internet service,Yes,No,Yes,Month-to-month,No,Electronic check,116.23,2130.4,3,195.2,1
CUST-000721,Female,0,No,No,54,No,No,Fiber optic,No,No,No internet service,Yes,Month-to-month,Yes,Mailed check,100.46,4589.91,3,324.5,1
CUST-000722,Female,0,No,No,53,Yes,Yes,DSL,No internet service,No,Yes,No,Month-to-month,No,Mailed check,80.67,3362.9,3,138.0,0
CUST-000723,Male,1,No,No,39,Yes,Yes,DSL,No,No,No,Yes,One year,Yes,Mailed check,93.18,2898.38,2,60.4,0
CUST-000724,Female,0,No,Yes,26,Yes,Yes,DSL,Yes,No,No,No internet service,Two year,No,Bank transfer,166.93,3415.03,2,174.0,0
CUST-000725,Male,0,No,No,72,Yes,Yes,DSL,No,No,Yes,No,Month-to-month,Yes,Bank transfer,123.48,7130.77,3,273.3,1
CUST-000726,Male,1,No,No,10,Yes,No,Fiber optic,No,No,No,Yes,Two year,Yes,Credit card,139.18,1282.37,2,35.8,1
CUST-000727,Female,0,Yes,No,11,Yes,Yes,Fiber optic,Yes,No,No,No internet service,One year,No,Mailed check,85.92,866.36,3,155.6,1
CUST-000728,Female,0,No,No,59,Yes,No,Fiber optic,No internet service,No,No internet service,Yes,Two year,Yes,Bank transfer,90.14,4181.63,2,102.6,1
CUST-000729,Male,0,No,No,16,Yes,No,Fiber optic,No internet service,No internet service,No,No,Month-to-month,No,Electronic check,160.28,2171.06,2,295.2,1
CUST-000730,Male,0,No,No,72,Yes,Yes,Fiber optic,Yes,No,No,Yes,Month-to-month,Yes,Credit card,30.51,1629.24,4,342.4,1
CUST-000731,Male,0,No,No,35,No,No,No,No internet service,No internet service,No,No,Month-to-month,Yes,Electronic check,116.54,3007.75,1,156.6,1
CUST-000732,Female,0,Yes,No,28,Yes,Yes,Fiber optic,Yes,Yes,No,Yes,Month-to-month,Yes,Mailed check,88.96,2099.75,3,0.0,1
CUST-000733,Male,1,Yes,Yes,30,Yes,Yes,DSL,No,No,Yes,No,Month-to-month,No,Bank transfer,105.25,2698.99,0,169.4,1
CUST-000734,Female,0,Yes,Yes,72,Yes,No,DSL,Yes,No internet service,Yes,Yes,One year,No,Bank transfer,167.1,10170.57,3,201.8,1
CUST-000735,Male,0,No,No,63,Yes,No,Fiber optic,No,Yes,Yes,Yes,Month-to-month,Yes,Mailed check,108.85,5386.9,2,37.2,1
CUST-000736,Male,0,No,Yes,17,Yes,Yes,Fiber optic,No,Yes,No,No,Two year,No,Electronic check,101.34,1427.49,2,244.3,0
CUST-000737,Female,0,Yes,No,16,Yes,No phone service,Fiber optic,No,No,No,No,Month-to-month,No,Credit card,131.73,1729.35,1,326.1,1
CUST-000738,Female,0,No,No,21,Yes,Yes,DSL,No,Yes,Yes,No,Month-to-month,Yes,Mailed check,60.81,1078.48,1,296.1,1
CUST-000739,Male,0,Yes,No,31,Yes,No,Fiber optic,No internet service,No internet service,No internet service,Yes,Month-to-month,No,Electronic check,80.46,2075.82,3,222.6,1
CUST-000740,Female,0,No,Yes,37,Yes,No,Fiber optic,No internet service,Yes,No,No,Month-to-month,No,Mailed check,48.16,1458.16,4,273.8,1
CUST-000741,Male,0,No,No,72,Yes,No phone service,Fiber optic,No internet service,No,No,Yes,Month-to-month,Yes,Mailed check,23.69,1456.94,3,169.6,1
CUST-000742,Female,0,No,No,25,Yes,No phone service,Fiber optic,Yes,No,No,No,Month-to-month,Yes,Credit card,71.41,1420.51,3,107.1,1
CUST-000743,Female,0,Yes,Yes,53,Yes,Yes,Fiber optic,No,No,No,No,Two year,Yes,Credit card,142.14,5647.86,2,242.7,1
CUST-000744,Male,0,No,No,57,No,No,No,No,No,No,No,Month-to-month,Yes,Credit card,21.88,917.27,2,267.3,1
CUST-000745,Male,0,No,No,40,Yes,Yes,DSL,No,No,Yes,Yes,Month-to-month,No,Mailed check,57.91,2054.03,2,90.7,1
CUST-000746,Female,0,Yes,Yes,29,Yes,No,No,No internet service,Yes,No,Yes,Month-to-month,No,Mailed check,130.21,2830.68,2,141.8,1
CUST-000747,Male,0,Yes,No,72,Yes,No,Fiber optic,No,Yes,Yes,No,Two year,Yes,Bank transfer,67.76,4363.08,1,228.6,0
CUST-000748,Female,1,Yes,No,59,Yes,No,DSL,No,No,Yes,Yes,Month-to-month,No,Electronic check,93.9,4717.7,1,358.9,1
CUST-000749,Male,0,Yes,Yes,36,Yes,Yes,Fiber optic,No,No,No internet service,No internet service,One year,Yes,Credit card,70.92,2379.51,1,122.0,1
CUST-000750,Female,1,No,No,11,Yes,No phone service,Fiber optic,No,No internet service,No,No,Month-to-month,Yes,Mailed check,55.49,524.67,3,241.8,1
CUST-000751,Female,0,Yes,Yes,6,Yes,Yes,Fiber optic,No,No,Yes,Yes,Month-to-month,Yes,Mailed check,116.29,561.19,0,57.5,1
CUST-000752,Female,0,No,Yes,15,Yes,No,Fiber optic,Yes,No,No internet service,No,One year,Yes,Electronic check,90.84,1072.56,6,238.5,1
CUST-000753,Male,0,No,No,36,Yes,Yes,DSL,No internet service,Yes,Yes,No,Month-to-month,Yes,Electronic check,128.76,3900.22,1,150.0,1
CUST-000754,Female,0,No,No,20,Yes,No,Fiber optic,No,No,Yes,No,Month-to-month,Yes,Credit card,49.17,777.5,4,78.1,1
CUST-000755,Female,0,Yes,No,11,No,No,Fiber optic,Yes,No,No,Yes,Two year,No,Bank transfer,41.96,344.89,2,107.6,0
CUST-000756,Male,0,Yes,No,25,Yes,Yes,DSL,No,Yes,No internet service,No,One year,Yes,Electronic check,147.49,3119.28,5,317.8,1
CUST-000757,Female,0,Yes,No,14,Yes,Yes,DSL,No internet service,Yes,No,No internet service,Month-to-month,No,Bank transfer,104.28,1296.48,1,183.3,1
CUST-000758,Male,0,No,Yes,24,Yes,Yes,Fiber optic,No,No internet service,No,No,Month-to-month,No,Credit card,165.18,3269.0,2,33.7,1
CUST-000759,Female,0,Yes,No,72,Yes,No,Fiber optic,No,Yes,Yes,No internet service,Two year,No,Credit card,131.39,8411.6,1,132.8,0
CUST-000760,Female,0,No,No,22,Yes,Yes,No,No,No,Yes,Yes,Month-to-month,Yes,Credit card,129.03,2255.39,4,371.1,1
CUST-000761,Female,1,Yes,Yes,59,Yes,Yes,DSL,Yes,No internet service,No,Yes,Month-to-month,Yes,Bank transfer,112.15,5550.07,1,23.4,1
CUST-000762,Male,0,Yes,No,48,Yes,No,Fiber optic,Yes,No,Yes,Yes,Two year,Yes,Electronic check,20.17,822.09,1,205.4,0
CUST-000763,Male,0,Yes,Yes,54,Yes,No,Fiber optic,No internet service,No,No,No,Two year,Yes,Credit card,162.64,7483.52,2,445.5,0
CUST-000764,Female,0,No,No,7,Yes,No phone service,Fiber optic,No internet service,Yes,Yes,Yes,One year,Yes,Mailed check,140.04,753.08,4,68.7,1
CUST-000765,Male,0,No,No,72,Yes,No,DSL,Yes,No internet service,No,No,Month-to-month,Yes,Bank transfer,42.54,2477.57,2,182.8,0
CUST-000766,Female,0,Yes,No,47,Yes,Yes,Fiber optic,No,Yes,Yes,Yes,One year,Yes,Bank transfer,20.8,888.25,1,147.3,0
CUST-000767,Female,0,Yes,No,27,No,Yes,No,No internet service,No,No,Yes,Month-to-month,Yes,Electronic check,134.18,2858.27,1,291.0,1
CUST-000768,Female,0,No,No,44,Yes,No,Fiber optic,No,No internet service,Yes,No,One year,No,Mailed check,78.71,2940.34,3,189.5,1
CUST-000769,Female,0,No,No,19,No,No phone service,Fiber optic,No,No internet service,No,Yes,One year,No,Mailed check,94.03,1476.84,2,247.3,1
CUST-000770,Female,0,No,No,6,Yes,Yes,No,Yes,No,No,Yes,Month-to-month,Yes,Bank transfer,156.42,810.36,3,132.9,1
CUST-000771,Female,1,Yes,No,65,Yes,Yes,Fiber optic,No,No,No,No,Month-to-month,No,Electronic check,19.55,1196.83,2,100.2,0
CUST-000772,Female,0,No,No,9,Yes,Yes,DSL,No,No,No internet service,No internet service,Month-to-month,Yes,Electronic check,157.09,1215.72,2,229.4,0
CUST-000773,Male,0,No,No,31,Yes,Yes,DSL,No,Yes,No,No internet service,Month-to-month,Yes,Electronic check,81.02,2218.14,2,149.1,0
CUST-000774,Female,0,Yes,No,31,Yes,Yes,Fiber optic,No,No internet service,Yes,No,Month-to-month,No,Credit card,95.68,2770.22,3,154.8,1
CUST-000775,Male,0,Yes,No,16,Yes,Yes,DSL,No,No,Yes,Yes,Month-to-month,No,Mailed check,107.98,1388.8,3,40.3,1
CUST-000776,Female,0,Yes,No,56,Yes,No,DSL,No,Yes,No internet service,No,Two year,Yes,Credit card,68.25,3303.63,3,29.9,0
CUST-000777,Female,1,Yes,Yes,15,No,No,Fiber optic,No internet service,Yes,No,No,Month-to-month,Yes,Electronic check,160.43,1995.61,4,108.4,1
CUST-000778,Male,0,Yes,No,44,Yes,Yes,Fiber optic,No,No internet service,Yes,Yes,One year,No,Electronic check,88.86,3514.59,2,176.1,0
CUST-000779,Female,0,No,No,50,Yes,Yes,Fiber optic,No,No,Yes,No,One year,No,Electronic check,88.87,3698.67,4,283.8,1
CUST-000780,Female,0,Yes,No,18,Yes,Yes,DSL,Yes,No internet service,No,No,Month-to-month,No,Mailed check,87.5,1414.82,3,202.6,0
CUST-000781,Female,1,No,No,28,Yes,Yes,DSL,No internet service,No internet service,Yes,Yes,Month-to-month,Yes,Bank transfer,114.37,2668.59,0,236.5,0
CUST-000782,Male,0,Yes,No,32,Yes,No phone service,DSL,No,No,No,Yes,Month-to-month,Yes,Bank transfer,126.02,3290.03,3,135.5,1
CUST-000783,Female,0,No,No,13,No,No,Fiber optic,No internet service,No,No internet service,Yes,One year,Yes,Mailed check,105.72,1094.09,3,0.0,1
CUST-000784,Male,1,Yes,Yes,38,Yes,No,DSL,No,Yes,Yes,No internet service,One year,Yes,Electronic check,156.22,4716.13,2,290.5,1
CUST-000785,Female,0,No,No,72,Yes,Yes,No,No,No internet service,No internet service,Yes,Two year,No,Credit card,45.74,2512.06,4,375.6,0
CUST-000786,Male,0,No,No,49,Yes,No,Fiber optic,Yes,No,Yes,No,Month-to-month,Yes,Electronic check,64.77,2668.91,0,145.0,1
CUST-000787,Male,0,No,Yes,23,Yes,Yes,Fiber optic,No,No,Yes,No internet service,Month-to-month,No,Bank transfer,104.51,2024.4,2,228.9,1
CUST-000788,Male,0,No,No,49,Yes,Yes,DSL,No,No,Yes,No,One year,Yes,Electronic check,94.52,3612.09,5,104.1,1
CUST-000789,Female,1,No,No,9,No,No phone service,Fiber optic,Yes,Yes,No,No internet service,Two year,No,Electronic check,86.77,641.56,3,223.1,1
CUST-000790,Male,0,Yes,No,17,Yes,No phone service,Fiber optic,No,No,No internet service,No internet service,One year,Yes,Electronic check,43.09,528.94,5,7.4,1
CUST-000791,Female,1,Yes,No,22,Yes,No,No,No,Yes,No,Yes,One year,Yes,Mailed check,80.41,1337.62,0,239.3,0
CUST-000792,Male,0,Yes,Yes,72,No,No,Fiber optic,No,No,Yes,Yes,Month-to-month,No,Electronic check,54.66,3417.83,3,444.1,0
CUST-000793,Male,0,Yes,No,26,Yes,No,Fiber optic,Yes,No,Yes,Yes,Month-to-month,No,Mailed check,116.0,2339.86,1,137.1,1
CUST-000794,Female,0,No,No,34,Yes,No,Fiber optic,Yes,No,No internet service,No internet service,One year,Yes,Bank transfer,116.01,3359.75,1,232.5,1
CUST-000795,Female,0,Yes,No,8,Yes,Yes,DSL,No,No,Yes,No,One year,No,Credit card,82.43,536.29,4,306.1,1
CUST-000796,Male,1,Yes,No,72,Yes,No,No,No internet service,Yes,No,Yes,Month-to-month,Yes,Bank transfer,78.42,4438.45,4,156.0,1
CUST-000797,Male,0,No,No,26,No,No,Fiber optic,No internet service,No internet service,Yes,Yes,One year,No,Electronic check,95.65,2109.5,2,122.4,0
CUST-000798,Female,0,Yes,No,15,Yes,No phone service,Fiber optic,No internet service,No,Yes,No,Month-to-month,No,Electronic check,154.83,1901.11,1,110.0,1
CUST-000799,Male,0,No,Yes,16,Yes,Yes,Fiber optic,Yes,No internet service,No internet service,Yes,Month-to-month,No,Bank transfer,82.64,1074.91,1,114.7,1
CUST-000800,Female,0,No,Yes,40,Yes,No,DSL,No,No internet service,No,Yes,Month-to-month,Yes,Mailed check,70.55,2101.73,1,23.2,0
CUST-000801,Male,0,Yes,No,4,Yes,Yes,Fiber optic,No internet service,No internet service,Yes,No,One year,Yes,Mailed check,79.13,277.91,3,50.0,0
CUST-000802,Male,1,No,No,49,No,Yes,Fiber optic,No,No internet service,Yes,No,Month-to-month,Yes,Electronic check,171.43,7252.26,1,173.3,0
CUST-000803,Female,0,Yes,No,9,Yes,No phone service,Fiber optic,No,No,No,Yes,Month-to-month,Yes,Mailed check,46.86,370.73,1,239.0,1
CUST-000804,Female,0,Yes,No,26,Yes,Yes,Fiber optic,No,Yes,No,No internet service,Two year,Yes,Mailed check,68.61,1388.11,4,384.3,1
CUST-000805,Male,0,No,Yes,23,Yes,No phone service,Fiber optic,No,No,No,Yes,Month-to-month,Yes,Electronic check,53.15,929.99,1,309.7,1
CUST-000806,Female,0,Yes,No,15,Yes,No,Fiber optic,Yes,Yes,No,No,Month-to-month,No,Mailed check,119.17,1318.27,2,63.2,1
CUST-000807,Male,0,Yes,No,72,Yes,Yes,Fiber optic,No internet service,No,Yes,No internet service,One year,Yes,Electronic check,104.13,6027.67,3,119.9,0
CUST-000808,Male,0,No,No,71,Yes,No phone service,No,No internet service,No,No internet service,Yes,One year,No,Electronic check,65.32,4193.6,4,88.3,0
CUST-000809,Female,0,Yes,No,72,Yes,No phone service,Fiber optic,No,Yes,No,Yes,One year,Yes,Electronic check,79.45,4398.44,0,204.8,0
CUST-000810,Female,0,No,No,34,Yes,Yes,Fiber optic,No internet service,No,Yes,No internet service,One year,Yes,Electronic check,37.01,1011.24,2,156.3,1
CUST-000811,Female,0,Yes,Yes,21,Yes,No,Fiber optic,Yes,Yes,No,No internet service,Month-to-month,No,Electronic check,136.61,2459.7,2,312.9,1
CUST-000812,Female,1,No,No,15,Yes,Yes,Fiber optic,No internet service,No,No,No,One year,Yes,Mailed check,52.24,618.14,5,82.0,1
CUST-000813,Male,0,No,No,21,Yes,Yes,Fiber optic,No,Yes,No,Yes,One year,Yes,Credit card,32.24,542.0,0,349.9,1
CUST-000814,Female,0,No,Yes,28,Yes,No,DSL,No,Yes,No internet service,No internet service,Month-to-month,No,Electronic check,113.3,2522.22,1,238.5,1
CUST-000815,Male,0,No,No,54,Yes,Yes,DSL,No,Yes,Yes,No,Two year,Yes,Electronic check,174.03,7428.49,7,259.0,1
CUST-000816,Male,1,Yes,No,19,Yes,Yes,No,No,Yes,No,Yes,One year,Yes,Electronic check,109.35,1535.34,3,173.2,1
CUST-000817,Male,0,Yes,No,21,Yes,Yes,DSL,Yes,No internet service,No,No internet service,Month-to-month,No,Credit card,120.87,2296.86,4,137.9,1
CUST-000818,Female,0,Yes,No,19,Yes,Yes,Fiber optic,Yes,No,Yes,No,One year,Yes,Electronic check,50.92,773.08,0,187.8,0
CUST-000819,Female,0,Yes,No,7,Yes,Yes,Fiber optic,Yes,No,No,No internet service,One year,No,Mailed check,161.42,862.56,1,69.1,1
CUST-000820,Female,0,No,Yes,27,Yes,No,Fiber optic,Yes,Yes,No,No internet service,Month-to-month,No,Electronic check,134.47,3223.12,6,236.2,1
CUST-000821,Female,0,No,No,3,Yes,No phone service,Fiber optic,No internet service,Yes,No,No internet service,One year,Yes,Electronic check,77.34,204.09,1,63.0,1
CUST-000822,Female,0,Yes,No,12,Yes,No,Fiber optic,No,No internet service,No,No,One year,No,Mailed check,133.69,1189.8,2,179.3,1
CUST-000823,Male,0,Yes,No,43,Yes,No,Fiber optic,No,No,No,Yes,Two year,Yes,Mailed check,52.76,1861.02,4,131.8,1
CUST-000824,Male,0,Yes,Yes,25,Yes,Yes,DSL,No internet service,No internet service,Yes,Yes,One year,Yes,Mailed check,51.61,1119.25,3,165.7,1
CUST-000825,Male,0,Yes,No,22,Yes,Yes,DSL,Yes,No,No,No,Month-to-month,Yes,Bank transfer,113.86,1873.0,0,164.5,0
CUST-000826,Female,0,Yes,No,52,Yes,No,DSL,No,Yes,No internet service,No,Two year,No,Mailed check,113.8,4876.18,2,152.6,0
CUST-000827,Male,1,Yes,No,29,Yes,Yes,Fiber optic,No,No internet service,No internet service,Yes,Month-to-month,Yes,Credit card,110.34,2709.05,2,178.1,1
CUST-000828,Male,1,No,No,21,Yes,No phone service,No,Yes,No internet service,Yes,Yes,Month-to-month,Yes,Credit card,97.1,1754.86,2,77.9,1
CUST-000829,Female,0,No,No,44,Yes,No,Fiber optic,No,No,No,Yes,Two year,No,Credit card,92.99,3242.27,3,102.4,0
CUST-000830,Female,0,Yes,No,19,Yes,No phone service,Fiber optic,No,Yes,Yes,No,Month-to-month,No,Mailed check,80.05,1178.77,2,104.8,1
CUST-000831,Male,0,Yes,Yes,7,Yes,No,Fiber optic,No,No,No,No,Month-to-month,Yes,Mailed check,90.49,607.54,2,112.7,1
CUST-000832,Female,0,Yes,No,20,Yes,No,No,Yes,No internet service,Yes,Yes,Month-to-month,Yes,Credit card,129.95,2131.15,3,271.8,1
CUST-000833,Male,0,No,Yes,25,Yes,Yes,DSL,No,No internet service,No,Yes,Two year,Yes,Bank transfer,19.76,447.53,4,140.9,1
CUST-000834,Female,1,Yes,No,49,Yes,No phone service,DSL,No internet service,Yes,Yes,No,One year,Yes,Bank transfer,140.57,6219.98,3,138.3,1
CUST-000835,Male,1,Yes,No,32,Yes,Yes,DSL,No internet service,No,No internet service,No,Month-to-month,Yes,Credit card,89.01,2661.75,3,116.5,1
CUST-000836,Male,0,Yes,No,63,Yes,Yes,Fiber optic,Yes,Yes,No,No,Month-to-month,No,Credit card,149.96,7324.69,2,277.7,1
CUST-000837,Male,0,Yes,No,8,Yes,Yes,Fiber optic,No,No internet service,No,Yes,Month-to-month,No,Electronic check,36.21,254.19,2,111.0,0
CUST-000838,Female,0,No,Yes,72,Yes,No,Fiber optic,No,Yes,No,No,Two year,Yes,Credit card,85.96,5753.79,2,112.7,0
CUST-000839,Male,1,No,Yes,67,Yes,Yes,Fiber optic,No internet service,No,No,No,Two year,No,Bank transfer,80.09,4520.47,3,214.0,1
CUST-000840,Female,0,Yes,No,30,Yes,Yes,Fiber optic,No,No,No,Yes,Month-to-month,Yes,Mailed check,105.19,2357.97,2,368.5,1
CUST-000841,Male,0,Yes,Yes,16,Yes,No,DSL,No internet service,Yes,Yes,Yes,Month-to-month,Yes,Mailed check,90.45,1062.9,1,84.1,0
CUST-000842,Male,0,No,No,18,Yes,Yes,Fiber optic,No internet service,Yes,No,Yes,Month-to-month,Yes,Mailed check,51.29,824.25,4,261.4,1
CUST-000843,Male,0,Yes,Yes,63,No,No,Fiber optic,No,No internet service,Yes,Yes,Two year,No,Electronic check,71.47,3982.15,2,168.9,0
CUST-000844,Female,0,No,No,24,Yes,Yes,Fiber optic,No,Yes,No internet service,No,One year,Yes,Mailed check,66.63,1248.51,1,197.9,1
CUST-000845,Male,0,No,Yes,19,Yes,No,Fiber optic,Yes,No,No,No internet service,Two year,Yes,Electronic check,49.17,734.41,4,143.7,1
CUST-000846,Male,0,No,No,42,Yes,No,No,No,No,No,Yes,Two year,Yes,Mailed check,111.8,3873.34,3,151.3,0
CUST-000847,Male,0,Yes,No,66,Yes,Yes,Fiber optic,Yes,Yes,Yes,Yes,Month-to-month,Yes,Mailed check,93.22,5359.26,2,197.0,0
CUST-000848,Female,0,No,No,32,Yes,No,Fiber optic,No,Yes,No,No,Two year,No,Credit card,34.76,934.84,0,214.7,0
CUST-000849,Female,0,Yes,No,6,Yes,Yes,DSL,No,No,Yes,No,Month-to-month,Yes,Bank transfer,89.14,463.4,0,11.5,0
CUST-000850,Female,0,Yes,No,22,Yes,No,Fiber optic,No internet service,No,No,Yes,One year,Yes,Mailed check,91.11,1725.78,3,195.7,1
CUST-000851,Male,0,No,Yes,24,Yes,Yes,DSL,No,No,Yes,Yes,Two year,Yes,Electronic check,107.27,2038.17,2,148.9,1
CUST-000852,Female,0,No,No,50,Yes,Yes,DSL,No,No internet service,No,No internet service,One year,No,Electronic check,66.88,3219.02,2,137.8,0
CUST-000853,Female,0,No,Yes,54,Yes,No,Fiber optic,No,No internet service,No internet service,No,Month-to-month,No,Electronic check,66.71,3293.4,4,151.8,1
CUST-000854,Male,0,No,No,13,Yes,No,Fiber optic,Yes,No,No,No,Month-to-month,No,Electronic check,99.22,1069.56,3,129.6,1
CUST-000855,Male,0,Yes,No,33,Yes,Yes,Fiber optic,Yes,No internet service,Yes,No,Two year,No,Bank transfer,42.56,1055.01,1,185.0,0
CUST-000856,Female,0,Yes,No,33,Yes,No,Fiber optic,No,No internet service,No,No,One year,Yes,Mailed check,102.01,2595.15,3,181.3,0
CUST-000857,Male,0,Yes,Yes,20,Yes,No,DSL,Yes,No internet service,No,No,One year,Yes,Electronic check,102.3,1627.26,1,222.0,0
CUST-000858,Female,0,No,No,10,Yes,No,Fiber optic,Yes,No,No internet service,No internet service,One year,No,Bank transfer,93.69,827.53,2,215.3,1
CUST-000859,Male,0,Yes,Yes,62,Yes,No,DSL,Yes,No,Yes,No,Month-to-month,Yes,Credit card,50.15,2548.61,3,178.4,1
CUST-000860,Male,0,Yes,Yes,16,Yes,Yes,Fiber optic,No,Yes,No,Yes,Month-to-month,Yes,Mailed check,97.96,1213.56,1,183.7,1
CUST-000861,Male,0,Yes,Yes,22,Yes,Yes,Fiber optic,No,No,No,No,Month-to-month,Yes,Bank transfer,56.44,1006.17,2,148.2,1
CUST-000862,Male,0,Yes,Yes,11,Yes,No,Fiber optic,No internet service,Yes,Yes,Yes,Month-to-month,Yes,Electronic check,89.43,708.54,2,112.4,1
CUST-000863,Male,0,Yes,Yes,48,Yes,Yes,DSL,No,Yes,Yes,No,Two year,Yes,Electronic check,99.85,3941.19,2,173.9,0
CUST-000864,Female,0,No,No,26,Yes,No,Fiber optic,Yes,No,No,No,Month-to-month,No,Electronic check,77.3,1586.83,2,105.2,1
CUST-000865,Male,1,No,No,10,Yes,Yes,Fiber optic,Yes,No,Yes,Yes,One year,Yes,Electronic check,115.49,1066.45,5,210.1,1
CUST-000866,Female,0,Yes,Yes,13,Yes,No phone service,Fiber optic,No internet service,Yes,Yes,No,One year,Yes,Credit card,121.61,1474.29,2,150.4,1
CUST-000867,Male,0,No,Yes,18,Yes,Yes,Fiber optic,No,No,No,No,Month-to-month,Yes,Bank transfer,140.48,2067.92,4,364.5,1
CUST-000868,Male,0,No,No,34,Yes,No,DSL,No,No,Yes,No,Month-to-month,Yes,Electronic check,170.11,4920.12,2,222.1,1
CUST-000869,Female,0,No,No,16,Yes,Yes,Fiber optic,No,No internet service,Yes,Yes,One year,Yes,Credit card,35.45,535.16,0,176.5,1
CUST-000870,Male,0,Yes,Yes,30,Yes,No,DSL,Yes,No internet service,No internet service,Yes,Month-to-month,Yes,Electronic check,127.26,3033.67,2,240.9,1
CUST-000871,Male,0,Yes,No,37,Yes,No,Fiber optic,No internet service,No,Yes,Yes,One year,Yes,Mailed check,56.34,1724.78,4,125.9,1
CUST-000872,Female,1,No,No,4,Yes,No,DSL,Yes,Yes,No internet service,No,One year,Yes,Credit card,89.03,324.64,2,320.6,1
CUST-000873,Female,1,No,Yes,49,No,No,DSL,No,No,No,Yes,Month-to-month,Yes,Electronic check,81.75,3757.51,1,241.8,0
CUST-000874,Male,0,Yes,Yes,55,Yes,No,Fiber optic,Yes,No,Yes,Yes,One year,No,Mailed check,101.78,4791.98,1,181.5,1
CUST-000875,Male,0,Yes,Yes,29,No,No,Fiber optic,No,No,No,No,Month-to-month,No,Electronic check,74.06,1526.29,0,260.8,0
CUST-000876,Male,0,Yes,No,25,Yes,Yes,Fiber optic,No internet service,No,No,Yes,Month-to-month,Yes,Bank transfer,159.88,3116.82,5,299.9,1
CUST-000877,Male,0,Yes,No,25,Yes,No phone service,Fiber optic,No,No,Yes,No,Two year,No,Electronic check,122.14,2511.13,1,303.8,0
CUST-000878,Female,1,No,No,5,Yes,Yes,DSL,Yes,Yes,No internet service,No,Month-to-month,No,Mailed check,94.83,386.28,5,270.8,1
CUST-000879,Female,0,Yes,No,44,Yes,Yes,DSL,Yes,No,No internet service,Yes,Month-to-month,No,Electronic check,19.95,826.57,1,38.0,0
CUST-000880,Female,0,No,No,17,Yes,No,Fiber optic,Yes,No,No,Yes,One year,Yes,Electronic check,48.54,763.33,0,137.6,0
CUST-000881,Female,0,Yes,Yes,71,Yes,Yes,DSL,No,No,No internet service,No internet service,One year,No,Electronic check,137.55,8879.47,2,202.9,1
CUST-000882,Female,0,No,No,34,Yes,Yes,Fiber optic,No,No internet service,No,Yes,One year,No,Electronic check,133.09,3947.54,3,100.0,1
CUST-000883,Male,0,Yes,No,50,Yes,Yes,Fiber optic,No,No,Yes,Yes,Month-to-month,Yes,Credit card,59.35,2513.31,5,23.2,1
CUST-000884,Female,0,Yes,No,72,Yes,No,Fiber optic,No,No,Yes,No,Month-to-month,Yes,Bank transfer,78.37,5051.56,3,5.0,1
CUST-000885,Male,0,Yes,No,45,Yes,No,Fiber optic,No,No,Yes,No,Month-to-month,No,Mailed check,72.47,2403.67,3,254.9,1
CUST-000886,Female,0,Yes,No,20,Yes,Yes,DSL,No internet service,No,No,No,Month-to-month,Yes,Electronic check,83.21,1202.36,2,0.0,1
CUST-000887,Male,0,Yes,Yes,19,Yes,Yes,DSL,No,Yes,No,No,Month-to-month,No,Mailed check,67.21,950.28,0,146.0,0
CUST-000888,Male,0,Yes,No,17,Yes,Yes,DSL,No,Yes,Yes,No,Month-to-month,No,Bank transfer,112.47,1462.38,2,30.0,0
CUST-000889,Female,1,No,No,36,Yes,Yes,Fiber optic,No internet service,No internet service,No,No,Month-to-month,Yes,Credit card,124.51,3609.01,1,201.3,1
CUST-000890,Female,0,No,No,40,Yes,No,DSL,Yes,Yes,No internet service,Yes,One year,Yes,Electronic check,85.82,2628.63,1,188.0,0
CUST-000891,Female,0,Yes,No,12,Yes,Yes,Fiber optic,Yes,No,No internet service,No internet service,Month-to-month,Yes,Mailed check,79.34,758.73,2,288.4,1
CUST-000892,Male,0,No,No,38,Yes,Yes,Fiber optic,No internet service,No,Yes,No,One year,Yes,Credit card,43.3,1414.12,1,206.0,1
CUST-000893,Female,0,No,No,64,No,Yes,DSL,No,Yes,Yes,Yes,Month-to-month,Yes,Bank transfer,104.1,4964.68,1,236.8,0
CUST-000894,Male,0,Yes,No,62,Yes,No phone service,No,No,No,No,No,Two year,Yes,Electronic check,142.87,7221.56,4,201.2,0
CUST-000895,Male,0,No,No,58,Yes,Yes,DSL,No internet service,No internet service,No internet service,Yes,Month-to-month,No,Mailed check,92.55,4727.37,1,0.0,0
CUST-000896,Female,0,Yes,Yes,4,Yes,No,Fiber optic,No,Yes,No,No internet service,Month-to-month,Yes,Mailed check,52.66,190.17,3,69.4,1
CUST-000897,Female,0,No,No,72,Yes,Yes,Fiber optic,No internet service,No,Yes,No internet service,One year,Yes,Bank transfer,89.46,5206.57,3,341.7,1
CUST-000898,Male,0,No,No,15,No,Yes,Fiber optic,No,Yes,Yes,Yes,Month-to-month,Yes,Bank transfer,80.79,1051.57,1,167.2,1
CUST-000899,Female,0,Yes,Yes,10,Yes,Yes,Fiber optic,No internet service,No,No,No,Two year,Yes,Electronic check,80.33,626.8,4,114.3,1
CUST-000900,Female,0,Yes,Yes,45,Yes,Yes,DSL,No,No,No,Yes,Month-to-month,No,Electronic check,125.19,4857.55,2,208.5,1
CUST-000901,Female,0,No,No,66,Yes,No,Fiber optic,No,No,Yes,No internet service,One year,Yes,Mailed check,107.55,6062.88,2,362.6,0
CUST-000902,Male,0,No,Yes,43,Yes,Yes,No,No internet service,No internet service,Yes,No internet service,Month-to-month,Yes,Bank transfer,82.65,3033.95,1,269.4,0
CUST-000903,Male,0,No,No,27,Yes,No phone service,Fiber optic,No,No internet service,Yes,Yes,Month-to-month,Yes,Mailed check,117.3,2630.68,0,294.5,1
CUST-000904,Female,0,No,Yes,72,Yes,No,Fiber optic,No,Yes,Yes,No,One year,No,Mailed check,113.09,6428.35,2,258.2,1
CUST-000905,Male,0,Yes,No,15,Yes,No phone service,DSL,No internet service,No,No,No,Month-to-month,Yes,Mailed check,40.42,453.58,5,223.9,0
CUST-000906,Female,0,No,No,63,Yes,No phone service,Fiber optic,No,No,No internet service,Yes,Month-to-month,No,Bank transfer,53.91,2666.42,2,179.6,1
CUST-000907,Male,0,Yes,Yes,22,Yes,Yes,Fiber optic,No,No,No internet service,No,Month-to-month,No,Bank transfer,113.34,1962.3,1,306.7,1
CUST-000908,Female,0,No,No,44,Yes,No,DSL,No,No,No,No internet service,Month-to-month,Yes,Bank transfer,128.28,4670.49,1,132.8,1
CUST-000909,Female,0,No,No,56,Yes,No phone service,Fiber optic,No internet service,No,No,No internet service,Month-to-month,No,Mailed check,82.16,3531.12,0,18.9,0
CUST-000910,Male,0,No,No,63,Yes,No,DSL,Yes,No,Yes,No internet service,One year,Yes,Mailed check,59.36,2883.59,1,166.5,0
CUST-000911,Female,0,Yes,No,29,Yes,No,Fiber optic,Yes,Yes,Yes,No,Month-to-month,Yes,Bank transfer,124.18,2888.08,5,181.4,1
CUST-000912,Female,1,No,No,71,Yes,No,No,No,No internet service,Yes,No internet service,Month-to-month,No,Mailed check,118.71,6517.6,2,164.3,0
CUST-000913,Female,0,Yes,No,17,Yes,No,DSL,No,No,Yes,Yes,Two year,No,Bank transfer,76.1,1037.76,1,119.5,1
CUST-000914,Male,0,Yes,No,25,Yes,Yes,DSL,Yes,No internet service,No internet service,No internet service,One year,Yes,Bank transfer,77.87,1748.02,2,72.9,0
CUST-000915,Male,0,No,No,28,No,No,Fiber optic,No,No,No,Yes,Month-to-month,Yes,Bank transfer,22.36,523.41,2,122.5,1
CUST-000916,Male,0,No,No,19,Yes,Yes,Fiber optic,No,No,Yes,No internet service,Two year,Yes,Electronic check,38.44,663.8,3,144.6,1
CUST-000917,Female,0,No,No,24,Yes,Yes,Fiber optic,No internet service,Yes,No,Yes,Month-to-month,Yes,Bank transfer,126.7,2500.05,5,242.2,1
CUST-000918,Male,0,No,No,15,Yes,No phone service,Fiber optic,No,No,Yes,No,Two year,Yes,Mailed check,103.21,1202.36,4,130.4,1
CUST-000919,Male,1,Yes,No,8,Yes,No,DSL,No internet service,No,No internet service,Yes,Month-to-month,No,Credit card,123.15,831.72,2,226.6,1
CUST-000920,Female,1,Yes,No,15,Yes,No,Fiber optic,No,Yes,No,Yes,Month-to-month,No,Bank transfer,45.54,544.68,1,84.5,1
CUST-000921,Female,1,Yes,No,18,Yes,Yes,DSL,No,No,No internet service,Yes,Month-to-month,No,Credit card,83.53,1125.51,2,144.6,1
CUST-000922,Female,0,Yes,Yes,37,Yes,No,Fiber optic,No internet service,Yes,Yes,No,Month-to-month,No,Credit card,38.09,1072.57,2,277.6,1
CUST-000923,Male,1,No,No,72,No,Yes,No,No,No,No,Yes,Month-to-month,Yes,Mailed check,208.27,12117.84,2,173.1,1
CUST-000924,Female,0,No,No,37,Yes,No,Fiber optic,No,No,No,No,Month-to-month,Yes,Electronic check,118.43,3711.47,2,224.3,1
CUST-000925,Female,0,No,No,27,Yes,Yes,Fiber optic,No,No,No,No,Month-to-month,No,Credit card,76.3,1766.66,2,65.0,1
CUST-000926,Male,0,Yes,No,21,Yes,No,Fiber optic,No internet service,Yes,No,No internet service,Month-to-month,Yes,Mailed check,20.8,360.53,3,222.8,1
CUST-000927,Male,0,Yes,No,19,Yes,Yes,DSL,No,Yes,Yes,No,Two year,Yes,Credit card,159.46,2252.72,1,230.0,0
CUST-000928,Male,0,Yes,No,4,Yes,Yes,Fiber optic,No,No,Yes,No,One year,Yes,Mailed check,75.12,228.41,4,162.1,1
CUST-000929,Male,0,No,Yes,24,Yes,Yes,DSL,No,Yes,Yes,No internet service,Month-to-month,Yes,Bank transfer,116.14,2152.02,1,346.8,0
CUST-000930,Male,0,No,No,9,Yes,Yes,Fiber optic,No internet service,Yes,No,No,Month-to-month,Yes,Mailed check,115.39,910.86,5,216.5,1
CUST-000931,Female,1,Yes,Yes,72,Yes,No,DSL,No,No,No internet service,No,Month-to-month,Yes,Bank transfer,58.74,3482.95,2,152.3,0
CUST-000932,Female,1,Yes,Yes,28,Yes,No,Fiber optic,No internet service,No,No,Yes,Month-to-month,No,Electronic check,132.26,3109.45,0,241.6,1
CUST-000933,Male,0,Yes,No,28,Yes,No,Fiber optic,No internet service,No,Yes,Yes,Two year,Yes,Electronic check,110.3,2531.02,2,290.9,1
CUST-000934,Male,0,Yes,No,23,Yes,No,Fiber optic,No,No internet service,No internet service,Yes,Two year,Yes,Mailed check,149.18,3009.57,1,307.2,1
CUST-000935,Male,0,No,No,19,No,No,Fiber optic,No internet service,No,No,Yes,Month-to-month,Yes,Electronic check,142.41,2378.0,3,222.8,1
CUST-000936,Male,0,No,No,72,Yes,Yes,Fiber optic,No,No,No,No,One year,Yes,Mailed check,69.89,4291.81,4,121.5,0
CUST-000937,Male,0,Yes,No,65,Yes,No,Fiber optic,Yes,No,No internet service,No,Month-to-month,No,Mailed check,106.54,5756.59,2,314.3,0
CUST-000938,Female,0,No,No,23,Yes,No,Fiber optic,Yes,No internet service,Yes,Yes,Two year,Yes,Credit card,89.61,1912.5,2,143.5,0
CUST-000939,Female,0,No,No,14,Yes,No,Fiber optic,No,No,No,Yes,Two year,Yes,Electronic check,64.24,684.27,0,112.7,1
CUST-000940,Female,0,No,No,10,Yes,No,DSL,No internet service,No internet service,Yes,Yes,Month-to-month,Yes,Credit card,50.99,474.7,4,201.6,1
CUST-000941,Male,0,Yes,No,31,Yes,No,DSL,Yes,No internet service,No,No,Month-to-month,No,Credit card,90.39,2464.97,1,211.7,1
CUST-000942,Male,0,Yes,No,72,Yes,No,Fiber optic,Yes,Yes,No internet service,Yes,One year,Yes,Credit card,38.35,2601.33,2,224.5,0
CUST-000943,Male,1,No,No,72,Yes,Yes,Fiber optic,No internet service,No,No,Yes,Two year,No,Electronic check,126.83,8643.5,4,135.4,0
CUST-000944,Female,1,Yes,No,55,Yes,Yes,Fiber optic,Yes,No,No,No internet service,Two year,No,Credit card,68.44,3006.18,4,129.2,0
CUST-000945,Female,1,Yes,Yes,11,Yes,No,DSL,No internet service,No internet service,Yes,No internet service,Month-to-month,No,Credit card,108.97,1011.95,1,295.6,0
CUST-000946,Female,0,No,No,26,Yes,No,No,No,No internet service,Yes,No,One year,No,Credit card,100.55,1959.46,5,35.6,0
CUST-000947,Female,0,Yes,No,29,Yes,No,Fiber optic,No,Yes,No,No,Month-to-month,No,Electronic check,30.11,779.03,0,153.3,1
CUST-000948,Female,0,Yes,Yes,28,No,Yes,Fiber optic,No internet service,No,No internet service,No,Month-to-month,Yes,Credit card,126.83,3080.13,1,255.0,1
CUST-000949,Female,0,Yes,No,30,Yes,No,Fiber optic,No internet service,No,Yes,Yes,Month-to-month,No,Credit card,87.67,2110.67,1,33.7,0
CUST-000950,Male,1,Yes,Yes,42,Yes,Yes,DSL,No,No,No internet service,Yes,Two year,Yes,Credit card,32.59,1066.44,0,166.4,0
CUST-000951,Female,0,No,No,17,Yes,Yes,Fiber optic,No,Yes,No,No internet service,Month-to-month,No,Mailed check,163.85,2263.1,0,152.6,1
CUST-000952,Male,0,Yes,Yes,27,Yes,Yes,Fiber optic,No,No,Yes,Yes,Month-to-month,Yes,Electronic check,135.12,3018.79,2,114.7,1
CUST-000953,Female,0,Yes,No,11,Yes,No,Fiber optic,Yes,No,No,Yes,Month-to-month,No,Bank transfer,126.2,1212.61,0,88.8,1
CUST-000954,Male,0,Yes,No,48,Yes,No,Fiber optic,No,No internet service,Yes,No,Month-to-month,Yes,Credit card,45.35,1613.44,4,188.7,0
CUST-000955,Male,1,No,Yes,37,Yes,No,No,Yes,No internet service,No,No internet service,Month-to-month,Yes,Bank transfer,89.95,2791.52,2,368.5,1
CUST-000956,Female,0,No,No,4,Yes,No,Fiber optic,No,Yes,No,Yes,Month-to-month,No,Bank transfer,170.81,524.22,2,132.1,1
CUST-000957,Male,0,Yes,Yes,17,Yes,No,Fiber optic,No,No,No,No internet service,Two year,Yes,Mailed check,148.44,2075.84,1,192.4,1
CUST-000958,Female,0,No,Yes,9,Yes,Yes,No,No,Yes,No,No,Month-to-month,No,Bank transfer,93.95,709.8,1,103.9,0
CUST-000959,Male,0,No,Yes,59,Yes,No,Fiber optic,Yes,No,No,No internet service,Month-to-month,Yes,Electronic check,79.75,4103.37,5,252.1,1
CUST-000960,Male,0,No,Yes,33,Yes,No phone service,DSL,No,Yes,Yes,No,Month-to-month,Yes,Electronic check,185.51,5141.94,1,225.8,1
CUST-000961,Male,0,Yes,No,24,Yes,Yes,Fiber optic,Yes,No internet service,No internet service,Yes,Month-to-month,Yes,Credit card,47.05,934.54,4,171.4,1
CUST-000962,Female,0,Yes,Yes,20,No,No,DSL,No internet service,No internet service,No,Yes,Month-to-month,No,Electronic check,147.04,2492.88,2,0.0,1
CUST-000963,Male,0,Yes,Yes,38,Yes,Yes,Fiber optic,No,No,Yes,Yes,Month-to-month,No,Credit card,115.17,3835.68,2,278.0,1
CUST-000964,Male,0,Yes,Yes,28,Yes,No,Fiber optic,No,No internet service,No,Yes,Two year,No,Electronic check,113.01,2597.33,2,188.6,1
CUST-000965,Female,0,Yes,Yes,23,Yes,No,Fiber optic,No,No,No,No,Month-to-month,No,Electronic check,89.42,1763.57,1,243.7,1
CUST-000966,Male,0,No,No,72,Yes,No,DSL,No internet service,No,No,No,Two year,Yes,Bank transfer,101.71,5849.52,1,145.4,0
CUST-000967,Female,0,No,No,35,No,No,Fiber optic,No,No internet service,No,No,Month-to-month,Yes,Electronic check,53.87,1456.28,3,160.4,0
CUST-000968,Male,1,Yes,Yes,12,Yes,No,DSL,No,No internet service,Yes,No,Month-to-month,Yes,Mailed check,149.16,1566.32,2,225.8,0
CUST-000969,Male,1,Yes,No,34,Yes,No,Fiber optic,No internet service,No internet service,Yes,No,Month-to-month,Yes,Mailed check,94.89,2452.68,0,89.1,1
CUST-000970,Male,0,Yes,No,33,Yes,Yes,Fiber optic,No,No,No,No,One year,Yes,Bank transfer,84.87,2328.53,1,208.0,1
CUST-000971,Female,0,Yes,No,3,Yes,No,No,No internet service,Yes,Yes,No,One year,No,Bank transfer,157.54,377.74,3,221.8,1
CUST-000972,Male,0,Yes,No,31,No,No,Fiber optic,Yes,No,Yes,No,Month-to-month,No,Credit card,114.94,2653.05,2,171.7,0
CUST-000973,Male,0,No,No,27,Yes,Yes,Fiber optic,Yes,No,No,Yes,Two year,No,Electronic check,72.5,1617.92,1,210.0,0
CUST-000974,Male,0,No,No,57,Yes,No phone service,No,Yes,No,No internet service,No internet service,Month-to-month,No,Electronic check,141.1,6095.28,1,171.5,0
CUST-000975,Female,0,Yes,No,7,Yes,No phone service,No,No,No,No,No,Two year,Yes,Bank transfer,120.55,664.94,2,47.2,0
CUST-000976,Female,0,Yes,No,8,Yes,No,Fiber optic,Yes,No internet service,No,No,Two year,No,Electronic check,107.59,743.56,1,151.1,1
CUST-000977,Male,0,Yes,No,9,Yes,No,Fiber optic,No internet service,Yes,No,No,Two year,Yes,Electronic check,87.23,642.1,2,303.8,1
CUST-000978,Female,0,Yes,No,42,Yes,Yes,Fiber optic,Yes,No internet service,Yes,No,Two year,Yes,Bank transfer,86.49,3264.33,3,215.4,1
CUST-000979,Female,0,No,Yes,32,Yes,Yes,Fiber optic,No,No,Yes,Yes,One year,No,Electronic check,117.65,3112.74,2,1.4,0
CUST-000980,Female,0,No,Yes,6,Yes,No,Fiber optic,No,No,Yes,No,One year,Yes,Electronic check,135.12,588.9,1,282.2,1
CUST-000981,Female,0,Yes,No,11,Yes,No,DSL,Yes,No internet service,No internet service,No internet service,Two year,No,Credit card,73.59,624.8,1,106.4,0
CUST-000982,Female,0,Yes,No,12,Yes,No,DSL,No internet service,Yes,No internet service,Yes,Two year,Yes,Bank transfer,83.12,868.4,3,176.3,0
CUST-000983,Male,0,No,No,42,Yes,Yes,Fiber optic,No,Yes,No internet service,Yes,Month-to-month,No,Electronic check,135.25,5043.45,4,270.3,1
CUST-000984,Female,0,No,No,33,Yes,Yes,No,No internet service,No,Yes,Yes,One year,Yes,Credit card,99.53,2716.14,1,195.8,1
CUST-000985,Male,0,Yes,Yes,21,Yes,Yes,Fiber optic,No,No internet service,Yes,No,Month-to-month,No,Mailed check,42.17,762.41,1,205.2,1
CUST-000986,Female,0,Yes,No,24,No,Yes,DSL,No,No internet service,No internet service,No,Month-to-month,No,Electronic check,29.34,560.82,3,337.6,0
CUST-000987,Male,0,Yes,No,11,No,No,Fiber optic,No internet service,Yes,No,No,One year,Yes,Electronic check,29.58,242.68,0,215.8,0
CUST-000988,Male,0,Yes,No,53,Yes,No phone service,Fiber optic,No,No,No,No,Two year,No,Mailed check,68.65,2727.11,2,177.8,0
CUST-000989,Male,0,Yes,No,26,Yes,No,DSL,No,No,Yes,Yes,Two year,No,Bank transfer,69.46,1343.53,3,38.0,1
CUST-000990,Female,0,Yes,No,28,Yes,No phone service,DSL,No internet service,Yes,Yes,No,One year,No,Bank transfer,135.33,3150.17,2,117.7,0
CUST-000991,Female,1,Yes,No,59,Yes,Yes,Fiber optic,Yes,No,No internet service,No,Month-to-month,Yes,Mailed check,20.47,1079.1,3,341.1,1
CUST-000992,Female,0,Yes,Yes,55,Yes,No,Fiber optic,No internet service,Yes,No,Yes,Two year,Yes,Electronic check,59.12,2994.1,2,111.7,0
CUST-000993,Female,0,No,No,23,Yes,Yes,Fiber optic,No,No,Yes,No,Month-to-month,Yes,Bank transfer,156.08,2934.1,2,312.5,1
CUST-000994,Female,0,No,No,20,Yes,No,Fiber optic,No,Yes,Yes,Yes,Month-to-month,Yes,Electronic check,54.34,888.42,1,61.5,0
CUST-000995,Male,0,No,No,8,Yes,No,Fiber optic,No,No,No,Yes,Two year,No,Bank transfer,159.71,1047.86,1,92.6,1
CUST-000996,Female,0,No,Yes,44,Yes,Yes,Fiber optic,No,No,No,Yes,Month-to-month,Yes,Credit card,123.2,4428.66,1,11.9,1
CUST-000997,Male,0,Yes,No,36,No,Yes,DSL,No internet service,Yes,No,Yes,Month-to-month,No,Bank transfer,36.48,1130.2,0,228.8,0
CUST-000998,Female,0,Yes,No,26,Yes,No,Fiber optic,No internet service,No internet service,No,Yes,Month-to-month,Yes,Electronic check,84.36,1877.4,0,157.4,1
CUST-000999,Female,1,Yes,No,33,No,No,No,Yes,Yes,No,No,Month-to-month,No,Electronic check,79.5,2093.45,1,110.4,0
CUST-001000,Female,0,Yes,No,29,No,Yes,Fiber optic,No,Yes,Yes,No,Month-to-month,Yes,Bank transfer,62.43,1609.25,2,118.1,1
CUST-001001,Male,0,No,Yes,43,Yes,No,No,Yes,Yes,No,Yes,Month-to-month,Yes,Credit card,72.5,2405.86,1,196.9,1
CUST-001002,Male,0,No,Yes,55,Yes,No,DSL,No internet service,Yes,No,No internet service,Two year,Yes,Mailed check,99.27,4483.86,1,199.8,0
CUST-001003,Female,0,Yes,No,19,Yes,No,No,No internet service,No,No,No,Month-to-month,No,Credit card,117.78,2054.04,4,0.0,0
CUST-001004,Male,1,Yes,No,10,Yes,No,Fiber optic,No,No internet service,Yes,No,One year,Yes,Electronic check,21.13,155.23,2,258.2,1
CUST-001005,Female,0,Yes,No,21,Yes,Yes,Fiber optic,No internet service,Yes,No,No,One year,No,Electronic check,120.85,2354.47,1,261.1,1
CUST-001006,Male,0,Yes,No,72,Yes,No,Fiber optic,No internet service,No,No internet service,Yes,Month-to-month,Yes,Bank transfer,142.1,8909.19,3,225.8,1
CUST-001007,Female,0,No,No,26,Yes,No phone service,Fiber optic,Yes,No internet service,Yes,No,Month-to-month,Yes,Bank transfer,96.34,2071.48,0,193.6,1
CUST-001008,Male,0,Yes,No,20,Yes,Yes,Fiber optic,Yes,No,No,No,Month-to-month,No,Bank transfer,49.71,869.54,2,277.8,1
CUST-001009,Female,0,No,No,31,Yes,Yes,Fiber optic,No internet service,No internet service,No,No internet service,One year,Yes,Credit card,82.96,2370.25,4,206.7,1
CUST-001010,Male,0,No,No,52,Yes,No phone service,Fiber optic,Yes,Yes,No internet service,No,Two year,Yes,Credit card,141.3,6232.08,0,291.4,0
CUST-001011,Male,0,No,No,15,Yes,Yes,No,No internet service,No,No,No internet service,One year,No,Electronic check,135.33,1589.37,0,198.2,0
CUST-001012,Male,0,Yes,No,42,Yes,Yes,No,No,Yes,Yes,No,Month-to-month,No,Bank transfer,125.57,3984.7,2,3.7,0
CUST-001013,Female,1,No,No,36,Yes,No phone service,No,No internet service,No,No internet service,No,Two year,Yes,Electronic check,126.17,3790.43,2,100.6,0
CUST-001014,Female,0,Yes,Yes,33,Yes,Yes,Fiber optic,Yes,Yes,No,No,Month-to-month,Yes,Electronic check,94.7,2324.54,2,330.2,1
CUST-001015,Female,1,No,No,34,Yes,No,DSL,Yes,Yes,No,Yes,One year,Yes,Mailed check,101.86,2480.78,2,103.8,1
CUST-001016,Female,0,Yes,No,22,Yes,No phone service,Fiber optic,Yes,Yes,No,No,One year,Yes,Bank transfer,96.53,1955.62,1,153.2,1
CUST-001017,Female,0,Yes,No,47,Yes,No phone service,Fiber optic,No,No,No internet service,Yes,Two year,No,Mailed check,132.62,5306.23,0,333.6,0
CUST-001018,Male,0,No,No,5,Yes,No,DSL,No internet service,Yes,No,Yes,Two year,No,Bank transfer,107.95,472.45,4,201.8,1
CUST-001019,Female,0,Yes,Yes,18,Yes,No,Fiber optic,Yes,No internet service,No,No internet service,Month-to-month,Yes,Bank transfer,66.79,885.84,6,302.8,1
CUST-001020,Female,0,No,No,22,Yes,No,No,No,No,No internet service,No,Two year,Yes,Credit card,79.31,1361.86,4,24.9,0
CUST-001021,Female,0,No,No,39,Yes,Yes,Fiber optic,No internet service,Yes,Yes,No,Two year,No,Mailed check,82.01,2423.26,4,238.8,0
CUST-001022,Male,0,Yes,No,29,Yes,No,Fiber optic,No internet service,Yes,Yes,No,One year,No,Mailed check,53.4,1181.32,1,194.3,0
CUST-001023,Male,0,Yes,Yes,16,Yes,Yes,Fiber optic,No internet service,No internet service,Yes,Yes,Month-to-month,No,Electronic check,29.38,370.15,3,210.7,0
CUST-001024,Female,1,No,No,72,Yes,Yes,Fiber optic,No internet service,Yes,Yes,No,Month-to-month,No,Mailed check,156.76,9729.88,2,179.9,1
CUST-001025,Male,0,No,Yes,23,Yes,Yes,Fiber optic,Yes,Yes,Yes,No,Month-to-month,Yes,Credit card,69.66,1334.26,1,272.9,1
CUST-001026,Male,0,Yes,No,72,Yes,No,DSL,Yes,Yes,No internet service,No,Month-to-month,No,Mailed check,133.64,8395.65,4,257.1,1
CUST-001027,Female,0,No,No,9,No,Yes,Fiber optic,No,Yes,No,Yes,Month-to-month,No,Mailed check,141.9,1050.44,1,167.8,1
CUST-001028,Female,1,No,Yes,19,Yes,No,Fiber optic,Yes,No,No,No,Month-to-month,No,Credit card,130.89,2025.73,3,158.4,1
CUST-001029,Male,0,No,No,29,Yes,No,DSL,No internet service,Yes,Yes,No,One year,No,Electronic check,122.86,3128.84,5,293.1,1
CUST-001030,Male,1,No,No,33,Yes,No phone service,No,Yes,No,No,No internet service,Month-to-month,Yes,Electronic check,140.28,3817.69,1,69.5,0
CUST-001031,Female,1,No,No,11,Yes,Yes,DSL,Yes,No,Yes,Yes,Month-to-month,No,Credit card,118.45,1177.23,3,148.7,0
CUST-001032,Male,0,No,No,39,Yes,No,Fiber optic,No,No,No,Yes,Month-to-month,Yes,Credit card,117.34,4342.8,3,217.0,1
CUST-001033,Male,0,No,Yes,55,Yes,No phone service,DSL,No internet service,No,No,No internet service,Month-to-month,No,Mailed check,103.63,4697.91,2,267.8,1
CUST-001034,Male,0,Yes,Yes,7,Yes,Yes,Fiber optic,Yes,No internet service,No,Yes,Month-to-month,Yes,Electronic check,126.33,668.8,0,132.5,1
CUST-001035,Female,0,No,No,25,Yes,No,Fiber optic,No,No,No,No,Month-to-month,No,Electronic check,91.06,1839.06,2,62.1,1
CUST-001036,Female,0,Yes,Yes,72,No,No,Fiber optic,No,No,Yes,Yes,Month-to-month,Yes,Bank transfer,152.93,9414.01,1,221.2,1
CUST-001037,Female,0,No,Yes,36,Yes,No,DSL,No,No,No,No,One year,Yes,Electronic check,93.44,2731.1,4,222.2,1
CUST-001038,Female,0,Yes,No,72,Yes,No,Fiber optic,No,No internet service,Yes,No internet service,Month-to-month,Yes,Bank transfer,74.85,4332.54,1,137.0,0
CUST-001039,Female,0,No,Yes,29,Yes,No,Fiber optic,Yes,Yes,Yes,Yes,Month-to-month,Yes,Mailed check,111.03,2503.94,2,195.5,1
CUST-001040,Female,0,No,No,25,Yes,No,Fiber optic,Yes,No,No internet service,Yes,Two year,Yes,Mailed check,43.92,857.54,1,258.4,0
CUST-001041,Female,0,Yes,No,10,Yes,Yes,DSL,Yes,No internet service,Yes,No,One year,Yes,Bank transfer,103.21,961.51,5,188.2,0
CUST-001042,Male,0,Yes,Yes,60,Yes,No,No,Yes,Yes,No,No,Month-to-month,No,Electronic check,121.24,6131.71,4,107.0,1
CUST-001043,Female,0,Yes,No,1,Yes,No phone service,Fiber optic,No internet service,No,Yes,No internet service,Two year,Yes,Bank transfer,131.92,107.36,2,251.8,1
CUST-001044,Male,0,No,No,8,Yes,Yes,Fiber optic,No,Yes,No,Yes,Month-to-month,No,Mailed check,59.81,419.71,1,140.5,1
CUST-001045,Female,1,Yes,No,58,Yes,Yes,DSL,Yes,No,No,No,Month-to-month,Yes,Electronic check,86.29,3987.77,3,154.5,1
CUST-001046,Female,0,No,No,72,Yes,No,Fiber optic,No,No,No internet service,No internet service,Two year,No,Electronic check,21.58,1180.07,1,143.0,0
CUST-001047,Female,0,No,Yes,56,Yes,No,Fiber optic,No,No,Yes,No,One year,No,Mailed check,61.42,2892.65,0,301.6,0
CUST-001048,Male,1,No,No,18,Yes,No,DSL,No,No,Yes,No internet service,Month-to-month,Yes,Mailed check,73.77,1133.62,0,210.1,1
CUST-001049,Female,0,No,No,22,Yes,Yes,DSL,Yes,No,No internet service,No,Month-to-month,No,Electronic check,70.07,1272.2,7,186.3,1
CUST-001050,Male,0,No,No,70,No,No,Fiber optic,No internet service,Yes,Yes,No internet service,Month-to-month,Yes,Electronic check,68.77,4027.02,2,6.2,1
CUST-001051,Female,0,Yes,Yes,72,Yes,Yes,DSL,No,No,Yes,No,Month-to-month,Yes,Credit card,99.73,5969.04,1,374.1,1
CUST-001052,Female,0,No,Yes,27,Yes,Yes,Fiber optic,No,No internet service,No,No,Two year,No,Electronic check,105.37,2377.68,1,65.5,1
CUST-001053,Male,0,Yes,Yes,24,Yes,Yes,DSL,No,No,No,No,Two year,Yes,Electronic check,114.63,2226.96,1,190.2,0
CUST-001054,Male,0,Yes,No,14,No,No,DSL,No,Yes,Yes,No,Month-to-month,Yes,Credit card,21.18,222.93,3,32.1,0
CUST-001055,Female,0,Yes,No,51,Yes,Yes,Fiber optic,No,Yes,Yes,No,Month-to-month,No,Bank transfer,107.46,4431.44,3,130.8,1
CUST-001056,Male,0,No,No,8,Yes,Yes,Fiber optic,No internet service,No,Yes,Yes,Two year,Yes,Electronic check,139.29,970.42,3,103.6,1
CUST-001057,Male,0,No,Yes,5,Yes,Yes,DSL,No internet service,No,No,No internet service,Month-to-month,Yes,Credit card,160.83,623.32,3,466.6,1
CUST-001058,Male,0,Yes,Yes,15,Yes,Yes,Fiber optic,No internet service,No,No,No internet service,Two year,Yes,Mailed check,19.78,259.51,1,234.6,0
CUST-001059,Male,0,No,Yes,4,Yes,No,Fiber optic,Yes,Yes,No,No,Two year,No,Bank transfer,27.7,82.94,1,135.4,0
CUST-001060,Female,0,No,No,72,Yes,Yes,Fiber optic,No internet service,No,No,No internet service,One year,Yes,Electronic check,122.81,6889.53,2,243.0,0
CUST-001061,Female,0,Yes,No,28,Yes,Yes,Fiber optic,Yes,No,No,Yes,One year,Yes,Credit card,60.08,1184.08,3,230.4,1
CUST-001062,Male,0,No,No,54,Yes,Yes,Fiber optic,Yes,No,No,No internet service,Month-to-month,Yes,Electronic check,110.39,5390.36,0,98.4,1
CUST-001063,Male,0,No,No,35,Yes,Yes,Fiber optic,No,No internet service,No,Yes,Month-to-month,No,Bank transfer,112.73,3201.25,3,195.9,0
CUST-001064,Female,0,Yes,No,27,Yes,No,Fiber optic,No,No,Yes,Yes,Month-to-month,No,Electronic check,109.42,2588.68,2,216.0,1
CUST-001065,Female,0,Yes,No,49,Yes,No,Fiber optic,No internet service,No,No,Yes,Month-to-month,No,Electronic check,105.62,4382.76,2,186.1,1
CUST-001066,Female,0,Yes,Yes,64,Yes,No,Fiber optic,No,No,No internet service,No,Month-to-month,No,Credit card,145.53,7998.0,0,179.2,1
CUST-001067,Female,0,No,Yes,59,No,No,No,Yes,No,No,No,One year,No,Bank transfer,88.72,4118.4,0,222.0,0
CUST-001068,Female,0,No,No,66,No,No,Fiber optic,Yes,Yes,Yes,No,One year,No,Mailed check,43.22,2397.16,3,264.1,1
CUST-001069,Male,0,Yes,Yes,7,No,No,Fiber optic,No,No,Yes,No internet service,One year,No,Credit card,176.85,1045.73,6,242.8,1
CUST-001070,Male,0,Yes,No,72,Yes,Yes,Fiber optic,No,No,No internet service,Yes,Month-to-month,No,Credit card,193.17,10499.38,0,263.5,1
CUST-001071,Female,0,Yes,No,16,Yes,No,No,Yes,No,No,Yes,Month-to-month,Yes,Bank transfer,76.59,942.31,1,114.5,1
CUST-001072,Female,0,Yes,Yes,28,Yes,No,DSL,No internet service,No,No internet service,No internet service,Two year,Yes,Bank transfer,114.58,2822.61,0,121.8,0
CUST-001073,Female,0,Yes,Yes,21,Yes,Yes,Fiber optic,No,Yes,No,Yes,Month-to-month,Yes,Electronic check,104.67,1755.47,1,299.0,1
CUST-001074,Female,0,Yes,Yes,26,Yes,Yes,No,No internet service,No internet service,Yes,Yes,One year,No,Bank transfer,50.96,1111.38,3,58.7,0
CUST-001075,Female,0,No,No,64,Yes,No phone service,Fiber optic,No,Yes,No,No internet service,One year,No,Electronic check,137.68,6716.44,3,15.2,1
CUST-001076,Female,0,Yes,No,72,Yes,No,Fiber optic,No,Yes,Yes,No,Month-to-month,Yes,Electronic check,78.46,4254.33,4,288.4,1
CUST-001077,Female,0,No,Yes,72,Yes,No phone service,Fiber optic,No,Yes,Yes,No,Two year,Yes,Electronic check,36.42,2351.94,2,252.9,0
CUST-001078,Male,0,No,No,51,Yes,Yes,DSL,No,No,No,No,Month-to-month,Yes,Mailed check,111.0,4440.2,2,53.9,1
CUST-001079,Male,0,Yes,Yes,26,Yes,Yes,Fiber optic,No internet service,No,No,No,One year,Yes,Credit card,65.68,1556.18,1,69.8,1
CUST-001080,Female,0,No,Yes,11,Yes,No,Fiber optic,Yes,No,Yes,Yes,Month-to-month,No,Electronic check,70.14,587.5,4,232.2,1
CUST-001081,Male,0,No,Yes,28,Yes,Yes,DSL,Yes,No,No,No internet service,Month-to-month,No,Bank transfer,75.41,1604.01,1,60.8,1
CUST-001082,Male,0,No,No,37,Yes,Yes,No,No,Yes,No internet service,Yes,One year,Yes,Mailed check,63.84,1896.52,3,251.9,1
CUST-001083,Male,0,Yes,Yes,33,Yes,No,DSL,No,No,Yes,Yes,Month-to-month,No,Electronic check,179.81,4701.85,4,17.5,1
CUST-001084,Female,1,Yes,Yes,14,Yes,Yes,No,Yes,Yes,No,No,Month-to-month,No,Credit card,66.83,793.43,2,27.3,0
CUST-001085,Male,0,No,Yes,51,Yes,Yes,Fiber optic,Yes,Yes,No,No,Month-to-month,Yes,Bank transfer,83.09,3853.6,0,136.1,1
CUST-001086,Male,0,No,No,38,Yes,No,Fiber optic,No,No,Yes,Yes,Month-to-month,Yes,Credit card,100.6,3360.26,4,101.9,1
CUST-001087,Female,0,Yes,No,45,Yes,No phone service,Fiber optic,No,No,Yes,No,Month-to-month,Yes,Bank transfer,73.15,2593.72,3,301.7,1
CUST-001088,Male,0,No,No,54,Yes,No,DSL,Yes,Yes,No,Yes,One year,Yes,Mailed check,36.46,1530.55,1,147.7,0
CUST-001089,Female,0,No,No,14,Yes,No phone service,DSL,Yes,Yes,No,Yes,One year,Yes,Bank transfer,95.43,1043.29,1,256.2,1
CUST-001090,Male,0,No,No,13,Yes,No,Fiber optic,No,No,Yes,Yes,Two year,No,Electronic check,81.52,1016.65,3,78.7,1
CUST-001091,Male,0,Yes,No,11,Yes,No,DSL,No internet service,No,No internet service,No,Month-to-month,Yes,Electronic check,140.05,1259.78,3,273.4,1
CUST-001092,Male,0,No,No,51,No,Yes,DSL,Yes,No internet service,No,Yes,Month-to-month,No,Credit card,97.15,4142.48,5,217.9,1
CUST-001093,Female,0,No,No,72,Yes,No,Fiber optic,Yes,No,Yes,Yes,Month-to-month,No,Electronic check,94.79,5012.89,1,219.5,0
CUST-001094,Male,0,Yes,No,54,Yes,Yes,DSL,No,No,No,No,Month-to-month,Yes,Electronic check,128.67,5999.82,1,116.2,1
CUST-001095,Male,1,No,No,43,Yes,No,Fiber optic,No internet service,Yes,No,No,Month-to-month,Yes,Bank transfer,113.06,3896.76,2,214.0,1
CUST-001096,Male,0,Yes,Yes,18,Yes,Yes,DSL,No internet service,No,Yes,Yes,Month-to-month,Yes,Electronic check,120.62,1797.91,3,111.6,1
CUST-001097,Male,0,No,Yes,20,Yes,Yes,DSL,Yes,Yes,No internet service,No internet service,One year,Yes,Bank transfer,92.18,1520.46,2,170.0,1
CUST-001098,Male,0,No,No,11,Yes,Yes,Fiber optic,No,Yes,No internet service,Yes,Month-to-month,No,Mailed check,212.62,1727.24,3,311.7,1
CUST-001099,Male,0,Yes,No,26,Yes,Yes,No,Yes,No internet service,Yes,Yes,Month-to-month,Yes,Bank transfer,102.52,2092.16,2,270.8,1
CUST-001100,Female,0,Yes,Yes,69,Yes,No,Fiber optic,No,No,No,No,Two year,Yes,Electronic check,109.17,6055.09,5,20.2,1
CUST-001101,Male,0,Yes,No,52,Yes,Yes,No,Yes,Yes,No internet service,No internet service,Month-to-month,Yes,Electronic check,86.5,3556.29,3,146.0,1
CUST-001102,Male,0,No,No,8,Yes,Yes,Fiber optic,No,No,No,No,Month-to-month,No,Electronic check,68.76,516.24,1,134.3,1
CUST-001103,Male,0,Yes,No,14,Yes,No,Fiber optic,No internet service,Yes,No,Yes,Month-to-month,No,Bank transfer,150.62,1667.79,4,259.2,1
CUST-001104,Female,0,No,No,18,Yes,Yes,Fiber optic,No internet service,No,No,No,Two year,No,Electronic check,104.46,1717.27,1,301.7,0
CUST-001105,Male,0,Yes,No,35,Yes,No,Fiber optic,Yes,No,Yes,Yes,Two year,Yes,Electronic check,125.24,3276.52,1,229.8,1
CUST-001106,Male,0,Yes,No,72,Yes,Yes,Fiber optic,No internet service,Yes,No,Yes,Two year,Yes,Credit card,149.23,8785.87,0,243.5,0
CUST-001107,Female,0,No,No,72,Yes,Yes,DSL,No internet service,No,No,Yes,One year,No,Bank transfer,192.33,10244.36,1,257.0,0
CUST-001108,Female,0,Yes,No,27,No,Yes,Fiber optic,Yes,No,No,Yes,Month-to-month,Yes,Electronic check,115.63,2727.05,1,146.2,0
CUST-001109,Male,0,No,No,17,No,No phone service,Fiber optic,Yes,No,Yes,No,Month-to-month,No,Mailed check,114.29,1546.07,1,421.5,1
CUST-001110,Male,1,No,No,23,No,No phone service,DSL,No internet service,No,Yes,Yes,Month-to-month,No,Bank transfer,70.24,1333.48,3,247.4,1
CUST-001111,Female,0,No,No,72,Yes,No,Fiber optic,No,No,Yes,No,Month-to-month,Yes,Mailed check,97.68,5484.22,0,148.9,1
CUST-001112,Female,0,Yes,No,72,Yes,Yes,Fiber optic,No,No internet service,No internet service,No internet service,Month-to-month,Yes,Credit card,84.94,5352.05,1,0.1,0
CUST-001113,Female,0,No,No,26,Yes,Yes,DSL,No,Yes,No,No internet service,Month-to-month,Yes,Credit card,107.23,2661.99,3,0.0,1
CUST-001114,Male,0,No,Yes,72,Yes,No,DSL,No,No,Yes,No,Month-to-month,Yes,Mailed check,20.18,1257.41,3,234.6,1
CUST-001115,Female,0,No,No,18,No,Yes,DSL,No,No,No,No,Month-to-month,Yes,Mailed check,97.31,1399.1,2,271.3,1
CUST-001116,Female,0,No,No,27,Yes,No,DSL,No internet service,Yes,No,No internet service,Two year,No,Bank transfer,106.0,2396.63,2,36.7,0
CUST-001117,Male,0,No,No,38,Yes,No,Fiber optic,No internet service,No,No,No internet service,One year,No,Electronic check,113.19,3578.95,1,57.5,1
CUST-001118,Female,1,No,No,42,Yes,No,Fiber optic,Yes,No,No internet service,No internet service,Month-to-month,Yes,Bank transfer,103.25,3314.55,1,371.0,1
CUST-001119,Female,1,No,No,23,Yes,Yes,Fiber optic,No,Yes,Yes,Yes,Two year,No,Mailed check,96.99,1705.72,2,163.2,1
CUST-001120,Female,0,No,No,7,Yes,No,Fiber optic,Yes,No,No,No,Month-to-month,Yes,Bank transfer,98.38,567.06,0,148.7,1
CUST-001121,Male,0,Yes,No,59,Yes,No,DSL,No,Yes,Yes,No,Month-to-month,Yes,Credit card,118.96,5216.24,0,203.7,0
CUST-001122,Female,0,Yes,No,22,Yes,Yes,DSL,Yes,Yes,Yes,Yes,One year,Yes,Electronic check,48.36,899.63,1,193.8,0
CUST-001123,Female,0,Yes,No,34,Yes,Yes,Fiber optic,Yes,Yes,No,No,Month-to-month,Yes,Bank transfer,128.6,4072.01,2,27.7,1
CUST-001124,Male,1,No,No,29,Yes,Yes,Fiber optic,No,No,Yes,No internet service,One year,Yes,Bank transfer,47.17,1189.15,2,294.4,1
CUST-001125,Female,0,No,No,52,Yes,No,Fiber optic,Yes,No,Yes,No internet service,One year,Yes,Mailed check,78.31,3096.42,2,197.7,1
CUST-001126,Female,1,No,Yes,72,Yes,Yes,DSL,Yes,No internet service,No internet service,Yes,Month-to-month,Yes,Electronic check,100.53,5540.74,2,363.1,0
CUST-001127,Male,0,Yes,No,10,No,Yes,No,Yes,Yes,No,No,Month-to-month,Yes,Bank transfer,53.73,449.2,2,236.6,1
CUST-001128,Female,0,No,Yes,23,Yes,Yes,DSL,No internet service,No internet service,No,Yes,Month-to-month,No,Mailed check,90.42,1483.64,0,189.9,0
CUST-001129,Female,0,No,Yes,32,Yes,No,Fiber optic,Yes,No,Yes,Yes,Month-to-month,Yes,Electronic check,111.06,2879.03,0,154.1,0
CUST-001130,Female,0,No,No,24,Yes,No phone service,DSL,Yes,No,No,No,One year,Yes,Bank transfer,130.7,2492.6,2,312.4,1
CUST-001131,Female,0,No,No,31,Yes,No phone service,DSL,No internet service,No internet service,No,Yes,Two year,Yes,Mailed check,84.6,2260.5,1,136.5,0
CUST-001132,Female,0,No,No,12,Yes,No,Fiber optic,No,No internet service,Yes,Yes,Two year,No,Mailed check,63.46,563.29,2,162.9,1
CUST-001133,Female,0,No,No,43,Yes,No,Fiber optic,Yes,No,No,No,Month-to-month,No,Bank transfer,124.57,4818.86,3,113.2,1
CUST-001134,Male,0,Yes,Yes,72,No,No,Fiber optic,No internet service,Yes,No,Yes,One year,Yes,Bank transfer,171.21,9706.76,0,84.2,0
CUST-001135,Female,0,No,Yes,19,Yes,No phone service,Fiber optic,Yes,No,No internet service,Yes,Month-to-month,Yes,Electronic check,99.21,1534.53,2,179.2,1
CUST-001136,Male,0,Yes,No,39,Yes,No,DSL,No,No,Yes,No,One year,No,Bank transfer,77.21,2432.39,1,0.0,0
CUST-001137,Male,0,No,Yes,68,Yes,No,Fiber optic,Yes,No,Yes,No internet service,Two year,Yes,Electronic check,80.57,4366.25,3,141.5,0
CUST-001138,Female,0,Yes,No,40,Yes,No,DSL,Yes,No,No,No,Month-to-month,No,Mailed check,77.01,2626.12,1,169.9,0
CUST-001139,Male,1,No,No,72,Yes,Yes,Fiber optic,Yes,No internet service,No,Yes,Month-to-month,Yes,Electronic check,95.04,5815.79,7,130.8,1
CUST-001140,Male,0,Yes,No,36,Yes,No,No,No internet service,No,Yes,No internet service,One year,Yes,Mailed check,140.75,3699.72,3,238.4,0
CUST-001141,Female,1,Yes,Yes,18,Yes,No,Fiber optic,No,Yes,No,Yes,Month-to-month,No,Electronic check,111.13,1688.98,1,47.9,1
CUST-001142,Female,0,No,No,18,Yes,No,Fiber optic,No,No,No,No,Two year,No,Mailed check,72.72,1177.25,2,246.9,0
CUST-001143,Male,0,Yes,No,38,Yes,No,No,No internet service,Yes,No internet service,No,One year,No,Bank transfer,116.44,3863.58,3,276.6,1
CUST-001144,Female,0,No,No,34,No,No,No,No,No,Yes,Yes,Month-to-month,No,Credit card,109.39,3024.75,1,334.5,1
CUST-001145,Female,0,Yes,Yes,72,Yes,No,Fiber optic,No,No,No internet service,Yes,Month-to-month,No,Electronic check,117.0,7712.52,3,289.1,1
CUST-001146,Male,0,No,Yes,27,Yes,No,Fiber optic,No,No,Yes,No internet service,Month-to-month,Yes,Bank transfer,114.1,2181.43,3,189.5,1
CUST-001147,Female,0,No,Yes,16,Yes,No,DSL,No,Yes,No internet service,No,Month-to-month,Yes,Bank transfer,71.85,853.37,1,212.1,0
CUST-001148,Female,0,Yes,No,44,Yes,Yes,Fiber optic,No,Yes,No internet service,No,Month-to-month,No,Credit card,194.11,6859.02,1,167.9,1
CUST-001149,Male,0,Yes,No,28,Yes,Yes,DSL,No internet service,Yes,No,Yes,One year,Yes,Mailed check,72.7,1449.64,3,70.7,0
CUST-001150,Male,0,No,No,27,Yes,No,DSL,Yes,Yes,No,No,Two year,Yes,Bank transfer,72.85,1594.97,0,194.8,0
CUST-001151,Female,0,Yes,Yes,7,Yes,No phone service,DSL,Yes,No,No,Yes,One year,No,Mailed check,85.41,527.75,5,88.6,1
CUST-001152,Male,1,No,No,49,Yes,No,DSL,Yes,No,Yes,Yes,One year,Yes,Credit card,85.95,3159.17,2,213.2,0
CUST-001153,Male,0,Yes,No,17,Yes,No,Fiber optic,Yes,Yes,No,Yes,Two year,No,Electronic check,43.15,576.63,1,226.6,1
CUST-001154,Male,0,Yes,No,32,Yes,No,Fiber optic,No,Yes,No internet service,Yes,Month-to-month,Yes,Credit card,96.88,2394.07,1,145.8,0
CUST-001155,Female,0,Yes,Yes,30,Yes,No phone service,DSL,Yes,No internet service,No internet service,No,Two year,No,Mailed check,38.53,941.21,5,304.3,0
CUST-001156,Male,0,No,No,25,Yes,No,Fiber optic,No internet service,No,No,No,Two year,Yes,Bank transfer,107.39,2105.24,1,139.7,1
CUST-001157,Male,0,Yes,No,62,Yes,Yes,Fiber optic,No,Yes,No,Yes,Month-to-month,Yes,Mailed check,106.55,6014.83,5,328.4,1
CUST-001158,Female,0,Yes,No,14,Yes,No phone service,DSL,No,Yes,No,Yes,Two year,No,Mailed check,139.37,1488.62,3,185.1,0
CUST-001159,Female,0,Yes,No,59,Yes,No,Fiber optic,No,No internet service,No,Yes,Two year,Yes,Bank transfer,66.29,3587.25,3,162.2,1
CUST-001160,Male,1,No,No,47,Yes,Yes,No,No internet service,Yes,No,No,Month-to-month,No,Electronic check,165.71,7288.53,4,242.0,0
CUST-001161,Female,0,Yes,Yes,56,Yes,No phone service,Fiber optic,Yes,No,Yes,No internet service,Month-to-month,Yes,Electronic check,121.74,6022.58,2,61.1,1
CUST-001162,Female,0,No,Yes,14,Yes,No phone service,Fiber optic,No,No,Yes,No,One year,Yes,Credit card,64.73,707.48,2,122.6,1
CUST-001163,Female,0,Yes,No,11,Yes,No phone service,DSL,Yes,No internet service,Yes,No internet service,One year,No,Mailed check,152.55,1535.54,3,260.3,1
CUST-001164,Male,1,No,No,16,Yes,No,DSL,Yes,No,No,No internet service,Two year,Yes,Electronic check,77.25,1106.9,0,44.8,0
CUST-001165,Female,0,No,No,40,Yes,Yes,DSL,No,No,No,No,Month-to-month,Yes,Electronic check,142.94,4267.84,3,94.5,1
CUST-001166,Female,0,Yes,No,24,Yes,Yes,Fiber optic,No,Yes,No,Yes,Two year,No,Credit card,20.68,434.34,3,121.9,0
CUST-001167,Female,0,Yes,No,23,Yes,Yes,Fiber optic,Yes,No,No,No,Month-to-month,Yes,Electronic check,98.68,2021.77,3,261.0,1
CUST-001168,Female,0,Yes,No,43,Yes,No,Fiber optic,No internet service,Yes,Yes,Yes,Month-to-month,Yes,Credit card,71.81,2682.04,1,165.2,1
CUST-001169,Male,0,No,No,58,Yes,Yes,Fiber optic,No,No,No,No,Month-to-month,No,Electronic check,124.19,6362.43,1,161.6,1
CUST-001170,Male,1,Yes,No,23,Yes,No,DSL,No,Yes,Yes,No internet service,Two year,Yes,Electronic check,51.2,1017.6,1,152.8,0
CUST-001171,Male,0,No,No,72,Yes,No,Fiber optic,Yes,No,No,Yes,Month-to-month,Yes,Mailed check,86.64,5299.42,3,181.4,1
CUST-001172,Female,0,Yes,Yes,72,Yes,Yes,Fiber optic,No,No,Yes,No internet service,Month-to-month,Yes,Bank transfer,80.23,5223.36,0,0.0,1
CUST-001173,Male,1,Yes,Yes,16,Yes,No phone service,Fiber optic,Yes,No,Yes,Yes,Month-to-month,Yes,Credit card,50.31,656.94,1,302.7,1
CUST-001174,Male,0,No,Yes,20,Yes,No phone service,Fiber optic,Yes,No,Yes,No,Month-to-month,No,Electronic check,126.81,1930.61,1,339.5,1
CUST-001175,Female,0,Yes,No,42,Yes,Yes,Fiber optic,Yes,No,Yes,No internet service,Month-to-month,No,Bank transfer,70.64,2308.06,1,165.5,1
CUST-001176,Female,0,No,No,13,Yes,No,DSL,No internet service,No,No internet service,No,Two year,Yes,Mailed check,102.75,1044.07,1,214.5,0
CUST-001177,Male,1,No,No,8,Yes,No,Fiber optic,No,No,Yes,No,Two year,Yes,Electronic check,75.02,529.08,2,95.7,1
CUST-001178,Female,0,Yes,No,71,Yes,Yes,Fiber optic,No,No internet service,Yes,Yes,Month-to-month,No,Mailed check,139.2,8012.12,0,175.4,1
CUST-001179,Male,0,No,No,38,Yes,Yes,Fiber optic,No,No,Yes,No internet service,Month-to-month,Yes,Electronic check,69.99,2192.45,0,171.2,0
CUST-001180,Female,1,Yes,No,70,Yes,Yes,DSL,No,Yes,Yes,Yes,Month-to-month,Yes,Mailed check,31.6,1903.38,3,202.1,1
CUST-001181,Male,0,Yes,No,36,No,No,No,No internet service,No,Yes,Yes,One year,Yes,Mailed check,21.14,666.01,3,145.6,0
CUST-001182,Female,0,No,No,26,Yes,No,DSL,No,No,No internet service,Yes,Month-to-month,No,Bank transfer,164.03,3696.93,1,60.9,1
CUST-001183,Male,1,No,No,47,Yes,No,Fiber optic,No,Yes,Yes,Yes,Two year,No,Mailed check,78.74,3441.6,2,90.2,1
CUST-001184,Male,0,Yes,No,21,Yes,Yes,Fiber optic,No,No internet service,Yes,No internet service,One year,Yes,Mailed check,181.88,3150.86,2,148.3,1
CUST-001185,Male,0,Yes,No,42,Yes,No,Fiber optic,No internet service,No,Yes,No,Month-to-month,Yes,Bank transfer,112.33,3727.62,5,5.1,1
CUST-001186,Male,0,Yes,No,72,Yes,No phone service,DSL,Yes,No,Yes,No internet service,One year,Yes,Credit card,57.6,3830.33,1,169.9,1
CUST-001187,Female,0,No,No,72,Yes,No phone service,Fiber optic,No,Yes,Yes,No,One year,No,Credit card,177.33,10746.59,2,153.4,0
CUST-001188,Male,0,Yes,No,46,Yes,No,No,Yes,Yes,Yes,No internet service,Two year,Yes,Bank transfer,58.64,2042.52,2,71.7,0
CUST-001189,Male,0,No,No,47,Yes,Yes,DSL,No internet service,Yes,Yes,No,Two year,Yes,Electronic check,71.58,2812.31,3,255.7,0
CUST-001190,Male,0,Yes,No,13,Yes,No,Fiber optic,Yes,No,Yes,No,Month-to-month,Yes,Mailed check,176.78,1932.52,1,158.8,1
CUST-001191,Female,0,No,No,43,Yes,Yes,Fiber optic,No,No,Yes,No internet service,Two year,Yes,Credit card,132.41,4747.69,1,379.9,1
CUST-001192,Female,0,No,No,72,Yes,No,DSL,No,Yes,Yes,Yes,Month-to-month,Yes,Electronic check,84.49,5778.71,4,249.4,0
CUST-001193,Female,0,No,No,40,Yes,Yes,Fiber optic,No,No,Yes,No,Month-to-month,Yes,Credit card,95.23,3484.75,0,243.4,1
CUST-001194,Female,0,Yes,No,34,Yes,No,DSL,No internet service,Yes,No,No internet service,Month-to-month,No,Mailed check,113.38,2976.75,2,243.0,1
CUST-001195,Male,0,Yes,No,5,Yes,Yes,Fiber optic,Yes,Yes,Yes,Yes,Month-to-month,No,Credit card,172.69,792.87,1,390.3,1
CUST-001196,Male,0,Yes,No,21,Yes,Yes,Fiber optic,Yes,Yes,No,No,Month-to-month,Yes,Credit card,85.53,1317.79,0,255.8,1
CUST-001197,Female,0,No,No,33,Yes,No,DSL,No,No,No internet service,Yes,Month-to-month,Yes,Credit card,87.98,2248.66,1,81.9,1
CUST-001198,Female,0,Yes,No,17,Yes,Yes,Fiber optic,Yes,No internet service,No,No,Two year,Yes,Bank transfer,109.21,1631.81,2,84.0,0
CUST-001199,Female,0,Yes,No,4,Yes,No,Fiber optic,Yes,No internet service,No internet service,Yes,Month-to-month,No,Mailed check,136.5,512.88,1,34.1,1
CUST-001200,Male,1,No,No,72,Yes,Yes,Fiber optic,No,No,No,No internet service,Month-to-month,Yes,Electronic check,77.29,4943.5,2,22.2,0
CUST-001201,Male,0,Yes,Yes,15,Yes,No,No,No internet service,No internet service,Yes,No,Month-to-month,Yes,Electronic check,55.4,769.19,2,98.9,1
CUST-001202,Female,0,No,Yes,43,Yes,No,No,No internet service,No,No internet service,No internet service,One year,Yes,Bank transfer,108.24,3870.08,0,184.6,0
CUST-001203,Male,0,Yes,Yes,16,Yes,No phone service,Fiber optic,No,No internet service,No,No internet service,One year,No,Bank transfer,65.91,910.26,2,0.0,1
CUST-001204,Female,0,Yes,No,12,Yes,Yes,Fiber optic,No,No internet service,No,No,One year,No,Electronic check,79.6,822.57,0,231.6,1
CUST-001205,Female,0,Yes,No,8,Yes,No,No,No,No internet service,Yes,Yes,Two year,No,Mailed check,114.88,647.82,2,131.4,1
CUST-001206,Male,0,Yes,No,22,Yes,Yes,DSL,No internet service,No,Yes,No,Month-to-month,No,Bank transfer,84.47,1469.12,1,288.9,1
CUST-001207,Male,0,Yes,Yes,72,Yes,No,Fiber optic,No,No,No internet service,Yes,Month-to-month,No,Mailed check,52.56,3122.53,0,402.3,1
CUST-001208,Male,0,No,No,52,Yes,No,Fiber optic,No,No,No,No internet service,One year,No,Electronic check,139.81,6005.46,2,333.1,0
CUST-001209,Male,0,No,No,24,Yes,No,DSL,No internet service,Yes,No,No internet service,One year,Yes,Electronic check,34.91,743.94,2,62.4,0
CUST-001210,Female,1,Yes,No,35,Yes,No,Fiber optic,No,No internet service,Yes,Yes,Month-to-month,Yes,Electronic check,92.25,2402.63,4,219.7,1
CUST-001211,Female,1,Yes,No,35,Yes,No,Fiber optic,No,Yes,No,No,Month-to-month,Yes,Mailed check,142.18,3837.62,3,232.4,1
CUST-001212,Female,0,Yes,No,72,Yes,No phone service,Fiber optic,No,Yes,Yes,No,Month-to-month,Yes,Bank transfer,32.49,1858.29,6,422.9,1
CUST-001213,Male,0,Yes,No,24,No,Yes,DSL,No,No internet service,No,No,Two year,Yes,Bank transfer,80.28,1572.51,1,337.0,0
CUST-001214,Female,0,Yes,No,33,Yes,Yes,Fiber optic,No,Yes,No,Yes,One year,Yes,Mailed check,87.14,2257.39,1,226.9,1
CUST-001215,Female,0,Yes,No,15,Yes,No,Fiber optic,No,Yes,No,No,One year,Yes,Mailed check,62.3,817.34,1,173.2,1
CUST-001216,Female,1,Yes,No,41,Yes,No,Fiber optic,No internet service,No,No,No,Two year,Yes,Bank transfer,114.05,3575.62,0,78.8,1
CUST-001217,Male,0,No,No,57,Yes,Yes,DSL,No,No,Yes,Yes,Month-to-month,No,Mailed check,66.61,3242.93,5,125.7,1
CUST-001218,Male,0,Yes,Yes,70,Yes,No phone service,Fiber optic,Yes,No,Yes,No,Month-to-month,No,Electronic check,34.54,2104.18,2,290.0,0
CUST-001219,Male,0,No,Yes,72,Yes,No,DSL,No,No,Yes,No,Month-to-month,Yes,Bank transfer,109.68,6320.92,2,138.9,1
CUST-001220,Male,0,Yes,Yes,18,Yes,Yes,Fiber optic,Yes,Yes,No internet service,No,One year,No,Bank transfer,74.24,1128.57,5,181.8,1
CUST-001221,Female,0,Yes,Yes,55,Yes,Yes,Fiber optic,No internet service,No,Yes,Yes,One year,Yes,Credit card,50.4,2311.35,2,126.8,0
CUST-001222,Male,0,Yes,No,32,Yes,No,Fiber optic,No internet service,No,Yes,Yes,Two year,No,Bank transfer,69.89,2113.38,1,231.2,1
CUST-001223,Male,0,No,Yes,55,Yes,Yes,Fiber optic,No,No,No,No,Month-to-month,Yes,Credit card,69.31,3410.67,1,188.1,1
CUST-001224,Male,0,No,Yes,23,Yes,Yes,Fiber optic,No internet service,Yes,Yes,No,One year,Yes,Bank transfer,138.55,2624.47,0,196.7,0
CUST-001225,Male,0,No,Yes,72,Yes,Yes,DSL,Yes,No,Yes,No,Month-to-month,Yes,Electronic check,135.38,8747.2,1,302.3,1
CUST-001226,Male,0,No,No,72,Yes,Yes,Fiber optic,Yes,Yes,Yes,No,Month-to-month,No,Bank transfer,77.76,4586.33,4,199.0,1
CUST-001227,Female,0,Yes,No,8,Yes,Yes,Fiber optic,Yes,Yes,Yes,Yes,Month-to-month,No,Mailed check,124.27,787.05,3,251.9,1
CUST-001228,Female,0,Yes,Yes,24,Yes,No,DSL,No,No,No,No,Two year,No,Electronic check,150.61,2709.75,2,102.4,1
CUST-001229,Female,0,No,No,6,Yes,No phone service,Fiber optic,No,No,No,Yes,One year,Yes,Electronic check,79.33,390.96,4,41.4,1
CUST-001230,Female,0,No,No,41,No,Yes,DSL,No,No,No,No internet service,Month-to-month,Yes,Bank transfer,94.47,2988.98,3,82.4,1
CUST-001231,Male,0,No,No,23,Yes,Yes,Fiber optic,No,No,No,Yes,One year,Yes,Credit card,174.18,3454.77,4,221.5,1
CUST-001232,Female,0,No,Yes,66,Yes,No,Fiber optic,Yes,Yes,No,No,Two year,No,Credit card,98.5,5321.67,1,180.7,0
CUST-001233,Female,0,Yes,Yes,48,Yes,No,Fiber optic,Yes,No,Yes,No,Month-to-month,Yes,Electronic check,91.38,3475.57,2,231.2,1
CUST-001234,Male,0,No,Yes,58,Yes,No,Fiber optic,No internet service,Yes,No,No,One year,No,Credit card,112.19,5840.84,3,197.8,1
CUST-001235,Female,0,No,Yes,15,Yes,Yes,DSL,No,No,No internet service,No internet service,One year,No,Bank transfer,90.0,1216.64,5,19.9,1
CUST-001236,Female,0,Yes,No,54,Yes,Yes,No,Yes,No,Yes,No internet service,Two year,Yes,Electronic check,93.96,4070.89,2,130.6,0
CUST-001237,Female,0,Yes,Yes,37,Yes,Yes,Fiber optic,No,No,No,No internet service,Month-to-month,Yes,Bank transfer,57.08,1541.53,1,352.2,1
CUST-001238,Male,0,No,No,19,Yes,Yes,Fiber optic,Yes,No internet service,Yes,No internet service,Month-to-month,Yes,Mailed check,54.68,766.54,3,69.3,1
CUST-001239,Male,0,No,Yes,49,Yes,Yes,DSL,No,No internet service,No,Yes,One year,Yes,Electronic check,75.66,3337.2,2,0.0,0
CUST-001240,Female,1,Yes,No,32,Yes,Yes,Fiber optic,No internet service,No,Yes,No internet service,Two year,Yes,Electronic check,63.76,1697.04,0,211.1,0
CUST-001241,Female,0,Yes,Yes,58,Yes,Yes,Fiber optic,No,No,Yes,Yes,Month-to-month,No,Electronic check,100.88,4820.65,3,109.1,1
CUST-001242,Male,0,No,No,9,Yes,No,No,No,No,Yes,Yes,Month-to-month,Yes,Bank transfer,23.5,198.72,0,134.6,1
CUST-001243,Male,0,No,Yes,26,Yes,Yes,Fiber optic,No,No,Yes,No,Month-to-month,Yes,Electronic check,105.45,2407.34,1,298.2,1
CUST-001244,Male,0,No,No,17,Yes,No,Fiber optic,No internet service,Yes,No,Yes,Month-to-month,No,Credit card,117.7,1664.04,0,300.2,1
CUST-001245,Female,0,Yes,No,14,Yes,No,Fiber optic,No internet service,Yes,Yes,No,Month-to-month,Yes,Credit card,84.32,1059.5,1,163.7,0
CUST-001246,Male,1,Yes,Yes,72,No,Yes,Fiber optic,No internet service,No,Yes,No,Two year,Yes,Electronic check,92.66,5828.19,4,121.8,1
CUST-001247,Female,0,No,No,19,Yes,No phone service,Fiber optic,Yes,Yes,Yes,Yes,One year,Yes,Electronic check,121.88,1834.52,4,82.1,1
CUST-001248,Male,0,Yes,No,8,Yes,Yes,No,No internet service,Yes,No internet service,No,Month-to-month,No,Credit card,111.98,793.34,2,179.2,1
CUST-001249,Female,1,No,No,38,No,No,No,No,No,No internet service,No,One year,No,Mailed check,85.44,2920.0,4,183.5,1
CUST-001250,Male,0,Yes,No,38,Yes,No,Fiber optic,No,No,No internet service,No,Month-to-month,Yes,Mailed check,67.23,2055.5,2,110.4,1
CUST-001251,Male,0,Yes,No,20,Yes,No,Fiber optic,No,Yes,Yes,No internet service,Two year,Yes,Mailed check,129.96,2100.63,1,37.1,0
CUST-001252,Male,0,Yes,No,7,Yes,No,Fiber optic,No,Yes,No internet service,Yes,One year,Yes,Bank transfer,45.16,267.67,0,291.8,0
CUST-001253,Female,0,Yes,No,50,No,No,Fiber optic,No,Yes,No,No,One year,Yes,Credit card,103.21,4362.18,1,263.2,0
CUST-001254,Male,0,Yes,Yes,3,No,Yes,Fiber optic,No internet service,Yes,Yes,No internet service,Month-to-month,No,Mailed check,75.97,202.08,5,213.7,1
CUST-001255,Male,0,No,Yes,19,Yes,Yes,Fiber optic,No,No,No internet service,Yes,Month-to-month,No,Electronic check,118.01,1847.08,2,204.9,1
CUST-001256,Female,0,No,Yes,31,No,No phone service,Fiber optic,Yes,No,No,No,Month-to-month,Yes,Bank transfer,117.22,2659.11,2,281.7,1
CUST-001257,Female,0,Yes,No,72,Yes,No,DSL,No,Yes,Yes,No internet service,Month-to-month,Yes,Electronic check,114.26,7550.67,3,160.0,0
CUST-001258,Female,0,No,No,3,No,Yes,Fiber optic,Yes,No,No,No,Two year,Yes,Mailed check,134.79,371.24,4,304.3,1
CUST-001259,Female,0,Yes,No,45,Yes,Yes,Fiber optic,No,Yes,Yes,No,Month-to-month,Yes,Bank transfer,21.62,697.55,2,27.2,0
CUST-001260,Male,0,No,Yes,5,Yes,Yes,DSL,No,No,No internet service,No,One year,Yes,Bank transfer,115.24,447.95,1,141.7,0
CUST-001261,Female,0,Yes,Yes,15,Yes,Yes,Fiber optic,No internet service,Yes,No,Yes,Month-to-month,No,Bank transfer,89.96,1189.22,1,311.0,1
CUST-001262,Male,0,No,No,60,Yes,No,Fiber optic,No,No,No internet service,No,One year,No,Mailed check,156.28,6624.53,1,235.2,0
CUST-001263,Male,0,Yes,Yes,7,Yes,No,Fiber optic,No internet service,Yes,No internet service,Yes,Month-to-month,No,Mailed check,131.99,691.25,1,279.2,1
CUST-001264,Female,1,Yes,No,58,Yes,No,Fiber optic,No,No,Yes,No internet service,One year,No,Bank transfer,147.18,7841.47,3,235.1,1
CUST-001265,Male,0,No,No,24,No,No,Fiber optic,No,No,No,No internet service,One year,No,Bank transfer,85.99,1644.45,2,67.0,1
CUST-001266,Female,0,Yes,Yes,22,Yes,No phone service,Fiber optic,Yes,Yes,No,Yes,Two year,No,Electronic check,121.62,2292.63,3,87.4,1
CUST-001267,Female,0,Yes,No,35,No,Yes,Fiber optic,Yes,No,Yes,No internet service,Month-to-month,Yes,Credit card,158.13,4819.28,4,153.3,1
CUST-001268,Female,0,No,No,29,Yes,Yes,Fiber optic,No,No,No,No internet service,Month-to-month,Yes,Electronic check,39.51,896.34,3,340.6,1
CUST-001269,Female,1,Yes,No,14,Yes,No,DSL,Yes,No,No,No,One year,No,Bank transfer,94.85,1004.39,1,188.6,0
CUST-001270,Female,1,No,No,43,Yes,No,No,No,No,No,No,Month-to-month,Yes,Electronic check,118.95,4680.53,4,407.5,1
CUST-001271,Male,0,No,No,42,Yes,Yes,Fiber optic,Yes,No,Yes,No internet service,Month-to-month,No,Bank transfer,59.3,1825.91,2,14.4,1
CUST-001272,Female,0,Yes,No,13,Yes,No phone service,DSL,No,No,No,Yes,One year,No,Electronic check,96.81,1156.32,3,242.5,1
CUST-001273,Male,0,No,No,13,Yes,Yes,Fiber optic,No,No internet service,No,No internet service,Two year,No,Bank transfer,75.99,748.87,2,191.1,0
CUST-001274,Male,0,No,No,72,Yes,Yes,No,Yes,No,No,No,Two year,Yes,Electronic check,44.78,2705.7,4,47.4,0
CUST-001275,Female,0,No,No,27,Yes,No,Fiber optic,Yes,No internet service,No,No,One year,Yes,Credit card,66.98,1379.32,1,97.2,0
CUST-001276,Male,0,Yes,No,72,Yes,Yes,Fiber optic,No,No,Yes,No internet service,One year,Yes,Mailed check,53.41,3180.1,1,166.5,0
CUST-001277,Female,0,No,Yes,72,Yes,Yes,No,Yes,No,No,No internet service,Month-to-month,Yes,Electronic check,63.01,3682.31,0,289.0,0
CUST-001278,Female,0,Yes,No,72,Yes,Yes,DSL,Yes,No internet service,No,No,Month-to-month,Yes,Electronic check,21.33,1247.02,2,0.0,0
CUST-001279,Female,0,No,Yes,72,Yes,No,Fiber optic,No internet service,No internet service,No internet service,Yes,Month-to-month,Yes,Bank transfer,96.85,5518.96,1,194.3,1
CUST-001280,Male,1,No,No,56,No,No phone service,DSL,No internet service,No,No internet service,No,Month-to-month,No,Bank transfer,114.18,5457.6,1,52.4,0
CUST-001281,Female,0,No,No,39,Yes,No,Fiber optic,No,No,No internet service,Yes,One year,No,Bank transfer,59.78,1983.71,2,173.8,1
CUST-001282,Male,0,Yes,Yes,22,Yes,No phone service,Fiber optic,No,No internet service,Yes,Yes,Month-to-month,No,Electronic check,110.69,1764.55,2,276.6,1
CUST-001283,Male,1,No,Yes,17,Yes,No,Fiber optic,Yes,No,Yes,No,Month-to-month,Yes,Electronic check,64.91,990.56,3,67.4,1
CUST-001284,Male,1,No,No,41,Yes,Yes,DSL,No internet service,No,Yes,Yes,Month-to-month,No,Credit card,113.77,3561.73,0,178.4,1
CUST-001285,Male,0,No,No,6,Yes,Yes,Fiber optic,No,No,No,No,Month-to-month,Yes,Mailed check,101.18,515.14,2,198.7,1
CUST-001286,Female,0,Yes,No,62,Yes,No,Fiber optic,Yes,Yes,Yes,No,Two year,Yes,Bank transfer,146.46,7467.7,1,17.2,1
CUST-001287,Male,1,Yes,No,25,No,Yes,DSL,No,No internet service,Yes,No,Two year,Yes,Electronic check,67.55,1360.36,2,87.4,0
CUST-001288,Female,0,No,Yes,18,Yes,Yes,No,No internet service,No internet service,Yes,No,Two year,No,Credit card,129.27,1978.23,2,201.6,1
CUST-001289,Male,0,Yes,Yes,23,Yes,No,DSL,No internet service,No,No,No internet service,Month-to-month,No,Credit card,124.59,2574.33,3,93.1,1
CUST-001290,Female,0,Yes,No,21,Yes,No,Fiber optic,Yes,No,Yes,Yes,Month-to-month,No,Credit card,143.0,2573.9,2,334.0,1
CUST-001291,Female,0,No,Yes,4,Yes,No phone service,No,Yes,No,Yes,Yes,Month-to-month,Yes,Credit card,111.17,341.44,2,119.6,0
CUST-001292,Female,0,Yes,Yes,22,Yes,No,Fiber optic,No,No,Yes,No,Month-to-month,Yes,Credit card,47.08,794.17,1,260.5,1
CUST-001293,Female,0,Yes,Yes,24,Yes,Yes,DSL,No,No,No internet service,No internet service,Month-to-month,No,Credit card,123.79,2530.59,2,366.4,1
CUST-001294,Male,0,Yes,No,36,Yes,No,DSL,No,No,Yes,No,One year,No,Mailed check,142.54,4060.49,3,163.1,0
CUST-001295,Male,0,No,No,72,Yes,No,No,Yes,Yes,Yes,No,Month-to-month,No,Mailed check,83.82,4974.59,0,324.8,0
CUST-001296,Female,0,Yes,No,33,Yes,No,DSL,No internet service,Yes,No,No,Month-to-month,Yes,Credit card,109.97,2797.94,6,73.1,1
CUST-001297,Male,0,No,No,30,Yes,No,Fiber optic,No,No internet service,No,No,One year,No,Mailed check,67.94,1897.19,2,184.9,1
CUST-001298,Female,0,Yes,No,56,Yes,Yes,Fiber optic,No,No,No,Yes,Month-to-month,No,Bank transfer,88.9,4099.1,3,230.9,1
CUST-001299,Male,0,Yes,No,13,Yes,No,Fiber optic,No,No,Yes,No,Month-to-month,Yes,Bank transfer,67.64,694.76,1,280.0,1
CUST-001300,Male,0,No,Yes,18,Yes,No phone service,DSL,No internet service,No,No internet service,No,Two year,No,Credit card,99.8,1532.05,2,214.6,0
CUST-001301,Male,0,Yes,No,17,Yes,Yes,DSL,No internet service,No,Yes,No,Month-to-month,No,Credit card,102.12,1257.61,1,57.8,1
CUST-001302,Male,0,Yes,Yes,54,Yes,Yes,Fiber optic,No internet service,No,No,Yes,Month-to-month,Yes,Bank transfer,46.05,1865.11,1,133.7,1
CUST-001303,Male,0,Yes,No,23,Yes,Yes,DSL,No,Yes,Yes,No,Month-to-month,No,Electronic check,84.17,1744.67,2,53.9,1
CUST-001304,Male,0,Yes,Yes,16,Yes,Yes,DSL,No,No,Yes,Yes,Month-to-month,Yes,Bank transfer,132.37,1751.52,2,184.3,1
CUST-001305,Male,0,Yes,No,72,No,No,DSL,No,No,Yes,Yes,Month-to-month,No,Bank transfer,79.74,4970.99,4,161.9,1
CUST-001306,Female,0,Yes,No,36,Yes,Yes,Fiber optic,No,Yes,Yes,No,One year,Yes,Credit card,99.36,3197.24,2,207.9,1
CUST-001307,Female,0,No,Yes,25,Yes,No,Fiber optic,No,Yes,Yes,No,Month-to-month,Yes,Bank transfer,63.75,1189.26,2,253.2,1
CUST-001308,Female,1,No,Yes,26,Yes,No,DSL,Yes,No internet service,No internet service,Yes,One year,No,Credit card,100.11,1944.66,1,24.2,0
CUST-001309,Male,0,No,No,14,No,No,No,Yes,No,No,Yes,Two year,No,Credit card,104.79,1172.78,0,270.9,0
CUST-001310,Female,0,No,Yes,17,Yes,No,DSL,Yes,No,No,No,Month-to-month,No,Credit card,90.26,1230.39,0,34.5,0
CUST-001311,Male,0,No,Yes,27,Yes,Yes,DSL,No internet service,No,Yes,No,Month-to-month,Yes,Electronic check,58.18,1201.67,1,253.0,1
CUST-001312,Female,0,Yes,No,31,Yes,No,Fiber optic,No,No,No,Yes,Month-to-month,No,Electronic check,106.07,2728.52,2,55.9,1
CUST-001313,Male,0,No,No,26,No,No,Fiber optic,No internet service,No,Yes,No,One year,Yes,Credit card,142.25,2769.51,4,146.9,1
CUST-001314,Female,0,No,Yes,29,Yes,No,No,No internet service,No internet service,No,No internet service,Month-to-month,Yes,Electronic check,139.69,3150.84,0,400.2,0
CUST-001315,Female,0,Yes,No,72,Yes,No,Fiber optic,No,No,Yes,Yes,Two year,Yes,Electronic check,135.35,7916.91,3,173.8,1
CUST-001316,Male,0,No,No,29,Yes,Yes,Fiber optic,No,Yes,No,No internet service,Month-to-month,Yes,Credit card,97.21,2488.56,2,155.0,1
CUST-001317,Female,0,Yes,No,45,Yes,No,Fiber optic,Yes,No,No,No,One year,Yes,Electronic check,98.84,3362.24,2,46.4,0
CUST-001318,Female,0,No,No,23,Yes,No phone service,DSL,No,No,No,No,One year,Yes,Credit card,108.96,1810.92,6,113.8,1
CUST-001319,Female,0,No,Yes,40,Yes,Yes,Fiber optic,No,No,No,No,One year,Yes,Electronic check,57.23,1843.54,1,219.6,1
CUST-001320,Male,0,No,Yes,72,Yes,No,Fiber optic,Yes,No,No internet service,Yes,One year,No,Mailed check,121.6,6990.31,2,27.9,1
CUST-001321,Male,1,No,No,30,Yes,No,DSL,No,No,Yes,No internet service,One year,No,Bank transfer,72.82,1802.3,0,211.4,0
CUST-001322,Male,1,No,Yes,18,Yes,Yes,Fiber optic,No,Yes,Yes,Yes,Two year,Yes,Credit card,118.3,1796.01,4,85.1,1
CUST-001323,Female,0,Yes,No,33,Yes,No,DSL,No,No,No,Yes,Month-to-month,Yes,Electronic check,112.7,3363.54,1,184.0,0
CUST-001324,Female,1,No,Yes,3,Yes,No,DSL,No,No,Yes,Yes,Month-to-month,Yes,Mailed check,123.18,308.04,1,246.7,0
CUST-001325,Male,0,Yes,No,52,Yes,No,DSL,No,Yes,Yes,No internet service,Two year,No,Mailed check,32.02,1315.52,2,168.8,0
CUST-001326,Male,0,Yes,No,18,Yes,Yes,DSL,No internet service,No,Yes,No internet service,Month-to-month,Yes,Bank transfer,119.89,1556.86,6,176.3,1
CUST-001327,Male,0,No,Yes,57,Yes,Yes,No,No internet service,No,No internet service,No internet service,One year,No,Credit card,118.18,6034.05,4,267.6,1
CUST-001328,Female,0,No,No,60,Yes,No,Fiber optic,No,No,No internet service,No internet service,Two year,No,Credit card,105.24,4886.18,2,0.0,0
CUST-001329,Male,0,No,Yes,72,Yes,No,Fiber optic,No,Yes,No,Yes,Month-to-month,Yes,Electronic check,63.21,4147.68,4,287.4,1
CUST-001330,Male,0,No,No,60,No,Yes,DSL,No,No internet service,Yes,Yes,One year,No,Mailed check,79.1,4125.25,2,17.1,0
CUST-001331,Male,0,No,Yes,72,Yes,No,Fiber optic,No,No internet service,No internet service,No,Month-to-month,No,Electronic check,94.41,6430.29,1,155.3,1
CUST-001332,Male,0,No,No,72,Yes,No,Fiber optic,No internet service,Yes,No,No internet service,Two year,No,Mailed check,90.64,5194.84,0,110.5,1
CUST-001333,Female,0,No,Yes,22,Yes,No,Fiber optic,No,No internet service,No,No,Two year,No,Bank transfer,59.02,1092.07,3,140.8,0
CUST-001334,Female,0,No,No,33,Yes,No,Fiber optic,No internet service,No,No internet service,Yes,Two year,Yes,Credit card,30.45,755.57,4,216.2,0
CUST-001335,Male,0,Yes,No,33,Yes,Yes,Fiber optic,No,No,Yes,No internet service,One year,No,Electronic check,77.33,2193.72,1,172.4,0
CUST-001336,Female,0,Yes,No,40,Yes,No,Fiber optic,Yes,Yes,No internet service,No internet service,Two year,No,Mailed check,45.04,1682.22,2,179.5,1
CUST-001337,Female,0,Yes,No,57,Yes,Yes,DSL,No internet service,No internet service,No,No,Month-to-month,Yes,Bank transfer,68.58,3152.36,1,42.1,0
CUST-001338,Female,0,Yes,No,32,Yes,No,Fiber optic,No internet service,No,No,No,One year,No,Electronic check,96.68,2409.22,2,109.1,1
CUST-001339,Male,0,Yes,No,27,Yes,No,DSL,No,No internet service,No,No internet service,One year,No,Electronic check,81.25,1768.4,0,219.1,0
CUST-001340,Female,0,No,No,20,Yes,No,Fiber optic,Yes,No,No internet service,No,One year,Yes,Mailed check,109.77,1649.42,1,261.7,0
CUST-001341,Female,0,No,No,17,Yes,No,No,Yes,Yes,No,No,Month-to-month,No,Electronic check,20.37,260.41,3,291.7,0
CUST-001342,Male,0,No,No,39,Yes,No,Fiber optic,No internet service,No,No,Yes,One year,No,Electronic check,87.61,2557.54,2,373.4,0
CUST-001343,Male,0,No,Yes,6,No,Yes,No,No,Yes,No,Yes,Month-to-month,Yes,Mailed check,82.25,417.88,1,173.0,1
CUST-001344,Male,0,Yes,No,26,Yes,Yes,No,No,Yes,Yes,No,Month-to-month,No,Credit card,78.86,1850.34,4,227.7,1
CUST-001345,Female,0,No,No,35,Yes,Yes,Fiber optic,No,No internet service,No,No internet service,Month-to-month,Yes,Electronic check,113.41,3240.77,0,238.0,1
CUST-001346,Male,0,No,No,18,Yes,No,Fiber optic,No internet service,No internet service,Yes,No,Month-to-month,No,Mailed check,109.43,1566.42,2,282.2,1
CUST-001347,Female,0,Yes,No,13,Yes,Yes,Fiber optic,No,No,Yes,Yes,One year,Yes,Credit card,119.15,1306.56,2,204.2,0
CUST-001348,Female,0,Yes,Yes,15,Yes,No,Fiber optic,No,Yes,No,No,Two year,No,Bank transfer,94.42,1271.67,6,415.6,1
CUST-001349,Female,1,No,Yes,17,Yes,Yes,Fiber optic,No,Yes,Yes,No internet service,One year,Yes,Bank transfer,87.99,1347.29,2,167.4,1
CUST-001350,Female,0,Yes,No,17,Yes,Yes,Fiber optic,No,Yes,No,No internet service,One year,Yes,Electronic check,45.92,730.78,1,138.2,0
CUST-001351,Female,0,Yes,Yes,25,Yes,No,Fiber optic,No,No internet service,No internet service,Yes,One year,Yes,Credit card,61.26,1302.73,2,77.9,1
CUST-001352,Female,0,Yes,Yes,36,Yes,Yes,Fiber optic,No internet service,No internet service,No,No,One year,Yes,Electronic check,80.89,2706.54,4,157.0,1
CUST-001353,Female,0,Yes,No,37,Yes,No,DSL,No,No,No internet service,Yes,Month-to-month,Yes,Electronic check,79.69,2639.88,0,155.4,0
CUST-001354,Female,0,Yes,No,41,Yes,No,Fiber optic,Yes,No,No internet service,No,Month-to-month,Yes,Credit card,23.7,816.98,5,157.8,1
CUST-001355,Male,0,Yes,No,25,Yes,No,Fiber optic,No,Yes,Yes,Yes,Month-to-month,Yes,Credit card,105.36,2133.85,5,214.2,1
CUST-001356,Female,0,Yes,No,28,Yes,Yes,Fiber optic,Yes,Yes,No internet service,No,Month-to-month,No,Electronic check,84.04,2018.33,1,99.4,1
CUST-001357,Male,0,No,No,61,Yes,No,No,No,Yes,Yes,Yes,Month-to-month,Yes,Mailed check,68.21,3692.92,2,67.1,1
CUST-001358,Female,1,Yes,No,72,Yes,Yes,Fiber optic,Yes,Yes,No,No,Month-to-month,No,Bank transfer,27.84,1809.48,1,127.9,1
CUST-001359,Female,0,Yes,No,72,Yes,No,Fiber optic,Yes,No,Yes,Yes,Month-to-month,No,Mailed check,76.32,4928.48,1,80.4,1
CUST-001360,Male,0,No,Yes,20,Yes,No,Fiber optic,No internet service,Yes,Yes,Yes,Month-to-month,No,Credit card,79.16,1186.94,0,265.0,1
CUST-001361,Male,1,No,No,51,Yes,Yes,Fiber optic,Yes,No,Yes,No,One year,Yes,Electronic check,63.56,2764.05,3,186.3,0
CUST-001362,Male,0,Yes,No,11,Yes,No phone service,Fiber optic,No,No,No,No internet service,One year,Yes,Mailed check,21.02,174.85,3,118.2,1
CUST-001363,Female,0,Yes,No,17,Yes,Yes,Fiber optic,No,No internet service,No,Yes,One year,No,Bank transfer,82.91,1353.26,3,295.1,0
CUST-001364,Male,0,Yes,No,33,No,No phone service,DSL,No,No,No internet service,No internet service,One year,Yes,Credit card,143.11,4194.58,0,119.4,0
CUST-001365,Male,1,Yes,Yes,8,Yes,Yes,Fiber optic,Yes,No,Yes,Yes,Two year,No,Mailed check,117.79,846.68,1,227.4,0
CUST-001366,Female,0,No,No,3,Yes,No,DSL,Yes,No,Yes,No,Month-to-month,Yes,Credit card,111.66,261.77,3,402.6,1
CUST-001367,Female,0,No,Yes,26,Yes,No,DSL,Yes,Yes,No internet service,No,One year,No,Credit card,75.04,1876.65,4,178.0,0
CUST-001368,Female,0,Yes,No,26,No,No,Fiber optic,No internet service,No,No,Yes,Two year,Yes,Mailed check,111.61,2233.56,1,280.3,0
CUST-001369,Male,1,No,Yes,56,Yes,Yes,Fiber optic,No,No,No,No,One year,Yes,Electronic check,21.9,1003.72,0,107.8,0
CUST-001370,Male,0,Yes,Yes,43,Yes,Yes,DSL,No internet service,Yes,No,No internet service,Two year,No,Credit card,137.25,5038.37,1,182.9,0
CUST-001371,Female,0,No,No,48,Yes,No,Fiber optic,Yes,No internet service,No internet service,No internet service,Month-to-month,No,Bank transfer,83.47,3526.05,2,205.5,1
CUST-001372,Male,0,No,No,58,Yes,No,Fiber optic,No,Yes,No,Yes,Month-to-month,Yes,Credit card,142.15,6292.32,1,193.6,1
CUST-001373,Male,0,No,No,14,Yes,Yes,Fiber optic,No,No,No,No,Two year,No,Bank transfer,45.27,563.72,1,84.3,0
CUST-001374,Male,0,No,Yes,48,Yes,Yes,Fiber optic,No,No,No internet service,Yes,Month-to-month,No,Credit card,38.48,1554.79,1,114.1,1
CUST-001375,Male,0,No,Yes,36,Yes,Yes,Fiber optic,No,No internet service,No internet service,No internet service,Month-to-month,Yes,Bank transfer,65.67,2083.7,1,83.7,1
CUST-001376,Male,0,Yes,No,35,Yes,No phone service,Fiber optic,Yes,No,No internet service,Yes,Month-to-month,Yes,Mailed check,82.39,2176.97,7,218.2,1
CUST-001377,Female,0,Yes,No,40,Yes,No,DSL,Yes,No,No,No,Month-to-month,No,Mailed check,51.32,1744.01,3,109.0,1
CUST-001378,Male,0,No,No,12,Yes,No,Fiber optic,Yes,No,Yes,Yes,Month-to-month,Yes,Bank transfer,66.99,654.1,3,151.1,1
CUST-001379,Male,0,No,Yes,19,Yes,No,DSL,No,No,No,No,One year,Yes,Electronic check,96.07,1450.82,2,68.6,1
CUST-001380,Female,0,Yes,No,3,Yes,Yes,Fiber optic,Yes,No,No,Yes,Month-to-month,No,Mailed check,61.05,150.7,3,126.8,1
CUST-001381,Male,0,No,No,13,Yes,No,Fiber optic,Yes,No,No,Yes,Month-to-month,Yes,Mailed check,133.56,1455.65,5,307.2,1
CUST-001382,Female,0,No,No,36,Yes,No,DSL,No,No internet service,Yes,Yes,Month-to-month,Yes,Electronic check,129.56,3850.17,1,134.5,1
CUST-001383,Female,0,Yes,Yes,63,Yes,No,Fiber optic,No,No,No,No,Two year,No,Mailed check,109.38,5988.31,3,25.2,0
CUST-001384,Female,1,No,Yes,56,Yes,No,DSL,No,No,No internet service,No,Month-to-month,Yes,Electronic check,168.17,7111.6,1,281.8,1
CUST-001385,Female,0,No,No,72,Yes,No,Fiber optic,Yes,No,No,No internet service,Month-to-month,No,Electronic check,101.78,6561.94,2,256.6,1
CUST-001386,Male,0,No,No,36,Yes,No,DSL,Yes,No internet service,Yes,Yes,Two year,No,Credit card,126.42,3712.11,2,261.7,0
CUST-001387,Male,0,No,No,64,Yes,No,Fiber optic,No,Yes,Yes,Yes,One year,Yes,Electronic check,85.97,4904.65,1,233.2,0
CUST-001388,Male,0,Yes,Yes,43,Yes,Yes,Fiber optic,Yes,No,Yes,Yes,Month-to-month,No,Mailed check,82.01,2711.9,0,253.4,1
CUST-001389,Female,1,No,No,72,Yes,No,DSL,No,Yes,No,No,Month-to-month,Yes,Electronic check,79.92,4772.85,0,67.2,0
CUST-001390,Female,0,Yes,Yes,35,Yes,No,DSL,No,Yes,Yes,Yes,Two year,Yes,Credit card,32.8,1061.24,3,169.6,0
CUST-001391,Male,1,No,Yes,15,Yes,No,No,No,No,Yes,Yes,Month-to-month,Yes,Bank transfer,101.53,1252.35,2,188.4,1
CUST-001392,Female,0,Yes,Yes,64,Yes,No,Fiber optic,No,Yes,Yes,Yes,One year,Yes,Credit card,65.05,3162.47,4,310.2,1
CUST-001393,Male,1,Yes,Yes,16,Yes,Yes,DSL,No,No internet service,No,No,Two year,Yes,Credit card,152.46,2120.66,1,47.2,0
CUST-001394,Male,0,Yes,Yes,2,Yes,No,Fiber optic,Yes,Yes,No,No internet service,Two year,Yes,Mailed check,52.12,88.65,1,50.1,1
CUST-001395,Male,0,No,Yes,12,No,No,Fiber optic,Yes,No,No internet service,Yes,Two year,No,Mailed check,96.41,879.96,0,200.0,0
CUST-001396,Female,0,Yes,No,72,Yes,Yes,No,No internet service,No internet service,Yes,Yes,Month-to-month,No,Bank transfer,43.59,2602.57,0,179.1,0
CUST-001397,Male,0,No,No,21,Yes,No,Fiber optic,No,Yes,No,Yes,Month-to-month,Yes,Bank transfer,107.17,1981.87,2,288.2,1
CUST-001398,Female,0,Yes,No,14,No,Yes,Fiber optic,Yes,Yes,No internet service,Yes,One year,Yes,Mailed check,164.8,1643.43,6,149.4,1
CUST-001399,Male,0,No,Yes,58,Yes,Yes,No,Yes,Yes,No,Yes,Month-to-month,No,Bank transfer,91.27,4795.08,1,109.2,0
CUST-001400,Female,1,No,No,18,Yes,No,No,No,Yes,No,No,One year,Yes,Mailed check,90.09,1411.58,3,232.4,1
CUST-001401,Male,0,No,No,59,Yes,No,Fiber optic,Yes,No,No,No,Two year,Yes,Mailed check,75.69,3895.62,2,131.2,0
CUST-001402,Male,0,No,No,22,Yes,Yes,DSL,No internet service,No internet service,No internet service,No internet service,Month-to-month,No,Mailed check,103.09,2152.75,2,121.8,1
CUST-001403,Female,0,Yes,No,6,Yes,No,Fiber optic,No,No,No,No internet service,One year,Yes,Credit card,68.09,326.51,1,128.8,1
CUST-001404,Female,0,Yes,No,40,Yes,Yes,Fiber optic,No internet service,No,Yes,No,Month-to-month,No,Credit card,125.31,4184.34,5,306.4,1
CUST-001405,Female,0,Yes,Yes,72,Yes,No,DSL,No,No internet service,No,No,Month-to-month,No,Mailed check,114.17,6951.57,4,237.8,0
CUST-001406,Female,0,Yes,Yes,44,Yes,No,No,No internet service,No,Yes,Yes,One year,No,Mailed check,118.57,4259.38,3,137.9,0
CUST-001407,Female,0,Yes,No,15,Yes,Yes,DSL,No internet service,No,No,Yes,Month-to-month,Yes,Credit card,95.99,1084.04,3,310.6,1
CUST-001408,Female,1,No,No,40,Yes,No,Fiber optic,No,No,Yes,No internet service,Month-to-month,Yes,Mailed check,129.53,3977.73,1,216.8,1
CUST-001409,Male,0,Yes,No,27,Yes,Yes,DSL,No,Yes,No,No internet service,One year,Yes,Electronic check,27.6,638.91,1,119.6,0
CUST-001410,Male,0,Yes,No,18,Yes,No,No,Yes,No,No,Yes,Two year,No,Credit card,100.02,1511.94,4,190.6,0
CUST-001411,Female,0,Yes,No,17,Yes,No,DSL,No,No,Yes,No,Month-to-month,Yes,Electronic check,33.89,492.89,2,262.6,0
CUST-001412,Male,0,No,No,27,Yes,No,DSL,No,Yes,No,No,One year,Yes,Mailed check,60.2,1246.69,3,98.2,1
CUST-001413,Male,0,No,No,20,Yes,Yes,Fiber optic,No,Yes,No,No internet service,Two year,Yes,Mailed check,116.69,2053.98,2,203.2,1
CUST-001414,Female,1,Yes,Yes,42,Yes,No,DSL,No internet service,No,Yes,No,One year,Yes,Electronic check,93.32,3392.01,3,65.1,0
CUST-001415,Male,0,No,No,3,Yes,No,DSL,No,No,No,No,One year,No,Mailed check,83.52,228.8,1,300.6,1
CUST-001416,Female,0,No,No,20,Yes,Yes,DSL,Yes,No,Yes,Yes,One year,Yes,Mailed check,105.33,1950.02,3,135.3,1
CUST-001417,Male,0,Yes,Yes,47,Yes,Yes,Fiber optic,No,No internet service,No,No internet service,Month-to-month,Yes,Bank transfer,107.32,3539.33,3,215.3,1
CUST-001418,Male,0,No,Yes,16,Yes,No,No,No,No internet service,No,No internet service,Month-to-month,No,Mailed check,155.36,2182.58,4,196.2,1
CUST-001419,Male,0,Yes,No,14,Yes,No,Fiber optic,No internet service,No,Yes,Yes,Month-to-month,Yes,Bank transfer,34.15,417.13,1,304.7,1
CUST-001420,Male,0,No,No,46,Yes,No phone service,Fiber optic,No,No,No,No,Month-to-month,Yes,Electronic check,60.25,2620.21,0,151.1,1
CUST-001421,Female,0,No,No,17,Yes,Yes,Fiber optic,No,No,No,No,One year,No,Credit card,103.87,1607.88,2,177.7,0
CUST-001422,Male,0,No,Yes,39,Yes,No,DSL,No,No,Yes,No internet service,Month-to-month,No,Bank transfer,76.47,2458.16,4,260.3,0
CUST-001423,Female,0,Yes,Yes,5,Yes,No,Fiber optic,No,No internet service,Yes,Yes,One year,Yes,Electronic check,30.54,134.67,3,374.4,1
CUST-001424,Female,0,No,Yes,61,Yes,No,Fiber optic,No,No,No,No internet service,Two year,No,Bank transfer,19.81,1085.42,1,262.2,1
CUST-001425,Female,0,No,No,71,Yes,Yes,Fiber optic,No,No,No,Yes,Month-to-month,Yes,Credit card,81.8,5219.23,0,227.0,1
CUST-001426,Male,0,No,No,72,Yes,No,Fiber optic,No,No,No,No internet service,Month-to-month,Yes,Electronic check,190.47,11135.39,1,196.9,1
CUST-001427,Male,0,Yes,Yes,55,Yes,Yes,DSL,No,No,No,No,Month-to-month,Yes,Electronic check,100.98,4552.87,1,32.3,0
CUST-001428,Female,1,No,No,18,Yes,No,DSL,Yes,No internet service,Yes,Yes,One year,Yes,Mailed check,88.14,1279.53,1,103.8,0
CUST-001429,Female,0,No,Yes,17,No,No,Fiber optic,Yes,No,Yes,No,One year,No,Electronic check,126.55,1826.92,5,173.0,1
CUST-001430,Female,0,No,No,53,Yes,No phone service,Fiber optic,Yes,No,Yes,Yes,Two year,No,Electronic check,119.09,5147.07,2,311.6,1
CUST-001431,Male,0,No,No,47,Yes,No,Fiber optic,Yes,No,No,No,Month-to-month,Yes,Electronic check,36.15,1538.72,5,49.0,1
CUST-001432,Male,0,No,Yes,19,Yes,Yes,DSL,No internet service,Yes,Yes,Yes,Month-to-month,Yes,Bank transfer,58.33,1043.94,3,174.3,0
CUST-001433,Female,1,Yes,No,15,Yes,Yes,DSL,Yes,No internet service,Yes,No,Two year,Yes,Electronic check,78.81,920.87,3,5.5,0
CUST-001434,Male,0,Yes,No,22,Yes,No,Fiber optic,No internet service,No,No,No,Month-to-month,No,Credit card,133.32,2265.79,3,168.1,1
CUST-001435,Female,0,No,No,20,No,Yes,DSL,Yes,No,Yes,No internet service,Two year,Yes,Bank transfer,132.29,2299.79,1,74.6,1
CUST-001436,Male,0,Yes,Yes,34,Yes,No,Fiber optic,No,No,Yes,No,One year,No,Bank transfer,129.8,3715.31,2,161.6,1
CUST-001437,Female,0,No,No,11,Yes,No phone service,DSL,Yes,No internet service,No,No,Two year,No,Bank transfer,145.96,1360.44,0,0.0,0
CUST-001438,Female,0,Yes,No,63,Yes,Yes,DSL,No internet service,No,Yes,No,Month-to-month,Yes,Mailed check,117.55,6786.86,0,74.7,0
CUST-001439,Male,1,Yes,Yes,15,Yes,No,Fiber optic,No,Yes,No internet service,Yes,Month-to-month,No,Mailed check,116.79,1268.53,1,245.9,1
CUST-001440,Female,0,Yes,No,15,Yes,No,Fiber optic,No,No internet service,No internet service,No,Two year,Yes,Bank transfer,103.24,1213.74,2,150.4,1
CUST-001441,Female,0,No,No,72,Yes,Yes,Fiber optic,No,Yes,Yes,Yes,Month-to-month,No,Bank transfer,117.67,7289.25,2,172.3,0
CUST-001442,Male,0,Yes,No,45,Yes,No,DSL,No,No,No,Yes,One year,No,Electronic check,30.77,1049.19,3,184.4,0
CUST-001443,Male,0,No,Yes,14,No,Yes,Fiber optic,No,No internet service,No internet service,No,Month-to-month,Yes,Electronic check,101.27,1112.67,2,182.9,1
CUST-001444,Female,0,No,No,24,Yes,No,Fiber optic,Yes,Yes,No internet service,Yes,One year,No,Mailed check,80.64,1689.18,2,116.5,0
CUST-001445,Male,0,Yes,No,26,Yes,No,Fiber optic,Yes,No,No internet service,No internet service,Month-to-month,No,Electronic check,113.61,2323.28,2,295.6,1
CUST-001446,Female,0,Yes,Yes,66,Yes,Yes,Fiber optic,No internet service,No internet service,Yes,Yes,One year,No,Bank transfer,62.2,3531.69,1,381.7,0
CUST-001447,Female,0,No,No,34,Yes,Yes,Fiber optic,No,No,Yes,No,Month-to-month,No,Mailed check,171.67,5038.88,0,115.1,1
CUST-001448,Female,1,Yes,Yes,18,Yes,Yes,Fiber optic,Yes,No,No,No,Month-to-month,Yes,Electronic check,67.54,1035.69,2,214.2,1
CUST-001449,Female,0,No,No,46,Yes,Yes,Fiber optic,No internet service,Yes,No internet service,No,One year,No,Credit card,50.24,1944.11,4,252.4,0
CUST-001450,Male,0,Yes,No,72,Yes,Yes,Fiber optic,Yes,No internet service,Yes,No internet service,One year,Yes,Mailed check,122.62,8054.65,2,228.9,0
CUST-001451,Male,0,Yes,No,54,Yes,Yes,Fiber optic,No,No,No internet service,Yes,One year,No,Credit card,98.56,4158.65,2,219.7,1
CUST-001452,Male,0,No,No,72,Yes,Yes,Fiber optic,No,Yes,Yes,Yes,Month-to-month,Yes,Bank transfer,93.72,5388.25,4,187.9,1
CUST-001453,Female,0,No,No,25,Yes,Yes,Fiber optic,Yes,No,Yes,Yes,Month-to-month,Yes,Electronic check,64.62,1199.54,1,188.8,1
CUST-001454,Female,0,No,No,11,Yes,No,DSL,Yes,No,No,Yes,Month-to-month,No,Electronic check,104.65,958.87,1,170.1,0
CUST-001455,Male,0,Yes,No,9,Yes,Yes,Fiber optic,No,No,No,Yes,Month-to-month,Yes,Mailed check,46.32,329.38,2,279.7,1
CUST-001456,Female,0,No,No,30,No,No,No,No internet service,No,Yes,No,Month-to-month,Yes,Electronic check,92.69,2361.83,4,130.5,1
CUST-001457,Male,0,No,No,56,Yes,No,Fiber optic,No,No,No,Yes,Month-to-month,Yes,Bank transfer,84.17,4088.75,2,73.4,1
CUST-001458,Male,0,Yes,No,58,Yes,No,Fiber optic,No internet service,No,Yes,Yes,Month-to-month,No,Credit card,61.87,2776.33,2,115.5,0
CUST-001459,Male,0,Yes,Yes,59,Yes,No,DSL,Yes,No,No,No,One year,Yes,Bank transfer,94.62,4285.99,0,274.4,0
CUST-001460,Male,0,Yes,No,49,Yes,No,Fiber optic,No,No,No internet service,Yes,One year,Yes,Bank transfer,75.86,3468.08,3,97.0,1
CUST-001461,Female,1,No,No,11,Yes,No phone service,Fiber optic,No internet service,No,No internet service,No,One year,No,Electronic check,66.85,653.59,3,270.4,0
CUST-001462,Female,1,Yes,Yes,43,Yes,No,Fiber optic,No,No,No,No internet service,Month-to-month,Yes,Credit card,61.13,2062.67,1,199.5,1
CUST-001463,Female,0,Yes,Yes,65,Yes,No,Fiber optic,Yes,No internet service,No,No,Two year,No,Mailed check,77.44,3691.28,1,166.2,1
CUST-001464,Male,0,Yes,No,56,Yes,No,Fiber optic,Yes,Yes,No,No,Two year,No,Electronic check,19.74,1038.56,3,156.4,0
CUST-001465,Female,1,No,No,17,Yes,Yes,DSL,No,No,No internet service,Yes,Two year,No,Bank transfer,101.81,1421.76,2,187.7,0
CUST-001466,Male,0,No,Yes,13,Yes,No,Fiber optic,No,No internet service,Yes,No,Month-to-month,No,Mailed check,62.97,695.21,5,244.3,1
CUST-001467,Female,0,No,No,18,Yes,Yes,Fiber optic,Yes,No,No,Yes,Two year,Yes,Mailed check,29.51,393.8,2,139.5,0
CUST-001468,Female,0,No,No,41,Yes,No,Fiber optic,No,No,Yes,Yes,Month-to-month,No,Electronic check,112.45,4395.43,2,74.8,1
CUST-001469,Male,0,No,No,8,Yes,Yes,DSL,No,No,Yes,No,Two year,Yes,Electronic check,50.37,333.69,2,308.3,0
CUST-001470,Male,0,No,No,16,Yes,No,Fiber optic,No,No,Yes,Yes,Month-to-month,No,Credit card,25.22,306.43,6,335.5,1
CUST-001471,Male,0,Yes,No,20,Yes,No,Fiber optic,Yes,No internet service,No,No,Month-to-month,Yes,Credit card,79.53,1309.91,0,258.7,0
CUST-001472,Male,0,Yes,Yes,32,Yes,No,No,No,No internet service,No,Yes,One year,Yes,Credit card,27.13,700.7,3,216.8,0
CUST-001473,Male,1,No,No,64,Yes,No,Fiber optic,No,No,Yes,No,Two year,No,Electronic check,91.29,4973.82,1,236.2,0
CUST-001474,Male,0,Yes,No,72,Yes,Yes,Fiber optic,No internet service,No,No,No internet service,Month-to-month,Yes,Electronic check,91.91,4866.96,4,112.5,1
CUST-001475,Female,0,No,No,6,Yes,No,Fiber optic,No,No,No,No,Month-to-month,Yes,Bank transfer,50.74,277.24,3,150.1,1
CUST-001476,Male,0,No,No,39,Yes,No,No,No internet service,Yes,Yes,No internet service,Month-to-month,No,Bank transfer,163.18,4979.19,3,381.3,1
CUST-001477,Male,0,Yes,No,72,Yes,No,Fiber optic,No,No internet service,No,No internet service,Month-to-month,Yes,Mailed check,95.24,5464.4,2,85.8,1
CUST-001478,Male,1,No,No,39,Yes,No,Fiber optic,No,No,Yes,No internet service,One year,Yes,Mailed check,140.36,4164.42,1,204.3,0
CUST-001479,Male,0,Yes,Yes,66,Yes,No,Fiber optic,No,No,No internet service,Yes,One year,No,Mailed check,91.49,4854.6,1,151.2,1
CUST-001480,Female,0,No,No,25,Yes,No,Fiber optic,Yes,No internet service,No,No internet service,Month-to-month,Yes,Electronic check,23.97,501.62,3,172.7,1
CUST-001481,Male,0,Yes,No,53,Yes,No phone service,DSL,Yes,No internet service,Yes,No,One year,Yes,Bank transfer,122.69,5803.87,5,136.8,1
CUST-001482,Male,0,No,No,49,Yes,No,Fiber optic,No,Yes,No internet service,Yes,Month-to-month,Yes,Credit card,72.89,3041.69,2,136.7,0
CUST-001483,Female,0,No,No,30,Yes,No,Fiber optic,Yes,No,Yes,No,Month-to-month,No,Mailed check,65.79,1719.67,2,50.5,1
CUST-001484,Female,0,No,No,10,Yes,No,Fiber optic,Yes,No internet service,No,No internet service,Month-to-month,Yes,Electronic check,111.88,1009.03,2,225.2,1
CUST-001485,Female,1,Yes,No,44,Yes,Yes,No,Yes,No,Yes,No internet service,Two year,Yes,Bank transfer,98.2,3617.46,2,145.2,1
CUST-001486,Female,0,No,No,72,Yes,No,Fiber optic,No,No,Yes,Yes,One year,Yes,Credit card,142.55,9553.97,3,188.7,0
CUST-001487,Female,0,No,No,8,Yes,No,DSL,No internet service,Yes,No,No,Month-to-month,No,Bank transfer,30.71,186.6,7,244.7,1
CUST-001488,Male,0,Yes,Yes,50,Yes,Yes,DSL,No,Yes,No,Yes,Month-to-month,Yes,Credit card,70.65,2841.39,2,76.5,1
CUST-001489,Male,0,No,Yes,34,Yes,No,No,No,Yes,Yes,No internet service,Month-to-month,Yes,Mailed check,151.08,4169.73,1,146.3,1
CUST-001490,Male,1,Yes,Yes,61,No,No,Fiber optic,No internet service,No,No,No,Month-to-month,No,Credit card,88.03,4870.62,2,104.7,1
CUST-001491,Male,0,No,No,36,Yes,No,Fiber optic,Yes,No,No,Yes,Month-to-month,Yes,Electronic check,215.76,5595.2,2,179.7,1
CUST-001492,Male,0,Yes,Yes,72,Yes,No,Fiber optic,Yes,No,No internet service,No internet service,Two year,Yes,Electronic check,60.44,3408.48,7,179.8,1
CUST-001493,Female,1,Yes,Yes,19,Yes,No,Fiber optic,No internet service,Yes,No,Yes,One year,No,Credit card,36.05,559.96,1,164.6,1
CUST-001494,Male,0,Yes,No,32,Yes,Yes,DSL,No internet service,No,Yes,No,Month-to-month,No,Bank transfer,51.92,1445.64,3,330.8,0
CUST-001495,Female,0,Yes,Yes,72,Yes,Yes,Fiber optic,Yes,No internet service,No internet service,No internet service,Month-to-month,No,Credit card,176.61,9226.0,3,239.6,1
CUST-001496,Male,0,No,Yes,23,Yes,Yes,Fiber optic,No internet service,No,No,Yes,Month-to-month,Yes,Credit card,98.21,1666.59,2,54.7,1
CUST-001497,Female,0,No,Yes,9,Yes,Yes,Fiber optic,No internet service,No,No,No,Month-to-month,Yes,Credit card,145.48,1212.1,2,198.2,1
CUST-001498,Female,0,Yes,Yes,30,No,No,Fiber optic,No internet service,No,Yes,Yes,Month-to-month,No,Bank transfer,98.75,2261.34,1,42.2,1
CUST-001499,Female,0,No,No,12,Yes,Yes,Fiber optic,Yes,No,No internet service,Yes,One year,Yes,Electronic check,70.28,741.11,2,215.9,0
CUST-001500,Female,0,Yes,No,46,Yes,Yes,DSL,No,No,No,No,Two year,Yes,Credit card,85.64,3684.72,2,88.0,1
CUST-001501,Male,0,No,No,58,Yes,No phone service,DSL,No internet service,No internet service,No internet service,Yes,Month-to-month,Yes,Electronic check,21.76,941.48,1,122.6,0
CUST-001502,Male,1,Yes,Yes,72,Yes,No phone service,Fiber optic,No,Yes,No internet service,Yes,Two year,Yes,Electronic check,21.63,1165.35,2,204.6,0
CUST-001503,Female,0,No,No,72,Yes,Yes,Fiber optic,No,Yes,Yes,No,Month-to-month,No,Bank transfer,156.75,8534.05,1,55.9,1
CUST-001504,Male,1,No,No,37,Yes,No,No,No,No,Yes,No,One year,Yes,Credit card,84.31,2722.23,2,234.9,1
CUST-001505,Female,0,No,Yes,3,Yes,No,DSL,Yes,Yes,No,No internet service,One year,No,Mailed check,54.94,126.41,2,141.7,1
CUST-001506,Male,0,Yes,Yes,6,Yes,No,Fiber optic,No,Yes,Yes,No,Month-to-month,Yes,Electronic check,71.56,402.47,1,104.6,1
CUST-001507,Female,0,Yes,No,17,No,Yes,Fiber optic,Yes,No internet service,No,Yes,One year,No,Electronic check,148.41,2142.27,1,131.1,1
CUST-001508,Female,1,Yes,No,44,Yes,Yes,Fiber optic,No,No,No,Yes,Month-to-month,No,Bank transfer,76.52,2544.74,1,102.7,1
CUST-001509,Male,0,No,No,33,Yes,No,Fiber optic,No,No,Yes,Yes,One year,No,Mailed check,113.3,2820.15,1,101.1,1
CUST-001510,Male,0,No,No,8,Yes,Yes,Fiber optic,No,No internet service,No internet service,No,Two year,No,Mailed check,52.42,368.14,4,189.3,0
CUST-001511,Male,0,Yes,Yes,30,No,Yes,Fiber optic,Yes,Yes,Yes,Yes,Month-to-month,Yes,Credit card,145.3,3516.63,5,341.0,1
CUST-001512,Female,0,No,No,23,Yes,Yes,No,No,Yes,Yes,Yes,One year,Yes,Credit card,98.34,1937.82,3,235.9,0
CUST-001513,Male,0,No,No,45,No,No,Fiber optic,No,No internet service,No,No,Month-to-month,Yes,Bank transfer,64.72,2214.55,3,119.0,1
CUST-001514,Female,1,Yes,No,11,Yes,Yes,DSL,No,No internet service,No,No,Month-to-month,No,Electronic check,60.37,535.18,3,135.9,1
CUST-001515,Male,0,No,No,16,Yes,No,Fiber optic,No,Yes,Yes,No,Two year,Yes,Mailed check,73.7,1038.25,1,48.2,0
CUST-001516,Female,0,No,No,14,Yes,No,Fiber optic,No,No,Yes,No,Two year,Yes,Electronic check,77.29,981.51,2,159.5,1
CUST-001517,Female,0,No,No,72,Yes,No phone service,Fiber optic,Yes,Yes,No,Yes,Month-to-month,Yes,Mailed check,86.38,4644.79,2,141.3,1
CUST-001518,Female,0,No,No,35,Yes,No,DSL,No,Yes,No,Yes,Month-to-month,Yes,Electronic check,96.4,2536.13,3,124.2,1
CUST-001519,Male,0,No,No,56,Yes,No,Fiber optic,No,No,Yes,No,Month-to-month,Yes,Bank transfer,97.85,4265.74,0,230.6,1
CUST-001520,Female,0,No,No,71,Yes,Yes,Fiber optic,No internet service,Yes,No internet service,No internet service,Two year,Yes,Mailed check,57.7,3396.75,5,156.8,0
CUST-001521,Female,0,Yes,No,40,Yes,No phone service,No,No,Yes,No,No internet service,Two year,Yes,Bank transfer,80.17,2836.34,1,209.3,0
CUST-001522,Female,0,No,Yes,53,Yes,Yes,Fiber optic,No,No,No,No internet service,Two year,Yes,Credit card,84.07,3295.66,6,222.1,0
CUST-001523,Female,0,Yes,No,71,Yes,Yes,No,No,Yes,No,No internet service,Month-to-month,Yes,Bank transfer,86.99,5097.97,3,185.6,0
CUST-001524,Male,0,Yes,No,44,Yes,Yes,Fiber optic,No,Yes,No,No,Month-to-month,No,Mailed check,79.15,2587.85,1,202.1,1
CUST-001525,Male,0,Yes,No,3,Yes,Yes,Fiber optic,No,No,No internet service,No,Two year,Yes,Electronic check,126.96,292.29,3,170.1,1
CUST-001526,Female,0,Yes,No,57,Yes,Yes,No,No internet service,No,No internet service,Yes,Month-to-month,No,Mailed check,108.26,4814.98,2,257.0,1
CUST-001527,Male,0,No,Yes,17,Yes,Yes,DSL,No internet service,No,No,Yes,One year,No,Mailed check,95.38,1227.34,2,241.2,0
CUST-001528,Female,1,No,No,21,Yes,Yes,Fiber optic,Yes,No,Yes,No,Two year,Yes,Electronic check,124.29,2131.67,1,113.0,1
CUST-001529,Male,1,No,No,41,Yes,No phone service,Fiber optic,No internet service,Yes,No internet service,Yes,Two year,No,Bank transfer,63.37,2141.87,3,297.3,0
CUST-001530,Male,0,No,No,10,Yes,Yes,Fiber optic,Yes,No,No,Yes,Month-to-month,No,Mailed check,70.8,546.04,2,158.7,1
CUST-001531,Female,0,Yes,No,33,Yes,No,No,No internet service,No,Yes,No,Month-to-month,No,Electronic check,64.5,1927.37,0,186.8,0
CUST-001532,Female,1,Yes,No,39,Yes,No,DSL,No internet service,Yes,No,No,Month-to-month,Yes,Mailed check,57.43,1973.15,2,217.4,0
CUST-001533,Female,0,Yes,No,14,Yes,Yes,Fiber optic,No,Yes,Yes,Yes,Month-to-month,Yes,Electronic check,73.39,912.36,1,273.0,1
CUST-001534,Female,0,Yes,No,37,No,No,Fiber optic,No,No,No,No,One year,Yes,Mailed check,96.13,2919.6,0,233.0,1
CUST-001535,Female,0,Yes,No,12,Yes,Yes,Fiber optic,No,No,No,No internet service,Month-to-month,Yes,Mailed check,97.48,889.42,2,203.7,1
CUST-001536,Female,0,Yes,No,21,Yes,No phone service,Fiber optic,No internet service,No,No,Yes,Month-to-month,Yes,Credit card,21.8,386.57,2,158.5,1
CUST-001537,Female,0,No,No,61,Yes,No,Fiber optic,Yes,No,Yes,No,Month-to-month,No,Credit card,104.63,4935.74,3,69.3,1
CUST-001538,Female,0,No,No,14,Yes,No,DSL,No,Yes,No,Yes,Two year,No,Bank transfer,81.61,955.46,1,290.8,0
CUST-001539,Male,0,Yes,No,26,Yes,Yes,DSL,Yes,No,Yes,Yes,Two year,Yes,Electronic check,52.38,1022.44,0,257.6,0
CUST-001540,Female,0,No,No,7,Yes,No,Fiber optic,Yes,Yes,No,Yes,Month-to-month,Yes,Electronic check,93.42,584.17,4,146.8,1
CUST-001541,Female,1,No,No,13,Yes,No,DSL,No,No internet service,No,No,Month-to-month,No,Mailed check,77.32,774.53,0,230.7,1
CUST-001542,Male,0,Yes,No,35,Yes,No,Fiber optic,Yes,No,No,Yes,One year,Yes,Bank transfer,86.07,2595.95,1,124.9,1
CUST-001543,Female,0,No,No,72,Yes,No,DSL,Yes,No,No,Yes,Month-to-month,No,Credit card,21.28,1163.79,0,273.9,0
CUST-001544,Female,0,Yes,No,24,No,No phone service,Fiber optic,No,No,Yes,No,Month-to-month,No,Electronic check,146.47,3016.6,0,304.2,1
CUST-001545,Female,0,Yes,No,26,Yes,Yes,No,Yes,Yes,No internet service,Yes,Month-to-month,Yes,Electronic check,56.51,1165.21,2,301.2,0
CUST-001546,Male,0,Yes,No,39,Yes,Yes,No,Yes,No,No,No,Month-to-month,No,Electronic check,87.38,2561.02,3,273.6,0
CUST-001547,Male,0,Yes,Yes,72,Yes,Yes,Fiber optic,Yes,No,No,No internet service,Month-to-month,No,Mailed check,77.46,4083.31,1,215.1,0
CUST-001548,Male,0,No,No,42,Yes,No,Fiber optic,No,No,Yes,No,One year,Yes,Electronic check,52.96,1744.76,1,296.4,1
CUST-001549,Female,0,No,No,34,Yes,No,Fiber optic,No internet service,No,No internet service,No,Month-to-month,No,Bank transfer,55.14,1594.37,3,199.5,1
CUST-001550,Male,0,No,No,31,Yes,No,Fiber optic,Yes,No,Yes,No,Month-to-month,No,Electronic check,113.44,3155.39,4,0.0,1
CUST-001551,Male,0,Yes,No,16,Yes,No phone service,DSL,No,No internet service,Yes,No,One year,No,Credit card,117.43,1410.22,5,97.0,1
CUST-001552,Male,0,No,No,72,No,Yes,DSL,No,Yes,No,No,Month-to-month,No,Mailed check,108.54,6788.03,1,82.3,1
CUST-001553,Female,0,No,No,16,Yes,Yes,DSL,No internet service,No internet service,No internet service,Yes,One year,No,Mailed check,106.47,1335.72,3,194.0,1
CUST-001554,Female,1,Yes,No,72,Yes,No,DSL,No,No,No internet service,No internet service,Month-to-month,No,Electronic check,131.02,8228.91,1,261.8,0
CUST-001555,Female,0,Yes,Yes,27,No,No phone service,Fiber optic,No,No,Yes,No,One year,Yes,Electronic check,71.32,1597.52,2,150.9,0
CUST-001556,Female,0,Yes,Yes,44,Yes,Yes,DSL,No internet service,No,Yes,No internet service,Month-to-month,Yes,Credit card,161.06,5475.68,1,211.3,1
CUST-001557,Female,0,Yes,No,36,Yes,Yes,Fiber optic,No,No internet service,Yes,No,Month-to-month,Yes,Electronic check,56.16,1587.87,3,153.7,1
CUST-001558,Female,0,No,No,5,Yes,Yes,No,Yes,No internet service,No,Yes,Month-to-month,No,Electronic check,49.09,198.83,2,301.9,1
CUST-001559,Female,0,No,Yes,8,Yes,Yes,Fiber optic,No,No internet service,No,No,Month-to-month,No,Electronic check,135.34,819.8,1,187.8,1
CUST-001560,Female,0,Yes,No,17,No,Yes,DSL,Yes,Yes,Yes,No,Month-to-month,Yes,Credit card,85.45,1050.8,2,60.2,0
CUST-001561,Female,0,Yes,Yes,17,Yes,Yes,Fiber optic,No internet service,No,No,Yes,Month-to-month,Yes,Mailed check,38.5,592.71,3,160.6,1
CUST-001562,Female,1,No,No,35,Yes,No,Fiber optic,Yes,No,No internet service,No,One year,Yes,Bank transfer,105.64,2992.25,2,163.3,0
CUST-001563,Female,0,Yes,No,33,Yes,No,DSL,No,No,No internet service,No,One year,Yes,Credit card,108.16,3083.84,3,173.7,0
CUST-001564,Female,0,No,No,56,Yes,No,DSL,No,No internet service,No,No internet service,Month-to-month,Yes,Electronic check,84.65,3786.12,0,126.8,0
CUST-001565,Male,0,Yes,No,57,Yes,No,DSL,No internet service,No,No,Yes,Month-to-month,Yes,Mailed check,93.33,4171.28,1,247.0,0
CUST-001566,Male,1,Yes,No,21,No,Yes,DSL,No,Yes,No,No,Two year,No,Credit card,115.38,1907.03,3,305.2,1
CUST-001567,Female,0,Yes,No,20,Yes,No,Fiber optic,No internet service,Yes,No internet service,No internet service,Month-to-month,Yes,Electronic check,95.48,1439.85,1,139.3,0
CUST-001568,Male,0,No,No,19,Yes,Yes,DSL,No,Yes,No internet service,No,Month-to-month,No,Credit card,121.53,2164.9,3,117.7,1
CUST-001569,Male,1,Yes,No,72,Yes,No,DSL,No,Yes,Yes,No internet service,One year,Yes,Mailed check,65.15,4244.08,4,169.6,1
CUST-001570,Female,0,No,No,22,Yes,Yes,Fiber optic,No,Yes,No,No,Month-to-month,No,Electronic check,110.99,2103.42,1,247.0,1
CUST-001571,Female,0,No,Yes,17,Yes,No,DSL,No,Yes,No,No internet service,Month-to-month,Yes,Mailed check,168.67,2673.2,1,87.1,1
CUST-001572,Male,0,Yes,No,28,Yes,Yes,DSL,No,No,No,Yes,Month-to-month,No,Electronic check,126.5,2849.84,2,298.7,1
CUST-001573,Female,0,No,No,59,Yes,Yes,DSL,No,No,No,Yes,Month-to-month,No,Electronic check,62.08,3142.08,3,139.9,1
CUST-001574,Female,1,Yes,Yes,52,Yes,No,No,No,Yes,No,No internet service,Two year,No,Electronic check,110.33,4847.45,1,134.3,0
CUST-001575,Male,1,Yes,No,8,Yes,No,DSL,No,No,Yes,No,Month-to-month,No,Electronic check,49.39,321.5,4,222.3,1
CUST-001576,Female,0,Yes,No,31,Yes,Yes,Fiber optic,No,No internet service,Yes,No,Month-to-month,Yes,Credit card,84.72,2344.81,2,0.0,1
CUST-001577,Female,0,Yes,No,17,Yes,No,Fiber optic,No,No,No,No internet service,Month-to-month,Yes,Mailed check,25.96,355.09,0,269.7,0
CUST-001578,Female,0,Yes,No,29,Yes,No,Fiber optic,Yes,No internet service,No internet service,Yes,One year,Yes,Electronic check,123.6,3051.53,2,402.0,1
CUST-001579,Female,0,No,No,6,Yes,Yes,Fiber optic,No,No,Yes,No internet service,One year,Yes,Mailed check,91.56,469.98,2,341.6,1
CUST-001580,Female,0,No,Yes,61,No,No phone service,Fiber optic,No,No,No,Yes,Month-to-month,Yes,Bank transfer,104.9,5161.61,1,251.6,1
CUST-001581,Male,1,No,No,55,Yes,No,DSL,No,No,Yes,Yes,Month-to-month,No,Bank transfer,84.12,4063.48,1,264.2,1
CUST-001582,Female,0,No,No,63,Yes,No phone service,Fiber optic,No internet service,No,Yes,Yes,Two year,Yes,Credit card,60.94,3400.13,3,174.2,0
CUST-001583,Female,0,No,No,72,Yes,Yes,DSL,No internet service,Yes,Yes,No,One year,No,Electronic check,81.47,4983.01,2,178.3,0
CUST-001584,Female,0,No,Yes,69,Yes,No,Fiber optic,No internet service,Yes,Yes,No,Month-to-month,No,Mailed check,92.5,5512.72,5,81.0,1
CUST-001585,Female,0,No,No,72,Yes,No,DSL,Yes,No,Yes,Yes,One year,Yes,Bank transfer,98.77,6176.23,2,129.5,0
CUST-001586,Male,0,Yes,No,5,No,No,DSL,Yes,No,No,Yes,Month-to-month,Yes,Mailed check,96.98,423.77,1,102.4,0
CUST-001587,Female,0,No,No,14,Yes,No phone service,Fiber optic,No,No internet service,Yes,No,Month-to-month,Yes,Bank transfer,103.54,1166.84,3,237.8,1
CUST-001588,Male,0,Yes,No,45,Yes,No,DSL,Yes,Yes,Yes,Yes,One year,Yes,Mailed check,21.96,782.29,3,163.6,1
CUST-001589,Male,0,Yes,No,28,Yes,No,DSL,No,Yes,Yes,No,Month-to-month,No,Electronic check,59.74,1349.2,4,152.1,0
CUST-001590,Female,0,Yes,No,21,Yes,No,Fiber optic,No internet service,No internet service,No internet service,Yes,One year,Yes,Mailed check,99.71,1963.59,2,195.1,0
CUST-001591,Male,0,Yes,No,61,No,No,DSL,No,No,Yes,No,Month-to-month,No,Electronic check,117.73,5238.91,4,209.2,1
CUST-001592,Female,0,No,Yes,53,No,No phone service,Fiber optic,Yes,No,Yes,Yes,Two year,No,Electronic check,122.96,5814.41,0,267.7,0
CUST-001593,Female,0,Yes,Yes,72,Yes,No,DSL,No,Yes,No,Yes,Month-to-month,Yes,Bank transfer,94.9,5114.49,1,59.3,0
CUST-001594,Male,0,No,Yes,1,Yes,No phone service,Fiber optic,No,No internet service,No,Yes,Two year,No,Bank transfer,116.64,92.53,1,192.5,0
CUST-001595,Female,0,Yes,No,72,Yes,Yes,Fiber optic,No,Yes,Yes,No internet service,One year,Yes,Bank transfer,135.82,9191.23,2,277.4,0
CUST-001596,Female,0,Yes,Yes,52,Yes,Yes,DSL,No internet service,No,No,Yes,Two year,Yes,Credit card,89.5,3904.17,1,264.9,0
CUST-001597,Male,0,Yes,Yes,19,Yes,Yes,Fiber optic,No,Yes,No internet service,No internet service,Two year,No,Electronic check,97.93,1610.18,1,368.5,0
CUST-001598,Female,0,No,Yes,46,Yes,Yes,Fiber optic,No internet service,No internet service,No internet service,Yes,One year,No,Mailed check,25.84,937.6,3,167.9,0
CUST-001599,Female,0,Yes,No,72,Yes,No,Fiber optic,No,No,No internet service,Yes,One year,Yes,Electronic check,109.23,6030.1,3,256.8,1
CUST-001600,Female,0,Yes,No,35,Yes,No phone service,DSL,No,No,Yes,Yes,Month-to-month,No,Mailed check,63.66,1828.44,0,0.0,0
CUST-001601,Female,0,No,No,34,Yes,No,DSL,No,No,No,Yes,Month-to-month,Yes,Credit card,39.68,1264.96,2,176.4,0
CUST-001602,Male,0,Yes,No,20,Yes,No,Fiber optic,Yes,Yes,No internet service,No,One year,No,Electronic check,65.01,1089.87,2,157.4,0
CUST-001603,Female,1,Yes,Yes,63,No,Yes,Fiber optic,Yes,No,No,No,Month-to-month,Yes,Bank transfer,113.34,6446.91,3,284.0,1
CUST-001604,Male,0,Yes,Yes,22,Yes,Yes,Fiber optic,No,No,Yes,No internet service,One year,No,Electronic check,70.49,1293.95,1,243.2,0
CUST-001605,Female,0,No,No,31,Yes,Yes,DSL,Yes,No,Yes,Yes,Month-to-month,No,Mailed check,144.12,3430.51,2,119.4,1
CUST-001606,Male,0,Yes,Yes,48,Yes,No,Fiber optic,No,No,No internet service,No,One year,No,Electronic check,21.73,786.63,2,144.3,0
CUST-001607,Male,1,Yes,No,17,Yes,No phone service,Fiber optic,No,No,No internet service,Yes,Month-to-month,Yes,Electronic check,148.41,2124.42,1,100.7,1
CUST-001608,Female,0,Yes,No,4,No,No,Fiber optic,No,No,No,No internet service,Two year,Yes,Electronic check,38.61,127.32,0,260.1,0
CUST-001609,Female,1,No,No,45,Yes,No phone service,No,No,No,Yes,Yes,Two year,No,Mailed check,35.17,1395.93,1,235.1,0
CUST-001610,Male,0,Yes,Yes,72,Yes,No,Fiber optic,Yes,Yes,Yes,No,Month-to-month,No,Mailed check,110.01,5991.76,2,0.0,1
CUST-001611,Female,0,Yes,No,10,Yes,Yes,Fiber optic,Yes,No,No,No,Month-to-month,No,Bank transfer,79.92,618.08,2,63.1,1
CUST-001612,Male,0,Yes,Yes,34,Yes,No,DSL,Yes,No,Yes,Yes,Month-to-month,Yes,Electronic check,65.65,2023.64,2,162.9,0
CUST-001613,Female,0,No,No,63,Yes,Yes,DSL,No,No,No,Yes,Two year,No,Bank transfer,153.6,8578.92,0,261.3,0
CUST-001614,Male,1,Yes,Yes,36,Yes,No,Fiber optic,No internet service,No internet service,No,No,Month-to-month,Yes,Bank transfer,135.31,3861.67,4,30.4,1
CUST-001615,Male,0,Yes,Yes,72,Yes,No,DSL,Yes,No internet service,Yes,Yes,Month-to-month,Yes,Electronic check,102.93,5561.65,3,216.3,1
CUST-001616,Male,0,Yes,No,21,No,Yes,Fiber optic,Yes,No,Yes,No internet service,Month-to-month,Yes,Bank transfer,56.85,891.09,2,113.8,1
CUST-001617,Female,0,Yes,No,46,Yes,Yes,DSL,No,Yes,No,Yes,Two year,No,Mailed check,91.02,3527.63,4,176.5,0
CUST-001618,Female,0,No,No,53,Yes,Yes,DSL,No internet service,No internet service,No,No,Month-to-month,No,Bank transfer,126.56,5366.75,3,195.8,1
CUST-001619,Male,0,No,No,9,Yes,Yes,Fiber optic,Yes,No internet service,Yes,No,Month-to-month,No,Mailed check,31.94,241.01,4,186.6,1
CUST-001620,Female,1,No,No,31,Yes,No,Fiber optic,No,No internet service,Yes,No internet service,One year,No,Bank transfer,113.88,2863.02,3,0.0,1
CUST-001621,Female,0,No,No,47,Yes,Yes,Fiber optic,No,No internet service,Yes,No,Month-to-month,Yes,Mailed check,43.83,1623.23,1,457.3,1
CUST-001622,Male,0,No,Yes,12,Yes,Yes,DSL,No,No,No,No,Month-to-month,No,Mailed check,88.86,791.33,2,291.6,1
CUST-001623,Female,1,No,No,21,Yes,Yes,No,No,Yes,No internet service,No internet service,Month-to-month,Yes,Mailed check,129.74,2164.69,1,195.6,1
CUST-001624,Male,1,No,Yes,30,Yes,Yes,Fiber optic,Yes,No,No internet service,No,Month-to-month,Yes,Electronic check,87.27,2084.68,3,123.5,1
CUST-001625,Male,0,No,Yes,32,Yes,Yes,Fiber optic,Yes,No,No,No internet service,Two year,No,Bank transfer,73.05,1848.28,2,196.1,1
CUST-001626,Male,0,No,No,72,Yes,No,Fiber optic,No,Yes,No,No,Two year,No,Bank transfer,54.73,3016.95,4,117.1,0
CUST-001627,Male,1,No,No,44,Yes,No,DSL,No,No,No,No internet service,Two year,Yes,Electronic check,127.48,4929.7,0,172.1,0
CUST-001628,Male,0,Yes,No,11,Yes,Yes,Fiber optic,No,No,No internet service,Yes,Two year,No,Electronic check,88.14,875.99,4,282.1,1
CUST-001629,Female,0,Yes,No,72,Yes,No phone service,Fiber optic,No,No internet service,Yes,No,One year,No,Electronic check,120.45,7256.89,1,131.1,0
CUST-001630,Female,0,Yes,No,28,Yes,No phone service,DSL,No internet service,No,No,Yes,Two year,Yes,Electronic check,119.91,2962.36,0,215.5,0
CUST-001631,Male,0,Yes,No,34,Yes,Yes,Fiber optic,No,No,Yes,No,Two year,Yes,Mailed check,82.34,2265.41,3,273.5,0
CUST-001632,Female,1,No,No,72,Yes,Yes,Fiber optic,No,No,No,Yes,Month-to-month,Yes,Credit card,144.43,7783.61,4,259.0,1
CUST-001633,Female,0,Yes,No,24,Yes,Yes,DSL,No,No,Yes,No internet service,Two year,Yes,Electronic check,100.47,2125.77,5,193.1,1
CUST-001634,Male,0,Yes,Yes,53,Yes,Yes,DSL,No,No,Yes,No,Month-to-month,Yes,Credit card,69.66,2929.6,4,126.9,1
CUST-001635,Female,0,Yes,No,19,Yes,No,No,Yes,Yes,Yes,Yes,Month-to-month,No,Mailed check,72.75,1273.15,0,331.4,1
CUST-001636,Male,0,Yes,No,72,Yes,Yes,Fiber optic,No,No,No,No,One year,Yes,Mailed check,71.6,4332.12,4,313.6,1
CUST-001637,Male,1,Yes,No,32,Yes,No,DSL,No internet service,No,No,No,Month-to-month,Yes,Bank transfer,81.81,2251.62,2,131.5,0
CUST-001638,Female,1,No,No,30,Yes,Yes,Fiber optic,No,No,No internet service,No,Two year,Yes,Bank transfer,129.76,3306.74,3,226.7,0
CUST-001639,Female,1,Yes,Yes,3,No,Yes,Fiber optic,No internet service,No,No,Yes,Two year,No,Electronic check,163.39,393.16,2,102.5,1
CUST-001640,Female,0,No,No,57,Yes,No,Fiber optic,No,No,Yes,No,Month-to-month,No,Electronic check,21.86,946.92,2,134.2,1
CUST-001641,Male,0,No,Yes,19,Yes,No,Fiber optic,No,Yes,Yes,No internet service,Month-to-month,No,Electronic check,101.97,1545.39,2,334.1,1
CUST-001642,Female,0,Yes,No,61,Yes,Yes,Fiber optic,Yes,Yes,No,No,Month-to-month,Yes,Bank transfer,136.3,6902.27,2,130.5,1
CUST-001643,Male,0,No,No,42,Yes,No phone service,Fiber optic,No internet service,No,Yes,Yes,Month-to-month,Yes,Mailed check,108.03,3661.13,4,165.2,1
CUST-001644,Male,0,Yes,Yes,45,Yes,Yes,Fiber optic,No internet service,Yes,Yes,Yes,Month-to-month,Yes,Credit card,121.26,4894.84,0,224.3,1
CUST-001645,Female,1,No,Yes,29,Yes,No phone service,Fiber optic,No internet service,No,No,Yes,Month-to-month,No,Credit card,69.88,1648.52,3,188.4,1
CUST-001646,Female,1,No,No,31,Yes,No phone service,Fiber optic,Yes,No,Yes,Yes,Month-to-month,No,Mailed check,108.35,2554.05,0,209.9,1
CUST-001647,Male,0,Yes,Yes,15,Yes,No phone service,DSL,No internet service,No,No internet service,No,One year,Yes,Electronic check,108.07,1382.56,2,232.1,0
CUST-001648,Male,0,No,No,10,Yes,Yes,No,No,Yes,Yes,No,Month-to-month,Yes,Bank transfer,123.83,956.98,3,0.0,1
CUST-001649,Female,1,No,Yes,72,Yes,Yes,No,No,No,No internet service,Yes,Month-to-month,Yes,Electronic check,120.26,6143.99,0,227.8,1
CUST-001650,Female,0,No,Yes,72,Yes,No,DSL,No,No internet service,No,No,One year,Yes,Mailed check,70.47,4736.2,1,184.5,0
CUST-001651,Male,0,Yes,No,10,Yes,No,Fiber optic,No,Yes,Yes,Yes,One year,No,Electronic check,67.03,522.99,1,0.0,0
CUST-001652,Female,0,Yes,No,14,Yes,No,Fiber optic,Yes,Yes,No internet service,Yes,Month-to-month,Yes,Credit card,60.39,702.86,2,130.7,1
CUST-001653,Female,0,No,Yes,33,Yes,No,Fiber optic,No,No,No,Yes,One year,Yes,Credit card,106.24,3026.61,1,254.3,1
CUST-001654,Male,0,Yes,No,24,No,No,Fiber optic,Yes,Yes,No internet service,No,Month-to-month,Yes,Mailed check,157.08,3358.37,2,239.0,1
CUST-001655,Male,0,Yes,Yes,37,No,Yes,Fiber optic,Yes,Yes,Yes,Yes,Month-to-month,Yes,Mailed check,129.94,3811.94,0,196.5,1
CUST-001656,Male,0,No,Yes,19,Yes,Yes,No,Yes,No,Yes,Yes,Month-to-month,Yes,Electronic check,69.34,1143.99,4,116.9,1
CUST-001657,Male,0,No,No,33,Yes,No phone service,DSL,No,No internet service,Yes,No,One year,Yes,Mailed check,117.87,3493.46,3,221.0,1
CUST-001658,Female,1,No,Yes,28,Yes,No,DSL,No internet service,Yes,Yes,No,Two year,No,Electronic check,38.74,1051.38,1,141.6,0
CUST-001659,Male,0,No,Yes,52,Yes,No,Fiber optic,Yes,No,No internet service,No,Month-to-month,No,Electronic check,35.53,1585.38,2,160.7,1
CUST-001660,Female,0,Yes,No,44,Yes,Yes,DSL,Yes,No,No,Yes,One year,No,Electronic check,116.79,4076.02,2,35.5,1
CUST-001661,Male,0,Yes,Yes,47,Yes,Yes,Fiber optic,No internet service,No,No,Yes,Month-to-month,No,Credit card,159.9,6456.43,2,105.3,1
CUST-001662,Female,0,Yes,No,25,Yes,No,Fiber optic,No,No,No,Yes,Month-to-month,No,Electronic check,189.42,3617.04,1,264.9,1
CUST-001663,Female,0,Yes,No,10,Yes,Yes,DSL,No,No internet service,Yes,No,Two year,Yes,Bank transfer,112.48,877.13,0,256.8,0
CUST-001664,Female,0,Yes,No,72,Yes,No phone service,Fiber optic,Yes,No,No internet service,No,One year,Yes,Electronic check,55.82,3504.6,3,145.4,1
CUST-001665,Female,0,No,No,72,Yes,Yes,DSL,Yes,No internet service,Yes,No internet service,Month-to-month,No,Mailed check,59.35,3328.37,3,74.8,1
CUST-001666,Male,0,No,No,32,Yes,No,Fiber optic,No internet service,No,Yes,No,Two year,No,Electronic check,78.37,2109.62,0,276.2,0
CUST-001667,Female,0,Yes,No,16,Yes,Yes,Fiber optic,Yes,Yes,No,Yes,Month-to-month,Yes,Mailed check,100.34,1441.89,8,136.9,1
CUST-001668,Male,1,Yes,Yes,62,Yes,No,DSL,Yes,No,No,Yes,Month-to-month,Yes,Mailed check,78.73,3511.8,4,295.2,1
CUST-001669,Male,0,No,No,5,Yes,No,Fiber optic,No internet service,No,No,No internet service,One year,No,Credit card,22.34,94.46,2,188.9,0
CUST-001670,Female,0,No,No,72,Yes,Yes,Fiber optic,Yes,Yes,Yes,No,Month-to-month,Yes,Electronic check,143.7,8705.13,3,93.3,1
CUST-001671,Female,0,No,No,45,Yes,No,DSL,No internet service,No,No internet service,No,Month-to-month,Yes,Credit card,176.99,6914.44,2,233.7,1
CUST-001672,Female,1,Yes,No,13,Yes,No,Fiber optic,Yes,No internet service,Yes,No,Month-to-month,Yes,Credit card,92.64,926.15,2,147.7,1
CUST-001673,Female,0,No,No,17,Yes,No,Fiber optic,No internet service,Yes,No internet service,No internet service,One year,Yes,Electronic check,105.98,1316.53,2,130.2,1
CUST-001674,Female,1,Yes,No,24,Yes,No,DSL,No internet service,No,Yes,No,Month-to-month,Yes,Mailed check,111.66,2230.96,1,173.3,0
CUST-001675,Male,0,Yes,No,72,Yes,Yes,Fiber optic,No,No,No,No,Month-to-month,No,Bank transfer,105.11,5881.57,0,64.5,1
CUST-001676,Male,0,No,No,28,Yes,No,Fiber optic,Yes,No,No,No internet service,Two year,Yes,Mailed check,35.55,829.57,3,223.1,1
CUST-001677,Male,0,No,No,52,Yes,Yes,Fiber optic,Yes,Yes,Yes,Yes,Two year,No,Mailed check,98.98,4015.05,6,126.8,1
CUST-001678,Male,0,Yes,No,5,Yes,Yes,DSL,No internet service,No,Yes,No,One year,No,Credit card,79.57,321.57,0,1.1,0
CUST-001679,Male,0,Yes,No,51,No,No phone service,Fiber optic,Yes,No,No,Yes,Two year,Yes,Credit card,87.47,3867.8,2,84.8,0
CUST-001680,Female,1,No,No,71,Yes,Yes,Fiber optic,Yes,Yes,No internet service,Yes,Month-to-month,No,Electronic check,44.63,2401.2,2,520.6,0
CUST-001681,Female,0,No,No,26,Yes,Yes,Fiber optic,Yes,No,No,No internet service,Month-to-month,No,Credit card,52.48,1067.17,4,155.7,1
CUST-001682,Male,0,No,Yes,18,Yes,No,Fiber optic,No,No,Yes,No,One year,Yes,Mailed check,109.71,1712.2,3,282.9,1
CUST-001683,Female,1,Yes,No,24,Yes,No,Fiber optic,No,No internet service,No,No,Month-to-month,Yes,Electronic check,106.15,1912.66,3,0.0,1
CUST-001684,Male,1,Yes,Yes,38,Yes,No,Fiber optic,No,Yes,No,Yes,Month-to-month,Yes,Mailed check,40.53,1307.59,3,168.1,0
CUST-001685,Male,0,No,No,35,Yes,Yes,Fiber optic,Yes,No,No,Yes,Month-to-month,Yes,Bank transfer,63.93,1991.54,2,38.5,1
CUST-001686,Male,0,No,Yes,37,No,No,Fiber optic,No,No,No internet service,No,Month-to-month,Yes,Electronic check,82.3,2560.15,3,77.8,1
CUST-001687,Female,1,Yes,No,19,Yes,No,Fiber optic,No,Yes,No internet service,No,Month-to-month,Yes,Bank transfer,122.65,2044.64,0,131.5,1
CUST-001688,Female,0,No,No,26,Yes,Yes,Fiber optic,No,Yes,No internet service,Yes,Month-to-month,No,Electronic check,83.92,1739.62,1,333.1,1
CUST-001689,Male,0,Yes,Yes,53,Yes,No,No,No,Yes,No,No,Month-to-month,Yes,Electronic check,139.85,5860.44,1,280.7,1
CUST-001690,Male,0,No,No,17,Yes,No,Fiber optic,Yes,Yes,No internet service,Yes,Month-to-month,No,Electronic check,119.02,1578.51,2,100.1,1
CUST-001691,Male,1,Yes,Yes,17,Yes,No,Fiber optic,No,No,No internet service,No internet service,One year,No,Credit card,173.54,2123.6,0,215.9,1
CUST-001692,Female,0,Yes,No,3,Yes,No,Fiber optic,No internet service,Yes,Yes,No,Month-to-month,No,Credit card,112.56,317.87,3,188.8,1
CUST-001693,Female,0,No,No,32,Yes,No,DSL,No,No,No internet service,No,Month-to-month,Yes,Mailed check,140.06,3696.89,1,100.2,1
CUST-001694,Male,0,Yes,No,72,Yes,Yes,No,Yes,Yes,No,Yes,Month-to-month,No,Electronic check,100.36,6082.31,7,0.0,1
CUST-001695,Female,0,Yes,No,71,Yes,Yes,Fiber optic,No,No internet service,Yes,Yes,Month-to-month,No,Electronic check,110.09,5969.28,0,302.1,1
CUST-001696,Female,0,No,Yes,18,Yes,No,Fiber optic,No,No,No,Yes,One year,Yes,Credit card,103.5,1462.58,2,274.7,1
CUST-001697,Female,1,Yes,No,31,Yes,Yes,Fiber optic,Yes,Yes,No internet service,Yes,Month-to-month,No,Electronic check,107.21,3004.94,4,186.6,1
CUST-001698,Male,0,Yes,Yes,15,Yes,Yes,DSL,Yes,Yes,Yes,No,Month-to-month,Yes,Mailed check,59.48,694.54,0,124.8,0
CUST-001699,Male,0,Yes,No,10,Yes,No,DSL,No,No,No,Yes,Month-to-month,No,Mailed check,139.8,1161.48,3,157.4,1
CUST-001700,Female,0,No,Yes,72,Yes,No,Fiber optic,Yes,Yes,No,No,Two year,Yes,Electronic check,127.66,7320.97,2,187.6,1
CUST-001701,Male,0,No,No,39,Yes,Yes,Fiber optic,No internet service,No,No,No,Month-to-month,Yes,Bank transfer,128.87,3571.84,3,282.2,1
CUST-001702,Female,0,No,Yes,5,Yes,Yes,Fiber optic,No,No,No,No internet service,Month-to-month,Yes,Credit card,126.68,552.23,2,156.8,1
CUST-001703,Male,0,Yes,Yes,29,Yes,No,DSL,Yes,No,No,No,Month-to-month,No,Mailed check,125.43,3305.73,3,115.4,1
CUST-001704,Male,0,No,No,51,Yes,Yes,Fiber optic,No,No,Yes,No,Two year,Yes,Bank transfer,135.5,5186.73,2,205.8,0
CUST-001705,Female,0,Yes,No,43,Yes,No,No,No,No,Yes,Yes,Month-to-month,Yes,Mailed check,159.55,5272.93,4,189.9,1
CUST-001706,Male,0,No,Yes,72,No,Yes,Fiber optic,Yes,No,Yes,No internet service,Month-to-month,No,Electronic check,155.12,8178.78,4,245.1,1
CUST-001707,Female,1,No,No,72,Yes,No,Fiber optic,Yes,Yes,No,No internet service,One year,Yes,Mailed check,150.79,8667.2,1,0.0,1
CUST-001708,Male,0,Yes,No,31,Yes,No,DSL,No,Yes,Yes,No internet service,One year,No,Credit card,109.53,2633.43,1,114.7,0
CUST-001709,Female,0,Yes,No,72,Yes,Yes,DSL,No,No,No,No,Month-to-month,No,Electronic check,43.78,2661.94,2,176.0,1
CUST-001710,Female,0,No,Yes,17,Yes,No,No,No,No internet service,Yes,No,Month-to-month,No,Mailed check,45.18,541.07,0,49.1,1
CUST-001711,Male,0,Yes,No,21,Yes,No,DSL,No,Yes,No,Yes,Month-to-month,No,Electronic check,82.43,1376.37,2,207.5,1
CUST-001712,Male,0,No,No,72,Yes,Yes,Fiber optic,No,No,Yes,Yes,Month-to-month,Yes,Bank transfer,105.35,6166.77,2,80.8,1
CUST-001713,Female,0,No,No,8,Yes,No,No,Yes,No internet service,No,Yes,Two year,No,Credit card,36.33,230.44,3,132.2,0
CUST-001714,Female,0,Yes,No,72,Yes,Yes,DSL,No internet service,No,No,No internet service,One year,No,Electronic check,169.93,10770.5,2,135.8,1
CUST-001715,Male,1,Yes,Yes,46,Yes,Yes,No,No,Yes,No,No,One year,Yes,Bank transfer,184.17,6380.85,1,347.5,1
CUST-001716,Male,0,No,No,10,Yes,No,DSL,Yes,No,Yes,No,One year,No,Bank transfer,26.1,226.86,3,138.6,0
CUST-001717,Female,0,No,No,32,Yes,No phone service,No,No,No,No,Yes,Two year,Yes,Bank transfer,111.63,3115.09,2,233.6,0
CUST-001718,Male,0,No,No,55,Yes,Yes,DSL,Yes,No,Yes,No,Two year,Yes,Mailed check,51.05,2435.22,2,38.8,0
CUST-001719,Male,0,No,No,23,No,Yes,No,No,Yes,Yes,No,Month-to-month,No,Mailed check,82.74,1737.31,2,323.2,0
CUST-001720,Female,0,Yes,Yes,72,Yes,No,Fiber optic,No internet service,No,No,Yes,Month-to-month,Yes,Bank transfer,58.95,3182.93,4,112.9,1
CUST-001721,Female,0,Yes,No,26,Yes,No,No,No,No,Yes,No,Month-to-month,Yes,Electronic check,24.49,509.75,0,117.8,0
CUST-001722,Female,0,Yes,No,14,Yes,Yes,Fiber optic,No internet service,No,No,Yes,Month-to-month,Yes,Bank transfer,101.72,1180.43,0,134.6,1
CUST-001723,Male,1,No,No,14,Yes,No phone service,Fiber optic,No,Yes,No,No internet service,Month-to-month,No,Electronic check,75.34,842.64,3,104.0,1
CUST-001724,Male,0,Yes,No,10,Yes,Yes,DSL,No,No internet service,No internet service,No internet service,Month-to-month,Yes,Bank transfer,105.34,774.83,0,86.7,0
CUST-001725,Female,0,Yes,Yes,22,Yes,No phone service,No,No internet service,No,Yes,No internet service,Two year,No,Electronic check,130.68,2347.84,3,281.2,1
CUST-001726,Female,0,Yes,No,32,Yes,No,Fiber optic,No,No internet service,No,No internet service,One year,Yes,Electronic check,109.06,3132.18,1,159.1,1
CUST-001727,Male,0,Yes,No,72,Yes,Yes,DSL,No,No internet service,Yes,No,Month-to-month,Yes,Credit card,40.34,2335.6,3,116.2,1
CUST-001728,Female,0,Yes,No,3,Yes,No,DSL,No,No,No internet service,Yes,Month-to-month,No,Bank transfer,122.25,269.27,4,333.6,1
CUST-001729,Female,1,Yes,No,20,Yes,No,Fiber optic,Yes,No,No internet service,No,Month-to-month,No,Credit card,138.88,2212.39,4,82.4,1
CUST-001730,Male,0,Yes,No,39,Yes,No,Fiber optic,Yes,No,No,Yes,One year,Yes,Electronic check,84.75,2923.65,1,194.2,1
CUST-001731,Female,0,No,No,10,Yes,No,DSL,No internet service,No,No,No,One year,No,Electronic check,101.83,851.29,3,0.0,1
CUST-001732,Male,0,Yes,No,16,Yes,Yes,Fiber optic,No,Yes,No,Yes,Month-to-month,No,Electronic check,108.83,1292.16,1,67.5,1
CUST-001733,Female,0,No,No,28,Yes,No,Fiber optic,Yes,No internet service,No,Yes,Month-to-month,No,Mailed check,143.23,3190.66,1,190.3,1
CUST-001734,Male,0,Yes,No,27,Yes,No,DSL,No,No,No,Yes,Month-to-month,Yes,Bank transfer,101.85,2054.84,3,231.6,1
CUST-001735,Male,0,No,Yes,27,Yes,No,Fiber optic,No,No,No,Yes,Month-to-month,Yes,Electronic check,97.07,1904.7,3,137.4,1
CUST-001736,Female,0,Yes,No,42,Yes,Yes,DSL,Yes,No,No internet service,No,One year,No,Electronic check,109.94,3667.86,3,342.6,0
CUST-001737,Female,0,No,No,2,Yes,No,Fiber optic,No,No,Yes,No,One year,No,Electronic check,68.67,120.54,3,78.6,1
CUST-001738,Female,0,No,No,10,Yes,No phone service,Fiber optic,No,Yes,Yes,No internet service,Month-to-month,No,Electronic check,140.44,1194.31,3,115.3,1
CUST-001739,Female,1,Yes,Yes,42,Yes,No phone service,Fiber optic,No internet service,No,Yes,No internet service,One year,Yes,Electronic check,100.12,4012.11,5,107.9,1
CUST-001740,Male,0,No,No,27,Yes,Yes,No,Yes,No,No internet service,No,Month-to-month,No,Electronic check,169.9,3645.74,2,173.5,1
CUST-001741,Male,0,Yes,No,16,Yes,No,DSL,No internet service,Yes,Yes,No internet service,Month-to-month,Yes,Credit card,49.11,697.63,3,321.5,1
CUST-001742,Female,0,No,No,28,Yes,No,Fiber optic,Yes,No,Yes,No,One year,Yes,Bank transfer,91.17,1977.3,3,330.0,1
CUST-001743,Female,0,No,No,37,Yes,No,Fiber optic,No,No internet service,No,No internet service,One year,Yes,Electronic check,65.56,2012.41,1,77.6,0
CUST-001744,Female,0,No,No,27,Yes,No,DSL,No,Yes,No,Yes,Month-to-month,Yes,Mailed check,84.64,2062.45,2,79.7,1
CUST-001745,Male,1,Yes,Yes,29,Yes,No,Fiber optic,No,No,No,No,Month-to-month,No,Credit card,47.86,1223.1,3,0.2,1
CUST-001746,Female,0,No,Yes,15,Yes,No,Fiber optic,Yes,No internet service,Yes,No,One year,No,Bank transfer,158.03,2120.68,0,240.4,1
CUST-001747,Female,0,No,No,29,Yes,No,Fiber optic,No,Yes,Yes,Yes,Two year,Yes,Mailed check,57.28,1352.43,2,302.7,0
CUST-001748,Male,0,No,No,72,Yes,No,Fiber optic,No,No internet service,Yes,Yes,Month-to-month,Yes,Mailed check,82.22,5011.86,2,162.3,1
CUST-001749,Female,0,No,No,44,No,No,Fiber optic,No,Yes,No,Yes,Month-to-month,Yes,Bank transfer,119.89,4017.45,1,192.2,1
CUST-001750,Female,1,Yes,Yes,35,Yes,Yes,Fiber optic,Yes,No,Yes,No,Two year,Yes,Mailed check,126.31,3420.23,4,229.9,1
CUST-001751,Male,0,No,No,10,Yes,Yes,DSL,No,No internet service,No,No,Two year,Yes,Credit card,145.67,1097.37,4,71.0,1
CUST-001752,Male,0,No,No,13,Yes,No,Fiber optic,No internet service,No,Yes,No internet service,Month-to-month,Yes,Credit card,132.2,1251.23,0,168.1,1
CUST-001753,Female,0,Yes,Yes,9,Yes,No,DSL,No,No,Yes,No,Month-to-month,Yes,Bank transfer,72.02,494.64,2,57.1,1
CUST-001754,Female,0,Yes,No,3,Yes,Yes,DSL,No internet service,No,Yes,No,One year,No,Credit card,73.58,169.04,2,245.5,0
CUST-001755,Male,0,Yes,No,71,Yes,No,DSL,No,No,Yes,Yes,Two year,Yes,Credit card,142.8,9036.55,3,171.5,1
CUST-001756,Male,0,No,No,12,Yes,Yes,Fiber optic,No,No,No,No,One year,No,Credit card,134.4,1337.97,2,147.5,1
CUST-001757,Male,0,No,No,41,Yes,No,DSL,Yes,No,No internet service,No internet service,One year,Yes,Bank transfer,162.87,5106.79,1,174.6,1
CUST-001758,Male,0,Yes,No,64,Yes,Yes,Fiber optic,No,Yes,No,No,Month-to-month,No,Mailed check,66.23,3074.86,2,126.8,1
CUST-001759,Male,0,Yes,No,60,Yes,No,Fiber optic,No,Yes,No,Yes,Month-to-month,No,Bank transfer,149.28,7335.53,3,184.1,1
CUST-001760,Male,0,Yes,Yes,57,Yes,No phone service,Fiber optic,No,Yes,Yes,Yes,Two year,No,Bank transfer,104.03,4779.88,1,127.6,0
CUST-001761,Female,0,Yes,No,72,Yes,Yes,DSL,No,No,Yes,No,Two year,Yes,Electronic check,86.0,4851.6,4,286.7,0
CUST-001762,Female,0,Yes,No,1,Yes,No,DSL,No,No internet service,No,No,Month-to-month,Yes,Bank transfer,102.33,82.65,0,52.0,1
CUST-001763,Female,0,Yes,No,11,Yes,Yes,DSL,No,No,No,Yes,Two year,Yes,Credit card,151.72,1502.52,5,324.1,0
CUST-001764,Female,1,Yes,Yes,21,Yes,Yes,Fiber optic,Yes,Yes,No,Yes,Two year,Yes,Bank transfer,78.6,1498.89,1,212.2,1
CUST-001765,Female,1,No,Yes,39,No,Yes,DSL,No,Yes,Yes,Yes,Month-to-month,No,Bank transfer,80.43,2720.74,1,241.4,0
CUST-001766,Male,1,No,No,52,Yes,Yes,DSL,No,No,Yes,Yes,Month-to-month,Yes,Electronic check,176.89,7428.24,3,0.0,1
CUST-001767,Female,0,Yes,Yes,10,Yes,Yes,DSL,No,Yes,No internet service,Yes,Month-to-month,No,Electronic check,69.04,587.79,6,166.5,1
CUST-001768,Male,1,No,No,30,Yes,No,Fiber optic,No internet service,Yes,Yes,Yes,One year,No,Credit card,141.41,3388.39,4,44.2,1
CUST-001769,Female,0,No,No,23,Yes,No,No,No,No,No internet service,No internet service,Month-to-month,Yes,Mailed check,149.47,2443.44,1,187.7,0
CUST-001770,Male,0,Yes,Yes,36,Yes,No phone service,Fiber optic,No internet service,Yes,No,No,Two year,Yes,Electronic check,98.45,2868.42,3,32.8,0
CUST-001771,Male,0,Yes,Yes,14,Yes,Yes,Fiber optic,Yes,Yes,No internet service,Yes,One year,Yes,Electronic check,99.38,1116.66,3,278.2,1
CUST-001772,Male,0,No,Yes,36,Yes,No,Fiber optic,No,No,No,No,Month-to-month,Yes,Mailed check,130.91,3686.96,2,265.0,1
CUST-001773,Male,0,Yes,No,16,Yes,Yes,DSL,No internet service,No internet service,No,No,Month-to-month,No,Mailed check,84.7,1097.15,4,197.8,1
CUST-001774,Male,0,No,Yes,53,Yes,No phone service,Fiber optic,No internet service,Yes,No,Yes,Month-to-month,No,Bank transfer,76.51,3115.21,0,91.2,1
CUST-001775,Male,0,No,Yes,12,Yes,No phone service,Fiber optic,No,Yes,No,Yes,One year,No,Electronic check,63.69,686.65,3,197.0,1
CUST-001776,Female,0,No,No,13,Yes,No phone service,DSL,Yes,No internet service,Yes,Yes,Month-to-month,Yes,Bank transfer,83.59,1007.05,2,172.7,1
CUST-001777,Female,0,Yes,Yes,15,Yes,Yes,Fiber optic,Yes,Yes,Yes,Yes,Month-to-month,No,Mailed check,176.41,2295.32,1,28.8,1
CUST-001778,Female,1,No,No,63,Yes,No,DSL,No,No,No internet service,Yes,One year,Yes,Credit card,58.13,2902.43,4,192.8,1
CUST-001779,Female,0,Yes,Yes,36,Yes,No,DSL,Yes,Yes,Yes,No,Month-to-month,Yes,Electronic check,103.15,2845.52,2,104.0,1
CUST-001780,Female,0,No,No,5,Yes,Yes,Fiber optic,Yes,No,No,No,One year,No,Mailed check,117.41,424.57,7,219.6,1
CUST-001781,Male,0,Yes,No,66,Yes,No,No,No,No,No,No,Month-to-month,Yes,Electronic check,124.67,7004.09,0,260.4,0
CUST-001782,Male,0,Yes,No,21,Yes,Yes,No,No,No,Yes,No internet service,Month-to-month,Yes,Credit card,71.48,1266.46,1,84.6,1
CUST-001783,Male,0,Yes,No,39,Yes,No,Fiber optic,No,No,No,No,Two year,Yes,Electronic check,104.45,3136.35,2,76.9,1
CUST-001784,Male,0,No,No,11,Yes,No,Fiber optic,No,Yes,No,No,One year,Yes,Electronic check,83.45,805.74,3,211.2,0
CUST-001785,Female,0,Yes,No,59,Yes,No phone service,No,Yes,No,No,No,Two year,No,Mailed check,92.56,4292.57,4,64.9,0
CUST-001786,Male,0,Yes,No,18,Yes,No,DSL,Yes,No,Yes,No,Month-to-month,No,Mailed check,55.61,940.67,4,227.7,1
CUST-001787,Male,0,No,Yes,42,Yes,Yes,Fiber optic,No,No,No,Yes,One year,Yes,Electronic check,89.91,3197.05,3,187.9,0
CUST-001788,Male,0,Yes,Yes,34,Yes,Yes,Fiber optic,No internet service,Yes,No,No internet service,Month-to-month,Yes,Electronic check,47.62,1413.77,1,154.0,1
CUST-001789,Female,0,No,No,19,Yes,No,Fiber optic,No,Yes,No,No internet service,One year,No,Bank transfer,68.03,1166.04,3,210.2,0
CUST-001790,Female,0,Yes,No,14,Yes,Yes,Fiber optic,Yes,No,Yes,No internet service,Two year,Yes,Bank transfer,81.28,927.49,3,149.3,0
CUST-001791,Female,0,No,No,56,Yes,No,Fiber optic,No,No,No internet service,Yes,One year,Yes,Mailed check,67.15,3334.62,2,35.1,1
CUST-001792,Female,0,Yes,No,36,Yes,Yes,Fiber optic,No,Yes,No,No,Month-to-month,No,Credit card,107.53,3500.58,0,92.9,0
CUST-001793,Male,0,Yes,No,25,Yes,No,Fiber optic,No,No,No internet service,No,Two year,Yes,Credit card,65.7,1474.19,1,271.9,0
CUST-001794,Male,1,Yes,No,18,Yes,No,DSL,Yes,No,Yes,No internet service,Two year,No,Credit card,107.26,1746.12,3,194.3,0
CUST-001795,Female,0,Yes,Yes,17,Yes,No,Fiber optic,No internet service,No internet service,No internet service,Yes,Month-to-month,No,Bank transfer,132.83,1805.85,2,243.4,1
CUST-001796,Male,1,Yes,No,10,Yes,No phone service,DSL,Yes,Yes,No,No,Month-to-month,Yes,Credit card,158.68,1403.87,1,178.1,0
CUST-001797,Female,0,No,No,19,Yes,Yes,DSL,No,No,No,No,Month-to-month,No,Credit card,53.54,844.54,0,120.3,1
CUST-001798,Female,0,Yes,Yes,21,Yes,No phone service,Fiber optic,Yes,Yes,Yes,Yes,Month-to-month,Yes,Credit card,100.48,1661.72,5,235.4,1
CUST-001799,Male,0,Yes,Yes,28,Yes,Yes,Fiber optic,No,No,Yes,No,Month-to-month,Yes,Mailed check,63.9,1306.66,3,201.8,1
CUST-001800,Female,0,No,No,27,Yes,Yes,Fiber optic,No internet service,No,Yes,No,One year,No,Electronic check,100.28,2516.41,1,75.7,1
CUST-001801,Male,0,No,Yes,13,No,Yes,Fiber optic,Yes,Yes,Yes,Yes,Month-to-month,Yes,Credit card,75.46,821.03,1,292.0,1
CUST-001802,Male,0,Yes,No,33,Yes,No,Fiber optic,Yes,Yes,Yes,No,Month-to-month,Yes,Mailed check,80.22,2245.31,0,283.7,0
CUST-001803,Male,0,No,No,38,Yes,Yes,DSL,No internet service,No,No,No,Two year,Yes,Electronic check,55.31,1739.91,3,91.7,0
CUST-001804,Female,0,Yes,No,26,Yes,No,Fiber optic,No internet service,No internet service,Yes,No internet service,Month-to-month,No,Bank transfer,174.37,3873.69,0,203.3,1
CUST-001805,Male,0,Yes,No,23,Yes,No,Fiber optic,No internet service,Yes,No internet service,No,Month-to-month,No,Mailed check,93.5,1959.2,2,249.0,1
CUST-001806,Female,0,No,No,34,Yes,No,Fiber optic,No,No internet service,No,No,Two year,No,Mailed check,67.77,1928.38,2,171.6,0
CUST-001807,Female,0,Yes,Yes,32,Yes,No,Fiber optic,Yes,Yes,No,Yes,One year,Yes,Electronic check,22.12,615.07,6,359.0,1
CUST-001808,Female,0,No,No,66,Yes,Yes,Fiber optic,No internet service,No,No,No,Month-to-month,Yes,Bank transfer,94.64,5230.18,3,144.9,1
CUST-001809,Female,1,Yes,Yes,14,Yes,No,DSL,No,Yes,Yes,No internet service,Month-to-month,Yes,Bank transfer,50.52,541.55,4,176.9,1
CUST-001810,Female,0,Yes,No,72,Yes,No phone service,Fiber optic,No,No internet service,Yes,Yes,One year,No,Electronic check,55.94,3338.89,0,392.0,0
CUST-001811,Female,0,Yes,No,23,Yes,Yes,DSL,No,Yes,No internet service,Yes,Month-to-month,Yes,Mailed check,19.94,399.67,0,86.9,1
CUST-001812,Male,1,No,No,7,Yes,Yes,Fiber optic,Yes,No,Yes,Yes,Month-to-month,Yes,Bank transfer,107.02,596.95,2,185.6,1
CUST-001813,Female,0,No,No,26,No,No,Fiber optic,No,Yes,No,No,Two year,Yes,Electronic check,35.4,810.33,3,227.4,0
CUST-001814,Male,0,Yes,No,34,Yes,Yes,DSL,Yes,No internet service,No internet service,Yes,Month-to-month,Yes,Credit card,71.64,1865.89,3,241.7,1
CUST-001815,Male,0,Yes,No,57,Yes,No,Fiber optic,No,Yes,No,Yes,Month-to-month,No,Mailed check,56.15,2509.64,4,110.6,1
CUST-001816,Male,0,Yes,No,16,No,No,Fiber optic,Yes,No,Yes,Yes,One year,Yes,Electronic check,65.18,863.68,1,284.7,1
CUST-001817,Male,1,No,No,55,Yes,No,Fiber optic,No,No internet service,No,No,Month-to-month,Yes,Electronic check,47.01,2443.01,1,172.0,0
CUST-001818,Male,0,Yes,No,72,Yes,No,DSL,No,No,No,No,Month-to-month,Yes,Credit card,63.93,3930.93,3,127.8,0
CUST-001819,Female,0,Yes,No,43,Yes,Yes,Fiber optic,No internet service,No internet service,Yes,No internet service,Month-to-month,No,Bank transfer,49.65,1671.89,2,265.1,1
CUST-001820,Male,0,No,No,72,Yes,Yes,Fiber optic,No,No,Yes,Yes,Month-to-month,Yes,Bank transfer,33.65,1886.88,3,71.6,0
CUST-001821,Female,0,Yes,No,61,Yes,Yes,DSL,Yes,No,No,Yes,One year,No,Bank transfer,35.58,1755.88,2,181.1,0
CUST-001822,Female,0,Yes,Yes,47,Yes,No,Fiber optic,Yes,Yes,No internet service,Yes,Month-to-month,Yes,Electronic check,156.3,5617.87,0,158.7,1
CUST-001823,Female,0,No,No,9,Yes,Yes,Fiber optic,No internet service,Yes,No internet service,Yes,Month-to-month,Yes,Bank transfer,131.54,1027.53,2,163.3,1
CUST-001824,Female,0,Yes,No,22,Yes,No,Fiber optic,No,Yes,No,No,One year,No,Electronic check,144.52,2637.99,4,258.5,1
CUST-001825,Male,0,Yes,No,51,Yes,No,DSL,Yes,No,Yes,Yes,One year,Yes,Credit card,120.17,4777.99,2,140.6,1
CUST-001826,Male,0,Yes,No,64,Yes,Yes,Fiber optic,No,No,No,No,Month-to-month,No,Bank transfer,92.89,4979.64,4,107.6,1
CUST-001827,Female,0,Yes,No,16,Yes,No,Fiber optic,No internet service,Yes,Yes,No internet service,One year,No,Electronic check,47.23,636.66,1,77.6,1
CUST-001828,Female,0,Yes,No,19,Yes,No,No,Yes,No internet service,Yes,Yes,Two year,Yes,Credit card,154.03,2337.44,1,313.1,0
CUST-001829,Female,0,No,No,24,Yes,Yes,Fiber optic,Yes,No,No,Yes,Month-to-month,No,Mailed check,116.17,2243.74,4,20.8,1
CUST-001830,Female,0,No,No,59,Yes,No,DSL,No,No internet service,No internet service,No,One year,No,Electronic check,133.4,6323.88,0,180.8,0
CUST-001831,Female,0,No,No,54,Yes,Yes,No,Yes,No,No,Yes,Two year,Yes,Mailed check,103.81,4415.68,2,219.9,0
CUST-001832,Female,0,No,Yes,50,Yes,No,Fiber optic,No,No,Yes,No,Month-to-month,Yes,Electronic check,164.47,6457.26,2,173.7,1
CUST-001833,Female,1,Yes,No,34,Yes,No phone service,Fiber optic,No,No internet service,No internet service,Yes,Month-to-month,No,Bank transfer,105.87,3342.55,3,181.9,1
CUST-001834,Female,1,Yes,No,34,Yes,Yes,DSL,Yes,No,No,Yes,One year,Yes,Electronic check,74.47,2403.97,4,178.2,1
CUST-001835,Female,0,No,Yes,29,Yes,Yes,Fiber optic,No,No,Yes,No,Month-to-month,No,Electronic check,101.02,2426.68,3,139.6,1
CUST-001836,Male,0,Yes,No,59,Yes,No phone service,Fiber optic,No,No,Yes,No internet service,Month-to-month,Yes,Mailed check,183.94,9103.58,3,237.4,1
CUST-001837,Male,0,Yes,No,22,Yes,No phone service,Fiber optic,Yes,No,No,Yes,Month-to-month,Yes,Credit card,52.01,1004.62,3,0.0,1
CUST-001838,Male,0,Yes,Yes,35,Yes,No,Fiber optic,No internet service,No internet service,Yes,No,One year,Yes,Electronic check,82.12,2119.58,3,233.2,1
CUST-001839,Female,0,No,Yes,19,Yes,Yes,No,No internet service,Yes,Yes,Yes,One year,Yes,Credit card,91.01,1471.09,4,316.1,1
CUST-001840,Female,0,No,Yes,3,Yes,No phone service,Fiber optic,No,No,Yes,Yes,Month-to-month,No,Electronic check,53.96,142.58,4,160.1,1
CUST-001841,Male,0,Yes,Yes,63,Yes,No phone service,DSL,No,No internet service,No,No,One year,No,Electronic check,115.85,5828.56,1,229.7,0
CUST-001842,Male,0,Yes,No,26,Yes,No phone service,Fiber optic,Yes,No,Yes,No,Month-to-month,No,Credit card,47.29,973.69,4,137.3,1
CUST-001843,Female,0,No,Yes,61,Yes,Yes,No,Yes,Yes,Yes,No,Two year,Yes,Credit card,96.1,5088.09,1,196.6,0
CUST-001844,Male,0,No,No,14,Yes,Yes,Fiber optic,Yes,Yes,No,Yes,Month-to-month,Yes,Electronic check,99.53,1102.14,3,88.7,1
CUST-001845,Male,0,Yes,No,6,Yes,No,Fiber optic,No internet service,Yes,No,No,Month-to-month,Yes,Bank transfer,167.83,877.26,2,174.9,1
CUST-001846,Female,0,Yes,No,8,Yes,Yes,DSL,Yes,Yes,Yes,No internet service,Month-to-month,Yes,Mailed check,19.55,129.3,3,256.6,1
CUST-001847,Female,1,Yes,No,38,Yes,No,DSL,No,No,No,No,One year,Yes,Credit card,105.66,3232.0,0,2.1,0
CUST-001848,Female,0,Yes,Yes,72,Yes,Yes,Fiber optic,No,No,Yes,No,Month-to-month,No,Electronic check,48.54,3241.0,3,125.9,1
CUST-001849,Female,1,Yes,Yes,23,Yes,Yes,No,No internet service,Yes,Yes,No,Month-to-month,Yes,Bank transfer,124.75,2084.26,1,120.0,1
CUST-001850,Male,0,No,No,7,No,No phone service,Fiber optic,Yes,No,No internet service,Yes,Month-to-month,Yes,Mailed check,72.1,425.75,3,399.1,1
CUST-001851,Female,0,No,Yes,55,No,No,DSL,Yes,No,No,No,One year,No,Credit card,88.46,4094.82,3,233.4,1
CUST-001852,Female,0,No,Yes,17,Yes,Yes,No,No,No,Yes,Yes,Month-to-month,No,Electronic check,92.53,1222.33,2,151.7,1
CUST-001853,Male,0,Yes,No,72,Yes,Yes,Fiber optic,No,No,No,Yes,One year,No,Electronic check,110.83,6496.52,2,347.5,1
CUST-001854,Female,0,No,Yes,15,Yes,No,DSL,Yes,No,Yes,No internet service,Month-to-month,Yes,Credit card,97.44,1226.37,1,277.4,1
CUST-001855,Female,0,Yes,Yes,72,Yes,No,Fiber optic,No,Yes,No internet service,No,Month-to-month,Yes,Bank transfer,88.82,5381.76,2,126.9,1
CUST-001856,Male,0,Yes,No,44,No,Yes,Fiber optic,No,No,No internet service,No internet service,One year,Yes,Credit card,88.99,3629.26,3,185.8,1
CUST-001857,Male,0,No,No,72,Yes,No,Fiber optic,No,No,Yes,Yes,Month-to-month,Yes,Electronic check,185.63,10030.8,3,304.7,1
CUST-001858,Male,0,Yes,No,36,Yes,Yes,DSL,No internet service,No internet service,No internet service,No,Month-to-month,No,Electronic check,104.2,3282.68,2,271.3,1
CUST-001859,Female,0,No,No,72,Yes,No,Fiber optic,No internet service,Yes,No internet service,Yes,Month-to-month,No,Mailed check,134.25,7808.69,4,178.3,1
CUST-001860,Male,0,Yes,No,34,Yes,Yes,Fiber optic,No,No,Yes,No internet service,Month-to-month,Yes,Bank transfer,56.84,1581.75,3,235.7,1
CUST-001861,Female,0,Yes,No,49,Yes,No,Fiber optic,Yes,Yes,Yes,No,One year,Yes,Bank transfer,102.89,4207.72,0,219.1,0
CUST-001862,Female,1,Yes,Yes,10,No,No,Fiber optic,No,Yes,No,Yes,Month-to-month,No,Bank transfer,71.04,550.44,1,258.9,1
CUST-001863,Female,0,No,Yes,72,Yes,Yes,Fiber optic,Yes,Yes,Yes,No,One year,Yes,Mailed check,121.79,6537.25,2,119.3,1
CUST-001864,Female,1,Yes,Yes,55,Yes,Yes,Fiber optic,No,Yes,Yes,No,One year,No,Credit card,113.81,5736.42,1,98.3,1
CUST-001865,Male,0,No,No,6,Yes,Yes,No,No,Yes,No internet service,No,Month-to-month,No,Credit card,98.29,511.58,3,179.1,1
CUST-001866,Female,1,Yes,Yes,13,Yes,No,DSL,No,No,No,No,Two year,Yes,Mailed check,60.92,656.57,4,37.5,0
CUST-001867,Female,1,No,No,20,No,Yes,Fiber optic,No,Yes,No internet service,No internet service,Month-to-month,No,Mailed check,117.16,2097.11,2,332.6,1
CUST-001868,Female,1,No,No,4,Yes,Yes,Fiber optic,No internet service,Yes,No internet service,No,Month-to-month,No,Electronic check,98.75,316.54,2,205.0,1
CUST-001869,Female,0,Yes,No,72,Yes,No,DSL,No,No,Yes,Yes,Month-to-month,Yes,Bank transfer,79.21,5174.34,4,105.1,0
CUST-001870,Male,0,Yes,No,39,Yes,No,DSL,No internet service,No,No,No internet service,Two year,Yes,Bank transfer,153.49,5534.51,1,150.3,0
CUST-001871,Female,0,No,No,17,Yes,Yes,Fiber optic,Yes,Yes,No,No internet service,One year,No,Mailed check,134.06,1654.8,1,21.7,1
CUST-001872,Female,0,Yes,Yes,27,Yes,Yes,Fiber optic,No,No,No,No,Month-to-month,Yes,Electronic check,89.67,2196.11,1,141.8,1
CUST-001873,Female,0,No,No,72,Yes,No,DSL,No,No internet service,Yes,Yes,One year,No,Bank transfer,82.56,5334.92,2,294.6,0
CUST-001874,Female,0,No,No,28,Yes,No,Fiber optic,No internet service,No,Yes,Yes,Month-to-month,Yes,Mailed check,191.84,4058.96,1,15.9,1
CUST-001875,Female,0,No,No,4,Yes,Yes,Fiber optic,No,Yes,No,No internet service,One year,Yes,Electronic check,125.33,430.43,0,55.8,1
CUST-001876,Female,0,Yes,No,72,Yes,No,No,Yes,No,No,Yes,Month-to-month,No,Electronic check,154.11,8285.21,1,167.8,1
CUST-001877,Female,0,No,No,3,Yes,Yes,DSL,Yes,No internet service,No internet service,No internet service,One year,No,Bank transfer,131.91,328.69,5,310.4,0
CUST-001878,Female,0,Yes,No,72,Yes,No,Fiber optic,No,Yes,No internet service,Yes,Month-to-month,Yes,Mailed check,123.66,7647.16,2,199.7,1
CUST-001879,Female,0,Yes,No,30,Yes,No,DSL,No,No,Yes,No internet service,Month-to-month,Yes,Electronic check,121.04,3071.75,1,80.0,0
CUST-001880,Female,0,No,No,33,Yes,Yes,No,No internet service,No internet service,No,Yes,Month-to-month,Yes,Electronic check,123.82,3281.44,2,171.5,0
CUST-001881,Male,1,No,Yes,25,Yes,Yes,Fiber optic,Yes,No,Yes,No internet service,Two year,No,Mailed check,80.8,1890.77,2,149.5,0
CUST-001882,Female,0,Yes,No,14,Yes,Yes,Fiber optic,No internet service,No,No internet service,No internet service,Month-to-month,No,Electronic check,64.17,735.46,4,113.5,1
CUST-001883,Female,0,No,No,5,Yes,No,DSL,Yes,Yes,Yes,No,Month-to-month,Yes,Electronic check,68.27,285.94,3,66.8,1
CUST-001884,Male,0,No,No,13,Yes,Yes,DSL,Yes,No,No internet service,Yes,One year,Yes,Credit card,20.46,212.12,0,164.4,0
CUST-001885,Female,0,Yes,Yes,18,Yes,No,DSL,No,No,No,Yes,Two year,Yes,Mailed check,40.92,545.56,2,128.1,0
CUST-001886,Female,1,No,No,18,Yes,Yes,Fiber optic,No internet service,Yes,Yes,No,Month-to-month,Yes,Bank transfer,81.53,1256.13,1,103.3,1
CUST-001887,Female,0,Yes,Yes,24,Yes,No,Fiber optic,Yes,Yes,No,No,Two year,Yes,Mailed check,65.61,1144.09,2,168.3,0
CUST-001888,Male,1,Yes,No,72,Yes,No,Fiber optic,No,No,No,No internet service,Month-to-month,No,Electronic check,112.66,6930.64,2,198.2,1
CUST-001889,Female,0,No,No,26,Yes,No,DSL,No internet service,Yes,No,No,Month-to-month,Yes,Electronic check,123.2,2539.07,4,185.0,1
CUST-001890,Female,1,No,Yes,42,Yes,No phone service,Fiber optic,No internet service,No,Yes,Yes,Month-to-month,Yes,Credit card,195.46,7392.99,1,181.6,0
CUST-001891,Female,0,Yes,Yes,37,Yes,No phone service,Fiber optic,No internet service,No,No,No,Two year,No,Electronic check,59.01,1858.27,3,305.2,1
CUST-001892,Male,0,No,No,20,Yes,No,Fiber optic,Yes,No,No internet service,Yes,One year,Yes,Electronic check,34.5,538.01,4,308.3,1
CUST-001893,Male,0,No,No,8,Yes,Yes,DSL,No,No,No,No,One year,Yes,Bank transfer,96.27,659.19,3,245.9,1
CUST-001894,Male,0,Yes,No,72,Yes,No,Fiber optic,Yes,No,No,Yes,Month-to-month,No,Electronic check,134.68,8589.06,3,305.7,0
CUST-001895,Female,0,Yes,No,48,Yes,No phone service,Fiber optic,No,Yes,No,Yes,Month-to-month,Yes,Bank transfer,94.04,4106.27,2,417.5,1
CUST-001896,Female,1,No,No,72,No,No phone service,DSL,No,Yes,Yes,No,Month-to-month,No,Electronic check,145.77,8144.92,1,150.6,1
CUST-001897,Male,0,No,Yes,37,Yes,No,DSL,Yes,Yes,Yes,No,Month-to-month,No,Credit card,100.63,3203.48,4,308.8,1
CUST-001898,Female,0,No,Yes,67,Yes,No,DSL,No,Yes,Yes,Yes,Month-to-month,Yes,Credit card,135.42,8683.47,2,151.1,1
CUST-001899,Male,0,Yes,Yes,25,No,Yes,Fiber optic,Yes,No internet service,No,Yes,One year,No,Mailed check,77.02,1374.2,2,279.6,0
CUST-001900,Female,0,Yes,No,24,Yes,Yes,Fiber optic,No internet service,No internet service,No internet service,No internet service,Two year,Yes,Bank transfer,74.23,1437.66,0,267.5,0
CUST-001901,Female,0,No,No,49,Yes,No,DSL,No internet service,Yes,Yes,Yes,One year,No,Electronic check,30.8,1238.32,1,213.0,0
CUST-001902,Female,1,Yes,No,7,Yes,No phone service,Fiber optic,No,No,No,No,Two year,No,Bank transfer,34.37,182.82,3,241.5,1
CUST-001903,Male,0,Yes,No,48,Yes,No,Fiber optic,No internet service,No,No,Yes,Month-to-month,Yes,Electronic check,126.05,4545.04,4,284.1,1
CUST-001904,Male,0,No,No,17,Yes,No phone service,DSL,No,No internet service,No,No internet service,One year,Yes,Credit card,107.8,1442.28,2,223.8,1
CUST-001905,Male,0,No,Yes,27,Yes,Yes,Fiber optic,No internet service,Yes,Yes,Yes,One year,Yes,Bank transfer,86.05,1917.02,0,268.6,0
CUST-001906,Female,0,Yes,Yes,33,Yes,No,No,No,No internet service,Yes,Yes,Month-to-month,Yes,Bank transfer,87.61,2612.47,2,142.5,1
CUST-001907,Female,0,Yes,Yes,19,Yes,No phone service,Fiber optic,No,Yes,Yes,Yes,Two year,Yes,Mailed check,130.25,2075.31,4,209.1,1
CUST-001908,Male,0,No,No,20,Yes,Yes,Fiber optic,No,No,Yes,No,Month-to-month,No,Credit card,96.33,1510.06,2,137.1,1
CUST-001909,Male,0,Yes,No,37,Yes,No,Fiber optic,Yes,No internet service,No,Yes,Month-to-month,Yes,Mailed check,78.37,2496.38,1,52.7,1
CUST-001910,Male,0,Yes,No,50,Yes,Yes,Fiber optic,No internet service,No,No,No,Two year,Yes,Bank transfer,150.01,5338.15,2,205.2,1
CUST-001911,Female,0,Yes,Yes,72,No,Yes,DSL,No,Yes,Yes,Yes,Two year,Yes,Bank transfer,176.83,10025.17,3,243.6,1
CUST-001912,Female,1,Yes,No,57,Yes,Yes,Fiber optic,No,No,No,No,Month-to-month,Yes,Bank transfer,120.3,6280.08,2,159.8,1
CUST-001913,Female,0,Yes,No,47,Yes,No phone service,Fiber optic,No,Yes,No,No internet service,Month-to-month,No,Mailed check,81.46,3241.95,2,203.5,1
CUST-001914,Female,0,No,No,5,Yes,Yes,Fiber optic,No,Yes,Yes,No internet service,Month-to-month,Yes,Electronic check,35.15,145.63,1,428.7,1
CUST-001915,Female,0,Yes,No,72,Yes,No phone service,No,No internet service,Yes,No,No,Two year,Yes,Electronic check,32.32,2105.33,2,198.3,0
CUST-001916,Male,0,No,No,72,Yes,No phone service,Fiber optic,No internet service,No,No,No internet service,Month-to-month,Yes,Electronic check,114.82,7266.36,2,298.9,1
CUST-001917,Female,1,Yes,No,10,Yes,No,Fiber optic,No,No,No,Yes,One year,Yes,Mailed check,105.2,851.53,1,222.7,0
CUST-001918,Male,0,No,Yes,52,Yes,Yes,No,No,No,Yes,Yes,Month-to-month,Yes,Electronic check,98.75,4483.76,1,182.3,1
CUST-001919,Female,0,Yes,Yes,40,Yes,Yes,Fiber optic,No internet service,No,Yes,No,Two year,Yes,Electronic check,87.73,2640.38,3,124.0,0
CUST-001920,Female,0,Yes,No,54,Yes,Yes,Fiber optic,No,No,Yes,No,Month-to-month,No,Electronic check,123.87,5983.73,0,120.8,1
CUST-001921,Male,0,No,Yes,34,No,No,Fiber optic,Yes,Yes,No,No,Two year,Yes,Credit card,106.46,3092.29,2,7.3,1
CUST-001922,Male,0,Yes,No,33,Yes,No,DSL,No,No internet service,Yes,No,Two year,Yes,Bank transfer,55.73,1564.16,1,136.6,0
CUST-001923,Female,0,No,No,72,Yes,No,Fiber optic,No,No internet service,Yes,No internet service,Month-to-month,Yes,Mailed check,83.25,4513.74,4,0.0,1
CUST-001924,Female,0,No,Yes,72,Yes,No,Fiber optic,No,No,Yes,Yes,Month-to-month,No,Electronic check,88.57,5252.11,1,225.5,0
CUST-001925,Male,0,No,Yes,13,Yes,No,Fiber optic,No internet service,Yes,Yes,Yes,Month-to-month,No,Credit card,65.8,723.74,1,218.1,0
CUST-001926,Male,0,No,No,3,No,No,Fiber optic,No,No,Yes,Yes,Month-to-month,Yes,Bank transfer,92.94,243.81,5,221.4,1
CUST-001927,Male,0,Yes,No,7,Yes,Yes,Fiber optic,Yes,Yes,No internet service,No,One year,No,Mailed check,61.27,343.57,2,167.5,1
CUST-001928,Male,1,No,Yes,11,Yes,Yes,Fiber optic,Yes,No,No internet service,No,Month-to-month,Yes,Electronic check,54.03,497.79,2,192.1,1
CUST-001929,Female,1,No,Yes,18,Yes,Yes,DSL,Yes,No,No,No,Month-to-month,Yes,Credit card,78.47,1211.27,3,175.7,1
CUST-001930,Female,1,Yes,Yes,15,Yes,Yes,Fiber optic,No,No,No,Yes,One year,Yes,Electronic check,125.59,1593.94,3,223.0,1
CUST-001931,Female,0,No,No,72,Yes,No,DSL,No,No,Yes,Yes,Month-to-month,No,Credit card,95.59,5383.24,2,225.1,0
CUST-001932,Female,0,No,Yes,38,Yes,Yes,DSL,No,No,No internet service,Yes,Month-to-month,Yes,Bank transfer,83.34,2421.37,1,110.9,1
CUST-001933,Male,1,Yes,No,22,Yes,Yes,DSL,Yes,Yes,Yes,No,Month-to-month,Yes,Electronic check,191.33,3664.89,2,319.9,1
CUST-001934,Female,0,No,No,54,Yes,No,DSL,Yes,No,No,Yes,Two year,No,Mailed check,116.53,5833.19,2,235.2,1
CUST-001935,Female,0,No,Yes,34,No,Yes,DSL,No,No,Yes,No,Two year,No,Electronic check,80.97,2168.95,2,85.3,0
CUST-001936,Female,0,Yes,Yes,29,Yes,No,Fiber optic,No internet service,No internet service,No internet service,No internet service,Month-to-month,Yes,Bank transfer,115.43,2725.59,1,224.8,1
CUST-001937,Male,0,Yes,Yes,12,Yes,No,Fiber optic,Yes,No,Yes,No internet service,Month-to-month,No,Electronic check,91.05,1013.97,1,298.0,1
CUST-001938,Female,0,Yes,Yes,17,Yes,Yes,DSL,No internet service,Yes,Yes,No,Two year,Yes,Electronic check,132.05,1938.68,2,80.8,0
CUST-001939,Male,0,Yes,No,19,Yes,No,Fiber optic,No,Yes,Yes,No,Two year,No,Electronic check,53.36,968.14,1,0.0,1
CUST-001940,Male,0,Yes,No,10,Yes,Yes,Fiber optic,No,Yes,No internet service,No internet service,Month-to-month,Yes,Electronic check,115.41,898.21,3,78.6,1
CUST-001941,Male,0,Yes,Yes,43,Yes,Yes,DSL,No,Yes,No,No internet service,Month-to-month,No,Mailed check,139.51,5477.02,6,345.6,1
CUST-001942,Female,1,No,No,35,No,Yes,Fiber optic,Yes,No,No,No internet service,Month-to-month,Yes,Credit card,131.35,4087.63,2,80.9,0
CUST-001943,Male,0,Yes,No,18,Yes,Yes,Fiber optic,No,No internet service,Yes,No,Two year,Yes,Mailed check,81.38,1336.53,6,235.9,1
CUST-001944,Female,0,No,Yes,32,Yes,No,Fiber optic,Yes,No,No,No,One year,Yes,Bank transfer,127.16,3350.17,2,170.6,1
CUST-001945,Male,0,Yes,No,72,Yes,No phone service,DSL,Yes,Yes,No internet service,Yes,One year,Yes,Electronic check,92.97,6327.17,2,385.8,1
CUST-001946,Female,0,Yes,No,54,Yes,No,Fiber optic,No,Yes,Yes,Yes,One year,No,Mailed check,159.25,7311.75,1,294.0,1
CUST-001947,Male,0,No,Yes,41,Yes,No,DSL,Yes,Yes,No,No internet service,Two year,Yes,Credit card,66.98,2079.86,2,215.3,0
CUST-001948,Male,0,No,Yes,12,Yes,Yes,No,No,No internet service,No internet service,No,Two year,No,Credit card,75.88,801.73,5,145.0,1
CUST-001949,Female,0,Yes,No,72,Yes,No phone service,Fiber optic,Yes,No,Yes,No,Month-to-month,No,Bank transfer,80.1,4697.46,0,274.1,1
CUST-001950,Male,0,Yes,No,24,Yes,Yes,Fiber optic,Yes,Yes,No,Yes,Two year,Yes,Electronic check,46.83,861.03,1,12.5,0
CUST-001951,Male,0,No,Yes,63,Yes,Yes,DSL,No,No,No,No,Month-to-month,No,Bank transfer,112.38,6514.29,1,114.4,1
CUST-001952,Male,0,No,No,45,Yes,Yes,Fiber optic,Yes,No,Yes,No,One year,Yes,Credit card,70.56,2440.57,3,204.8,1
CUST-001953,Male,0,Yes,No,24,Yes,No,Fiber optic,Yes,No internet service,No,Yes,Two year,Yes,Bank transfer,95.84,2028.83,1,28.7,1
CUST-001954,Female,0,No,Yes,11,Yes,No phone service,Fiber optic,Yes,No,Yes,No,One year,Yes,Bank transfer,19.49,199.98,1,180.0,0
CUST-001955,Female,0,Yes,Yes,56,Yes,No,Fiber optic,No,No,Yes,Yes,Month-to-month,No,Mailed check,68.02,2905.98,1,31.7,1
CUST-001956,Male,0,Yes,Yes,38,No,No,DSL,Yes,No,No internet service,Yes,Month-to-month,No,Electronic check,101.8,3283.57,0,200.8,0
CUST-001957,Female,1,Yes,Yes,6,Yes,No,No,Yes,No,No,No,Two year,Yes,Electronic check,98.76,448.15,0,160.7,0
CUST-001958,Male,0,No,Yes,31,Yes,Yes,Fiber optic,Yes,Yes,No,No,One year,Yes,Credit card,140.22,3900.66,2,162.3,1
CUST-001959,Male,0,Yes,No,18,Yes,Yes,Fiber optic,Yes,No internet service,No,No,Month-to-month,Yes,Mailed check,66.52,1077.21,4,206.6,1
CUST-001960,Male,0,No,No,29,Yes,Yes,DSL,Yes,No,No,Yes,Month-to-month,No,Mailed check,122.72,2752.24,1,169.8,1
CUST-001961,Female,0,Yes,No,41,Yes,No phone service,Fiber optic,Yes,No internet service,No,No,Month-to-month,No,Mailed check,55.62,2040.23,3,247.4,0
CUST-001962,Male,0,No,No,12,Yes,Yes,Fiber optic,No,Yes,No internet service,No,Month-to-month,Yes,Electronic check,65.86,606.68,3,84.5,1
CUST-001963,Male,1,Yes,No,49,Yes,Yes,Fiber optic,Yes,Yes,No,No,One year,No,Mailed check,75.47,2791.0,0,38.8,0
CUST-001964,Male,0,Yes,No,9,Yes,No,DSL,No,No,No internet service,No,Month-to-month,No,Electronic check,89.31,614.63,3,320.0,0
CUST-001965,Female,0,No,No,55,Yes,No,Fiber optic,No,Yes,No,Yes,Two year,Yes,Mailed check,120.94,4802.08,2,103.3,1
CUST-001966,Male,0,No,Yes,54,Yes,No,DSL,Yes,No internet service,Yes,No internet service,Month-to-month,Yes,Credit card,90.43,4052.7,0,154.4,0
CUST-001967,Male,0,Yes,No,50,Yes,Yes,Fiber optic,No internet service,No,No,No,Month-to-month,Yes,Credit card,150.31,5776.52,0,241.7,1
CUST-001968,Female,0,Yes,Yes,5,Yes,No,Fiber optic,Yes,No internet service,Yes,No internet service,Month-to-month,No,Bank transfer,101.44,434.71,0,112.6,1
CUST-001969,Female,0,No,No,5,Yes,Yes,DSL,No internet service,Yes,No,Yes,One year,Yes,Credit card,39.5,153.66,3,46.0,0
CUST-001970,Male,0,Yes,No,5,Yes,No,Fiber optic,No,No,Yes,Yes,Month-to-month,Yes,Bank transfer,105.7,443.83,2,180.1,1
CUST-001971,Male,1,Yes,No,6,Yes,No,DSL,No internet service,No,Yes,No,Month-to-month,No,Mailed check,156.37,671.58,3,91.9,1
CUST-001972,Male,0,No,No,32,Yes,Yes,Fiber optic,Yes,No internet service,No,No internet service,One year,Yes,Credit card,20.97,552.41,4,344.9,1
CUST-001973,Female,0,Yes,No,45,Yes,No,DSL,No internet service,Yes,No,No,Two year,No,Credit card,146.59,5559.5,3,205.6,0
CUST-001974,Female,0,Yes,No,23,Yes,Yes,Fiber optic,Yes,No,No,Yes,Two year,Yes,Mailed check,178.33,3209.43,1,309.1,0
CUST-001975,Female,0,Yes,No,36,Yes,No,Fiber optic,Yes,Yes,No internet service,No,One year,No,Bank transfer,52.99,1674.25,1,156.8,1
CUST-001976,Female,0,Yes,No,33,Yes,No,DSL,Yes,No,Yes,No,Month-to-month,Yes,Bank transfer,92.58,2557.63,4,233.6,1
CUST-001977,Male,0,Yes,No,30,No,Yes,Fiber optic,No internet service,No,Yes,Yes,One year,Yes,Electronic check,139.19,3684.71,3,143.5,1
CUST-001978,Female,0,Yes,No,32,Yes,Yes,Fiber optic,No internet service,No internet service,No,No,Month-to-month,No,Credit card,80.41,2326.9,2,119.1,1
CUST-001979,Female,1,Yes,No,39,No,Yes,Fiber optic,No,No internet service,No,Yes,Month-to-month,No,Electronic check,155.96,4998.57,3,68.7,1
CUST-001980,Male,0,Yes,No,51,Yes,No,Fiber optic,No,Yes,No,Yes,One year,Yes,Credit card,56.75,2285.23,0,236.5,0
CUST-001981,Female,1,Yes,No,72,No,No,DSL,No,Yes,Yes,Yes,One year,Yes,Electronic check,117.11,6876.48,1,231.8,0
CUST-001982,Female,0,No,No,5,Yes,Yes,Fiber optic,No,No,No internet service,Yes,Month-to-month,No,Electronic check,104.98,378.03,4,123.5,1
CUST-001983,Female,0,No,Yes,52,Yes,No,Fiber optic,No,No,No internet service,Yes,One year,No,Mailed check,62.4,3076.26,1,128.5,0
CUST-001984,Female,0,No,Yes,27,Yes,Yes,No,Yes,No,No internet service,Yes,Month-to-month,No,Bank transfer,102.17,2146.5,3,247.7,1
CUST-001985,Female,0,Yes,Yes,72,Yes,No,Fiber optic,No,No,No,No internet service,Two year,No,Electronic check,135.59,8056.73,2,137.9,0
CUST-001986,Female,0,No,No,66,Yes,No,Fiber optic,No,No,Yes,No,One year,No,Mailed check,76.23,4136.62,2,151.1,0
CUST-001987,Male,0,No,Yes,3,Yes,Yes,Fiber optic,No,Yes,No,No,Two year,No,Electronic check,42.44,100.78,3,361.3,0
CUST-001988,Female,1,Yes,No,13,Yes,No,Fiber optic,No internet service,No,Yes,Yes,One year,No,Credit card,87.5,915.8,1,179.2,0
CUST-001989,Male,0,No,Yes,33,No,No,Fiber optic,No internet service,No,No,No internet service,Month-to-month,Yes,Mailed check,120.7,3421.52,2,113.0,1
CUST-001990,Male,0,Yes,Yes,33,Yes,Yes,Fiber optic,Yes,No internet service,No internet service,No,Month-to-month,No,Credit card,113.47,2743.73,2,129.2,0
CUST-001991,Female,0,No,Yes,12,Yes,Yes,Fiber optic,No,No,No,Yes,Two year,Yes,Mailed check,86.1,815.3,1,310.0,1
CUST-001992,Male,0,No,Yes,72,Yes,Yes,Fiber optic,No internet service,No,Yes,No,Month-to-month,No,Bank transfer,121.2,6660.56,5,187.4,1
CUST-001993,Male,0,Yes,No,20,Yes,No,Fiber optic,Yes,No,No,No internet service,One year,No,Electronic check,84.77,1494.75,0,161.4,0
CUST-001994,Male,0,No,Yes,20,Yes,Yes,Fiber optic,No,No,No,No internet service,Month-to-month,Yes,Bank transfer,90.78,1647.92,3,44.9,1
CUST-001995,Male,0,No,Yes,7,Yes,Yes,Fiber optic,No internet service,No,No internet service,No internet service,Month-to-month,No,Credit card,72.46,409.99,3,0.0,1
CUST-001996,Female,1,No,No,29,Yes,Yes,Fiber optic,No internet service,No,No internet service,No internet service,Month-to-month,Yes,Electronic check,54.93,1326.77,0,245.9,0
CUST-001997,Male,1,No,No,20,Yes,No,Fiber optic,Yes,No,No,Yes,Month-to-month,Yes,Credit card,179.65,2961.6,0,23.5,1
CUST-001998,Female,0,No,No,57,Yes,No,DSL,No,No internet service,No,No internet service,Month-to-month,Yes,Electronic check,142.69,7420.01,1,156.0,1
CUST-001999,Male,1,Yes,No,18,Yes,No,DSL,No,No,No internet service,No,One year,No,Electronic check,127.09,1872.95,1,99.4,0
