customer_id,gender,senior_citizen,partner,dependents,tenure_months,phone_service,multiple_lines,internet_service,online_security,tech_support,streaming_tv,streaming_movies,contract,paperless_billing,payment_method,monthly_charges,total_charges,num_support_tickets,avg_monthly_usage_gb,churn
CUST-000000,Male,0,No,No,38,Yes,No,Fiber optic,No,Yes,No,No internet service,Month-to-month,Yes,Bank transfer,63.23,2354.83,0,347.4,0
CUST-000001,Female,0,No,No,51,Yes,No,Fiber optic,No,No internet service,No,No,Two year,Yes,Mailed check,102.24,5298.34,1,254.3,0
CUST-000002,Male,0,Yes,No,33,No,No,Fiber optic,No internet service,No,Yes,Yes,Two year,Yes,Electronic check,18.0,537.38,1,142.4,1
CUST-000003,Female,0,No,No,30,Yes,No phone service,DSL,No,No internet service,No internet service,No,Month-to-month,No,Electronic check,78.17,2045.94,4,57.4,1
CUST-000004,Male,0,Yes,No,55,Yes,No phone service,DSL,No,No internet service,No internet service,No internet service,Month-to-month,Yes,Credit card,79.46,3877.85,1,197.7,0
CUST-000005,Male,0,Yes,No,32,Yes,No,Fiber optic,Yes,Yes,No,No,Month-to-month,Yes,Bank transfer,88.47,2936.93,2,242.0,0
CUST-000006,Female,0,No,Yes,42,Yes,Yes,DSL,Yes,No internet service,No internet service,No internet service,One year,Yes,Bank transfer,67.23,2708.8,1,221.2,0
CUST-000007,Female,0,Yes,No,39,Yes,Yes,Fiber optic,No,No internet service,Yes,No internet service,Two year,Yes,Mailed check,57.46,2003.17,1,326.8,0
CUST-000008,Female,0,No,No,55,Yes,Yes,Fiber optic,No,No,No,No internet service,Two year,No,Mailed check,136.57,7565.12,0,389.5,0
CUST-000009,Male,0,No,No,26,No,Yes,No,Yes,No internet service,No,No,Two year,Yes,Credit card,59.88,1506.19,3,278.2,0
CUST-000010,Female,0,No,Yes,68,Yes,No,DSL,No,No,No,Yes,Month-to-month,Yes,Credit card,40.84,2564.4,2,185.4,0
CUST-000011,Male,1,No,No,21,Yes,No,Fiber optic,No,No,Yes,No,Month-to-month,Yes,Electronic check,111.34,1995.97,0,124.1,0
CUST-000012,Male,0,No,Yes,44,Yes,No,Fiber optic,No,No,Yes,No,Month-to-month,Yes,Electronic check,98.32,4354.57,3,103.8,1
CUST-000013,Male,0,Yes,Yes,41,Yes,No,DSL,No,No internet service,No,Yes,Two year,Yes,Electronic check,59.25,2413.43,0,279.7,0
CUST-000014,Female,1,No,No,20,Yes,No,Fiber optic,No internet service,No,No,No,Month-to-month,Yes,Electronic check,81.08,1463.35,0,134.0,1
CUST-000015,Female,1,No,Yes,47,Yes,No,No,Yes,Yes,No,No,Month-to-month,Yes,Credit card,69.83,2964.1,4,138.1,0
CUST-000016,Female,0,Yes,No,27,Yes,No,Fiber optic,No internet service,No,No internet service,No,Month-to-month,Yes,Mailed check,135.37,3305.31,2,135.6,1
CUST-000017,Female,0,Yes,No,15,Yes,No,Fiber optic,Yes,No,No internet service,No,Month-to-month,Yes,Mailed check,109.09,1610.25,1,209.8,1
CUST-000018,Male,0,Yes,No,51,Yes,No,DSL,No,No internet service,No,No,Month-to-month,Yes,Mailed check,68.97,3196.7,0,119.4,1
CUST-000019,Male,0,Yes,Yes,10,Yes,No,DSL,No,Yes,Yes,Yes,Month-to-month,Yes,Credit card,95.57,871.7,1,312.0,0
CUST-000020,Female,0,No,Yes,17,Yes,Yes,DSL,No,No,No internet service,Yes,Two year,No,Credit card,70.83,1114.13,1,62.0,0
CUST-000021,Female,0,Yes,No,33,Yes,Yes,No,No internet service,No,No,No,One year,No,Bank transfer,82.05,2832.19,2,307.8,1
CUST-000022,Female,0,No,Yes,55,No,No,No,No,No,No internet service,No,Month-to-month,Yes,Electronic check,74.53,3861.68,0,101.5,0
CUST-000023,Male,0,No,Yes,49,Yes,No phone service,Fiber optic,Yes,No,No,No internet service,One year,Yes,Bank transfer,112.69,5110.45,0,62.8,0
CUST-000024,Female,0,No,No,37,Yes,No,Fiber optic,No,No,Yes,No internet service,Month-to-month,Yes,Electronic check,81.68,2852.78,1,213.5,1
CUST-000025,Male,0,No,Yes,7,Yes,No,Fiber optic,No,Yes,No,No internet service,One year,No,Mailed check,60.82,423.12,1,236.3,0
CUST-000026,Male,0,No,No,20,Yes,Yes,DSL,No,No,Yes,No,Month-to-month,No,Electronic check,97.21,1996.09,1,200.9,1
CUST-000027,Male,0,No,Yes,24,Yes,No,DSL,Yes,No,No internet service,No internet service,One year,Yes,Mailed check,115.15,2896.64,1,200.6,1
CUST-000028,Female,0,No,Yes,14,Yes,No,Fiber optic,No internet service,Yes,No,Yes,Month-to-month,No,Credit card,62.24,825.41,2,219.2,1
CUST-000029,Female,0,Yes,No,5,Yes,No,No,No,No internet service,No,No,Month-to-month,Yes,Bank transfer,75.38,355.04,0,175.2,0
CUST-000030,Male,0,No,No,34,Yes,No,Fiber optic,No internet service,No,Yes,No internet service,One year,No,Electronic check,81.53,2539.46,1,106.9,0
CUST-000031,Male,0,No,Yes,50,No,Yes,No,No internet service,Yes,Yes,Yes,One year,No,Credit card,96.5,4853.14,2,83.6,0
CUST-000032,Female,0,No,Yes,23,Yes,No,No,No internet service,No internet service,Yes,No,One year,Yes,Bank transfer,77.4,1746.57,1,214.5,0
CUST-000033,Female,0,Yes,No,55,Yes,Yes,Fiber optic,No,Yes,Yes,No,Month-to-month,Yes,Mailed check,194.82,9886.74,4,226.2,1
CUST-000034,Male,0,No,No,9,No,No,Fiber optic,No internet service,Yes,Yes,Yes,Month-to-month,No,Mailed check,85.96,737.8,2,257.5,1
CUST-000035,Male,0,No,No,13,Yes,No,Fiber optic,Yes,Yes,No,Yes,One year,Yes,Bank transfer,141.12,1634.88,1,120.1,0
CUST-000036,Male,0,No,Yes,33,Yes,No phone service,No,No,No,Yes,Yes,Month-to-month,Yes,Electronic check,119.04,3884.28,3,278.4,1
CUST-000037,Female,0,Yes,No,21,Yes,Yes,Fiber optic,No,Yes,No,No,Month-to-month,Yes,Mailed check,111.01,2099.04,1,348.6,1
CUST-000038,Female,0,No,No,47,Yes,No,No,No,No internet service,No,No,Month-to-month,Yes,Bank transfer,71.11,3074.6,2,175.4,1
CUST-000039,Female,0,Yes,No,42,Yes,Yes,DSL,No,No,Yes,No internet service,Month-to-month,Yes,Credit card,72.85,2642.25,1,45.0,1
CUST-000040,Female,0,No,No,22,Yes,No,DSL,No,Yes,No internet service,No,Month-to-month,Yes,Credit card,70.31,1382.74,2,75.8,1
CUST-000041,Male,0,Yes,Yes,10,Yes,Yes,No,Yes,No,No,No,Month-to-month,Yes,Bank transfer,104.0,924.53,2,128.6,1
CUST-000042,Male,0,No,Yes,20,Yes,Yes,Fiber optic,No internet service,No internet service,No,No,One year,Yes,Credit card,68.82,1372.37,0,0.0,1
CUST-000043,Female,0,No,No,43,Yes,No,DSL,No,No internet service,Yes,Yes,One year,No,Bank transfer,65.17,2771.21,1,189.5,0
CUST-000044,Male,1,Yes,Yes,48,Yes,No,Fiber optic,No,Yes,Yes,No,One year,Yes,Credit card,86.53,3977.66,1,215.9,0
CUST-000045,Female,0,Yes,Yes,21,No,No,Fiber optic,No internet service,No internet service,Yes,Yes,One year,Yes,Electronic check,43.21,841.62,0,209.9,0
CUST-000046,Female,1,No,No,5,No,No,Fiber optic,No internet service,No,Yes,No internet service,Month-to-month,No,Electronic check,120.77,620.67,0,51.8,0
CUST-000047,Female,0,No,No,9,Yes,Yes,Fiber optic,No,No,Yes,No,Two year,No,Credit card,126.89,1172.61,1,3.3,1
CUST-000048,Male,0,No,No,40,Yes,Yes,DSL,No internet service,No,Yes,No,One year,No,Bank transfer,50.97,1978.93,1,241.8,0
CUST-000049,Male,0,No,No,22,Yes,Yes,Fiber optic,No,No,Yes,No internet service,Month-to-month,Yes,Credit card,125.9,2718.89,1,375.8,1
CUST-000050,Female,0,No,Yes,22,Yes,Yes,DSL,Yes,No,Yes,Yes,Month-to-month,Yes,Bank transfer,22.49,499.38,0,307.7,1
CUST-000051,Male,0,Yes,Yes,13,No,Yes,Fiber optic,No,No,No internet service,Yes,One year,Yes,Mailed check,95.72,1237.57,2,177.4,1
CUST-000052,Female,0,Yes,No,13,Yes,Yes,DSL,Yes,Yes,Yes,Yes,One year,No,Mailed check,66.21,770.36,1,101.3,0
CUST-000053,Male,0,Yes,No,54,Yes,Yes,No,No,No,No,No,One year,No,Bank transfer,72.63,3728.68,2,128.7,0
CUST-000054,Female,0,Yes,No,41,Yes,No,DSL,Yes,No internet service,No internet service,Yes,One year,No,Bank transfer,72.48,2616.07,1,225.2,0
CUST-000055,Female,0,No,No,18,Yes,Yes,No,No,No,No internet service,Yes,Two year,Yes,Electronic check,67.69,1232.87,3,128.4,0
CUST-000056,Female,0,Yes,No,32,Yes,Yes,Fiber optic,No,No,No,No,Two year,No,Bank transfer,83.37,2616.29,0,148.3,0
CUST-000057,Male,0,No,Yes,36,Yes,No,Fiber optic,Yes,Yes,Yes,No,One year,No,Mailed check,91.74,3453.92,0,174.4,0
CUST-000058,Male,0,Yes,Yes,72,Yes,Yes,DSL,No,Yes,No internet service,Yes,Two year,No,Credit card,110.9,7004.87,1,285.6,0
CUST-000059,Male,0,Yes,Yes,12,Yes,Yes,Fiber optic,No,Yes,No internet service,No,Two year,No,Credit card,77.64,886.97,2,298.7,0
CUST-000060,Female,0,Yes,No,35,Yes,No,DSL,No internet service,No,No,No,Month-to-month,No,Bank transfer,137.66,4793.06,1,310.8,0
CUST-000061,Female,0,Yes,No,54,Yes,No,DSL,Yes,Yes,No,No,One year,Yes,Mailed check,50.95,2815.6,1,64.4,0
CUST-000062,Male,0,Yes,No,72,Yes,Yes,Fiber optic,No,No,Yes,No,Month-to-month,Yes,Bank transfer,102.2,7510.7,2,155.2,0
CUST-000063,Female,0,No,No,17,Yes,No,No,No,Yes,No,No internet service,Month-to-month,Yes,Credit card,87.14,1318.96,0,216.2,1
CUST-000064,Male,0,Yes,No,22,Yes,Yes,Fiber optic,No,Yes,Yes,Yes,Month-to-month,Yes,Electronic check,86.25,1985.6,1,130.2,0
CUST-000065,Male,0,Yes,No,47,Yes,No,DSL,Yes,No,Yes,No,Month-to-month,No,Credit card,111.47,5481.54,1,126.8,0
CUST-000066,Male,1,No,Yes,7,Yes,Yes,Fiber optic,No internet service,No,No,No internet service,Month-to-month,Yes,Electronic check,111.36,813.65,3,319.5,1
CUST-000067,Female,1,Yes,No,38,Yes,No,DSL,Yes,No internet service,No,Yes,Month-to-month,No,Electronic check,63.85,2360.23,1,393.6,0
CUST-000068,Female,1,No,No,72,Yes,No,Fiber optic,No,No,No,Yes,Month-to-month,No,Credit card,136.14,9962.56,2,98.7,0
CUST-000069,Male,0,No,No,41,Yes,Yes,No,No,No,No,No,One year,No,Electronic check,39.54,1402.45,2,104.5,0
CUST-000070,Female,0,Yes,Yes,3,No,No,No,Yes,Yes,Yes,No,Two year,No,Electronic check,53.04,143.37,2,79.9,0
CUST-000071,Female,0,Yes,No,15,Yes,No,DSL,No,No,No,No internet service,Two year,Yes,Electronic check,86.88,1131.66,3,152.3,0
CUST-000072,Female,0,No,Yes,18,Yes,Yes,DSL,Yes,No,Yes,No internet service,Month-to-month,Yes,Mailed check,94.04,1610.03,0,334.7,1
CUST-000073,Male,0,Yes,No,62,Yes,No,DSL,No,Yes,No,Yes,Month-to-month,Yes,Mailed check,79.68,5152.23,0,118.6,0
CUST-000074,Female,0,Yes,Yes,26,Yes,Yes,DSL,Yes,No,No,Yes,Two year,Yes,Mailed check,66.18,1686.09,2,197.9,0
CUST-000075,Male,0,Yes,Yes,5,No,Yes,DSL,No,No,No,Yes,Month-to-month,No,Credit card,62.46,294.25,1,399.5,0
CUST-000076,Male,1,Yes,No,29,Yes,Yes,DSL,No,Yes,No internet service,No,Two year,Yes,Electronic check,103.94,3040.14,1,216.7,0
CUST-000077,Male,1,No,No,33,No,No,No,No internet service,No,No,Yes,One year,Yes,Credit card,77.21,2446.24,0,266.4,0
CUST-000078,Female,0,No,Yes,20,Yes,No phone service,DSL,No,Yes,No,Yes,Month-to-month,No,Electronic check,43.83,825.4,1,131.5,1
CUST-000079,Female,0,No,Yes,13,Yes,No,Fiber optic,No,No,No,No internet service,Month-to-month,No,Electronic check,67.1,851.28,0,157.2,0
CUST-000080,Male,1,Yes,Yes,72,No,No,No,No,Yes,No internet service,No,Month-to-month,No,Electronic check,115.4,7913.23,1,237.4,1
CUST-000081,Male,0,No,No,54,Yes,No,Fiber optic,Yes,No,No,Yes,Month-to-month,No,Credit card,73.44,3879.59,1,275.5,1
CUST-000082,Male,0,No,No,57,Yes,Yes,Fiber optic,No,No,Yes,Yes,Month-to-month,Yes,Mailed check,103.18,5943.29,0,46.9,0
CUST-000083,Male,0,No,No,27,Yes,No,No,No,Yes,No,No,Two year,No,Mailed check,110.53,2812.59,4,205.3,0
CUST-000084,Male,0,No,Yes,17,Yes,No,Fiber optic,Yes,Yes,No,Yes,One year,No,Mailed check,111.26,1764.75,0,145.8,0
CUST-000085,Male,0,No,No,21,Yes,Yes,Fiber optic,No,No internet service,No internet service,Yes,Month-to-month,Yes,Mailed check,72.27,1459.61,1,33.2,0
CUST-000086,Female,0,Yes,No,9,Yes,Yes,DSL,No,No internet service,No,Yes,Month-to-month,Yes,Electronic check,39.53,366.77,1,136.1,0
CUST-000087,Female,0,No,Yes,72,Yes,Yes,No,Yes,No,Yes,No,Month-to-month,Yes,Credit card,126.1,8485.16,0,216.5,0
CUST-000088,Female,0,No,No,27,Yes,Yes,Fiber optic,No,No,No,No,Month-to-month,No,Bank transfer,63.77,1755.31,1,193.7,1
CUST-000089,Male,0,Yes,No,72,Yes,No,DSL,No,No internet service,No,No,One year,Yes,Mailed check,53.4,3742.79,2,268.0,0
CUST-000090,Female,0,Yes,Yes,21,Yes,No,Fiber optic,No internet service,Yes,No,No,One year,No,Mailed check,106.18,1900.75,1,229.0,0
CUST-000091,Male,0,Yes,No,41,Yes,Yes,Fiber optic,No,No,Yes,No,Two year,Yes,Credit card,88.43,3427.23,1,97.5,0
CUST-000092,Male,0,No,No,34,Yes,Yes,Fiber optic,Yes,No,Yes,No,Month-to-month,Yes,Bank transfer,112.21,3403.64,2,114.9,0
CUST-000093,Female,0,No,No,8,Yes,No,Fiber optic,No,Yes,No internet service,Yes,Month-to-month,No,Bank transfer,50.97,358.84,1,271.6,0
CUST-000094,Male,0,No,No,72,Yes,Yes,No,No,Yes,No,Yes,Two year,Yes,Credit card,63.69,4112.71,0,242.0,0
CUST-000095,Male,0,No,No,22,Yes,Yes,DSL,No internet service,No internet service,No internet service,No,One year,No,Credit card,90.33,1972.34,0,259.6,0
CUST-000096,Female,0,Yes,No,11,Yes,No,No,No,No,No internet service,Yes,One year,No,Electronic check,90.43,970.36,1,153.1,1
CUST-000097,Female,0,No,No,48,Yes,No,No,Yes,No,No internet service,Yes,Month-to-month,Yes,Credit card,52.83,2427.57,3,326.4,0
CUST-000098,Female,0,Yes,Yes,30,Yes,No,No,No,No,No,Yes,Two year,Yes,Credit card,39.35,1120.32,0,180.7,0
CUST-000099,Female,0,No,No,39,No,Yes,DSL,Yes,No,Yes,Yes,Month-to-month,No,Credit card,76.41,2764.99,1,425.7,0
CUST-000100,Male,0,Yes,Yes,32,Yes,No phone service,Fiber optic,No,No,No internet service,No internet service,Month-to-month,Yes,Bank transfer,55.63,1828.66,0,195.1,0
CUST-000101,Female,0,No,Yes,3,Yes,No,No,No,No,No,No,One year,Yes,Electronic check,108.53,337.47,0,215.2,1
CUST-000102,Female,0,Yes,No,14,Yes,No,DSL,No,No,Yes,Yes,Month-to-month,Yes,Bank transfer,74.72,1049.13,2,308.6,1
CUST-000103,Female,0,No,No,14,Yes,Yes,Fiber optic,No,Yes,No internet service,No,Two year,Yes,Bank transfer,74.1,941.54,0,101.8,0
CUST-000104,Female,0,Yes,Yes,57,Yes,Yes,Fiber optic,Yes,Yes,No,Yes,Month-to-month,Yes,Electronic check,63.36,3730.17,3,184.5,0
CUST-000105,Male,0,Yes,No,31,Yes,No,Fiber optic,No,No,No,No internet service,Month-to-month,Yes,Credit card,76.01,2388.84,1,101.7,1
CUST-000106,Female,0,No,Yes,43,Yes,Yes,DSL,No,No,No,No internet service,Month-to-month,No,Bank transfer,23.14,870.53,2,192.0,0
CUST-000107,Female,0,Yes,Yes,23,Yes,Yes,DSL,No,No,No,No,Two year,No,Electronic check,84.84,1792.04,0,48.9,0
CUST-000108,Female,0,Yes,No,44,Yes,No,DSL,No internet service,Yes,Yes,Yes,One year,No,Electronic check,45.91,1849.57,2,305.3,0
CUST-000109,Female,0,Yes,Yes,27,Yes,No phone service,Fiber optic,Yes,No,Yes,No internet service,Month-to-month,Yes,Bank transfer,106.99,2877.21,2,255.2,1
CUST-000110,Male,0,Yes,No,25,Yes,No,Fiber optic,No,No,No,Yes,Month-to-month,No,Electronic check,111.13,2652.53,4,157.3,1
CUST-000111,Male,0,Yes,Yes,34,Yes,Yes,No,Yes,No,No,Yes,Month-to-month,No,Bank transfer,98.98,3040.15,0,228.3,1
CUST-000112,Female,0,Yes,No,32,Yes,Yes,Fiber optic,No internet service,No,No,No,Month-to-month,No,Mailed check,102.56,2940.99,0,224.2,0
CUST-000113,Female,0,Yes,Yes,72,No,Yes,Fiber optic,No,No internet service,Yes,No,One year,Yes,Bank transfer,128.76,8728.19,0,246.4,0
CUST-000114,Male,0,Yes,Yes,14,Yes,Yes,DSL,Yes,Yes,No,Yes,Month-to-month,Yes,Credit card,111.58,1535.91,1,98.0,1
CUST-000115,Female,1,Yes,No,7,Yes,Yes,No,No,No,No internet service,No,Month-to-month,Yes,Credit card,77.75,517.96,0,232.3,1
CUST-000116,Male,0,No,No,38,Yes,Yes,DSL,No internet service,No,Yes,No internet service,Month-to-month,Yes,Bank transfer,79.56,2727.48,2,96.3,0
CUST-000117,Female,0,No,Yes,16,Yes,Yes,DSL,Yes,No,No,No internet service,One year,Yes,Credit card,53.28,830.25,1,273.7,1
CUST-000118,Female,0,Yes,Yes,3,Yes,Yes,Fiber optic,No,No,Yes,Yes,One year,Yes,Electronic check,65.37,205.88,0,223.4,1
CUST-000119,Male,0,No,Yes,11,No,No phone service,No,No,No,Yes,Yes,One year,Yes,Credit card,108.46,1056.28,1,137.9,1
CUST-000120,Male,0,Yes,No,72,Yes,No,DSL,Yes,No,Yes,No internet service,One year,No,Mailed check,88.17,6067.04,3,311.1,0
CUST-000121,Female,0,Yes,No,14,Yes,No,DSL,Yes,No,Yes,No,Two year,Yes,Credit card,90.6,1173.5,0,307.9,0
CUST-000122,Male,0,No,Yes,5,Yes,No,Fiber optic,Yes,No internet service,No,No internet service,Month-to-month,Yes,Bank transfer,77.28,345.31,1,122.6,1
CUST-000123,Male,0,No,Yes,72,Yes,No,DSL,No,No internet service,Yes,Yes,Two year,No,Bank transfer,118.72,8762.2,0,88.6,0
CUST-000124,Male,0,Yes,No,11,Yes,No,Fiber optic,No,No internet service,Yes,Yes,One year,No,Bank transfer,88.14,1009.85,1,99.4,0
CUST-000125,Male,0,Yes,No,72,Yes,No,DSL,No internet service,No,No,Yes,Month-to-month,No,Credit card,45.94,3043.51,1,195.8,0
CUST-000126,Male,0,Yes,Yes,22,Yes,Yes,DSL,Yes,No,No,Yes,Two year,Yes,Credit card,52.79,1067.84,0,129.1,0
CUST-000127,Male,1,Yes,Yes,72,Yes,No,DSL,No internet service,No,No,No internet service,One year,No,Electronic check,117.14,7323.49,3,198.3,0
CUST-000128,Female,0,No,No,25,Yes,Yes,Fiber optic,No,No,Yes,Yes,One year,Yes,Mailed check,61.67,1500.94,1,278.3,0
CUST-000129,Female,0,No,No,41,Yes,No,No,Yes,No internet service,No,No internet service,Month-to-month,No,Mailed check,47.47,1664.53,1,337.7,0
CUST-000130,Female,1,Yes,No,27,Yes,Yes,Fiber optic,No,No,No internet service,No,Month-to-month,No,Electronic check,181.96,4663.43,1,45.7,1
CUST-000131,Female,1,No,No,25,Yes,Yes,DSL,No,No,No,No,Two year,No,Electronic check,98.23,2162.47,0,0.0,0
CUST-000132,Male,0,No,Yes,36,Yes,No,Fiber optic,No,Yes,No internet service,No,Month-to-month,No,Credit card,73.01,2587.47,1,155.4,1
CUST-000133,Female,0,No,No,42,Yes,Yes,Fiber optic,No,Yes,Yes,No,Month-to-month,Yes,Credit card,62.56,2721.39,0,72.0,0
CUST-000134,Male,0,Yes,No,34,Yes,No phone service,No,No,No,Yes,Yes,Month-to-month,No,Mailed check,19.82,584.74,3,121.4,1
CUST-000135,Male,0,No,No,31,Yes,No,Fiber optic,No,No,No,No,Month-to-month,No,Electronic check,97.91,3052.16,1,164.5,0
CUST-000136,Female,1,Yes,Yes,16,No,No,No,No,No,Yes,Yes,Two year,Yes,Electronic check,91.84,1493.13,0,253.2,0
CUST-000137,Female,0,Yes,No,28,Yes,Yes,Fiber optic,Yes,No,Yes,Yes,One year,Yes,Electronic check,140.56,3484.12,0,187.3,0
CUST-000138,Male,0,Yes,Yes,72,Yes,No,DSL,No,Yes,No internet service,No,Two year,Yes,Credit card,18.0,1340.75,2,126.8,0
CUST-000139,Male,1,Yes,No,16,Yes,Yes,Fiber optic,No internet service,No,No,Yes,Month-to-month,No,Electronic check,55.24,861.0,1,200.9,1
CUST-000140,Male,0,Yes,Yes,36,Yes,Yes,DSL,No,Yes,No internet service,Yes,Month-to-month,Yes,Bank transfer,66.41,2288.05,0,175.2,1
CUST-000141,Female,1,Yes,No,67,Yes,No,No,No,No,No internet service,No,Month-to-month,No,Credit card,153.63,10131.43,0,150.9,0
CUST-000142,Male,0,No,No,43,Yes,Yes,DSL,No,No,Yes,No internet service,Month-to-month,No,Bank transfer,96.58,3769.18,1,90.6,0
CUST-000143,Male,0,No,No,57,Yes,No,Fiber optic,No,No,No internet service,No,One year,No,Credit card,106.18,5175.37,2,144.5,0
CUST-000144,Female,1,No,No,11,Yes,No,DSL,No,Yes,No,No,Month-to-month,Yes,Electronic check,33.25,343.25,1,231.3,0
CUST-000145,Male,0,No,Yes,37,Yes,No phone service,DSL,Yes,No,No,No,Month-to-month,Yes,Credit card,18.0,665.11,1,232.8,1
CUST-000146,Female,0,Yes,Yes,24,Yes,No,Fiber optic,Yes,No,Yes,No,Two year,Yes,Credit card,96.17,2385.82,2,84.9,0
CUST-000147,Male,0,No,No,25,Yes,Yes,DSL,Yes,No,Yes,No,One year,Yes,Mailed check,67.02,1568.28,2,149.2,0
CUST-000148,Female,0,No,No,72,Yes,No,DSL,No internet service,No internet service,No,No,Month-to-month,Yes,Credit card,61.97,4027.56,3,95.4,0
CUST-000149,Male,0,Yes,No,25,No,No,DSL,Yes,No,Yes,No,One year,Yes,Credit card,58.59,1283.43,2,255.9,1
CUST-000150,Male,0,No,No,37,Yes,Yes,Fiber optic,No internet service,No internet service,No,No internet service,Month-to-month,Yes,Credit card,72.55,2783.91,2,185.9,1
CUST-000151,Female,1,No,Yes,5,Yes,Yes,Fiber optic,Yes,No,No internet service,No,Two year,Yes,Bank transfer,65.67,294.27,2,101.7,0
CUST-000152,Female,0,No,Yes,72,No,No,No,No,Yes,No internet service,No,One year,Yes,Credit card,111.69,8300.38,2,140.5,0
CUST-000153,Female,0,No,No,55,Yes,Yes,DSL,No,No,Yes,Yes,Month-to-month,No,Electronic check,43.4,2116.88,1,0.0,1
CUST-000154,Male,0,No,No,29,Yes,No,DSL,No,No,No,Yes,Month-to-month,No,Mailed check,61.72,1527.78,1,142.1,1
CUST-000155,Female,1,No,No,23,No,No,No,Yes,No,Yes,Yes,Month-to-month,No,Credit card,68.83,1416.57,2,215.7,1
CUST-000156,Female,0,No,No,46,Yes,No,Fiber optic,No,No internet service,Yes,No,One year,Yes,Credit card,116.19,5069.73,1,220.0,0
CUST-000157,Male,1,Yes,Yes,67,Yes,Yes,Fiber optic,No internet service,No,Yes,Yes,Month-to-month,Yes,Credit card,69.45,4279.39,3,127.4,1
CUST-000158,Male,1,Yes,No,72,Yes,Yes,DSL,No internet service,No,No,Yes,One year,No,Electronic check,99.34,7378.25,3,173.2,1
CUST-000159,Male,0,Yes,Yes,54,Yes,No,DSL,No internet service,Yes,Yes,Yes,Month-to-month,No,Credit card,52.61,2724.51,1,223.4,0
CUST-000160,Male,0,No,No,32,Yes,Yes,No,No internet service,Yes,Yes,No internet service,Month-to-month,No,Bank transfer,65.14,1820.99,0,265.5,0
CUST-000161,Female,0,Yes,No,59,Yes,Yes,DSL,No,Yes,Yes,Yes,Month-to-month,Yes,Credit card,119.29,6862.79,0,158.0,1
CUST-000162,Female,0,Yes,No,52,Yes,No,Fiber optic,Yes,Yes,Yes,No,Month-to-month,No,Bank transfer,65.92,3180.47,2,246.5,1
CUST-000163,Male,0,Yes,No,32,Yes,No,Fiber optic,No,No,Yes,No internet service,Month-to-month,Yes,Electronic check,116.63,3679.03,2,90.2,1
CUST-000164,Male,0,No,Yes,51,Yes,Yes,Fiber optic,Yes,Yes,No,Yes,One year,Yes,Credit card,125.14,6428.23,3,222.5,0
CUST-000165,Female,0,No,No,50,Yes,No,No,No internet service,Yes,No,Yes,Two year,Yes,Mailed check,79.3,4151.63,0,203.3,1
CUST-000166,Female,0,No,No,28,Yes,Yes,Fiber optic,No,No,No internet service,No,Month-to-month,Yes,Electronic check,91.47,2472.47,2,19.4,1
CUST-000167,Female,0,Yes,No,19,Yes,No,DSL,No,No internet service,Yes,No,One year,Yes,Electronic check,133.77,2346.83,1,169.9,0
CUST-000168,Male,0,No,Yes,47,Yes,No,Fiber optic,No internet service,Yes,Yes,No internet service,Month-to-month,Yes,Electronic check,94.58,4164.17,1,295.8,1
CUST-000169,Male,0,No,Yes,12,Yes,Yes,Fiber optic,Yes,No,No,No,One year,Yes,Electronic check,101.12,1129.16,1,77.8,0
CUST-000170,Female,0,No,No,10,Yes,No,Fiber optic,No,Yes,No,Yes,Month-to-month,Yes,Electronic check,84.9,798.19,0,202.6,1
CUST-000171,Female,0,No,No,38,Yes,No,DSL,No,No internet service,No internet service,Yes,One year,Yes,Mailed check,74.53,2424.42,0,245.4,0
CUST-000172,Male,0,No,No,46,Yes,No,Fiber optic,No internet service,No,No,No,Month-to-month,Yes,Electronic check,123.92,5127.39,2,266.0,1
CUST-000173,Male,0,No,No,38,Yes,Yes,No,No,No,No internet service,Yes,Month-to-month,Yes,Mailed check,61.74,2457.72,2,205.2,1
CUST-000174,Female,0,No,No,41,Yes,No phone service,No,No,No,Yes,Yes,One year,Yes,Bank transfer,18.0,764.27,0,140.1,0
CUST-000175,Female,0,No,No,46,Yes,No,Fiber optic,Yes,No internet service,No internet service,No internet service,Month-to-month,Yes,Electronic check,110.41,4365.97,0,257.6,1
CUST-000176,Male,0,No,Yes,72,Yes,Yes,No,No,No,No,No,Month-to-month,Yes,Electronic check,37.65,2835.27,3,176.7,0
CUST-000177,Male,0,Yes,No,54,Yes,No,Fiber optic,No,No internet service,No internet service,Yes,Month-to-month,No,Electronic check,117.26,6384.97,3,67.8,1
CUST-000178,Male,0,Yes,No,53,Yes,No,Fiber optic,Yes,No,Yes,No,Two year,Yes,Bank transfer,94.96,4280.72,1,165.8,0
CUST-000179,Male,1,Yes,No,36,Yes,No,Fiber optic,No,No,Yes,No internet service,Month-to-month,Yes,Credit card,123.29,4583.67,0,21.2,1
CUST-000180,Male,0,No,No,37,Yes,Yes,No,No,Yes,No,No,Month-to-month,No,Credit card,41.55,1602.02,2,191.6,1
CUST-000181,Male,1,No,No,27,Yes,Yes,DSL,Yes,Yes,Yes,No,Two year,Yes,Electronic check,53.94,1421.15,2,170.7,0
CUST-000182,Male,0,Yes,No,40,Yes,No,Fiber optic,Yes,No,No,No,One year,Yes,Bank transfer,84.8,3417.96,0,75.1,0
CUST-000183,Female,1,Yes,No,12,Yes,No phone service,DSL,Yes,Yes,Yes,No,Month-to-month,Yes,Bank transfer,25.53,280.8,1,391.7,0
CUST-000184,Male,0,No,No,72,Yes,No phone service,DSL,No,Yes,No,No internet service,One year,Yes,Electronic check,103.34,7176.26,0,78.8,1
CUST-000185,Male,0,Yes,Yes,15,Yes,Yes,DSL,No internet service,Yes,No,Yes,Month-to-month,Yes,Electronic check,21.24,317.38,2,210.3,1
CUST-000186,Female,0,Yes,Yes,54,Yes,Yes,DSL,No,Yes,No,No,Month-to-month,Yes,Mailed check,102.92,5347.86,1,172.1,1
CUST-000187,Female,0,No,No,72,Yes,No,No,No,No,No,No,Month-to-month,Yes,Credit card,82.73,5426.08,0,128.6,1
CUST-000188,Female,0,Yes,Yes,54,Yes,Yes,DSL,No internet service,Yes,Yes,No internet service,One year,No,Electronic check,64.03,3388.13,0,146.8,0
CUST-000189,Male,0,No,No,72,Yes,Yes,Fiber optic,No,No internet service,No,No,Two year,Yes,Mailed check,105.35,7719.59,1,114.2,1
CUST-000190,Female,0,No,No,3,Yes,No,No,No internet service,Yes,No,Yes,Month-to-month,Yes,Electronic check,79.53,242.7,2,213.5,0
CUST-000191,Male,0,No,No,21,Yes,Yes,Fiber optic,No,No internet service,No,No,Month-to-month,No,Bank transfer,82.99,1527.39,0,318.9,1
CUST-000192,Male,1,Yes,No,72,Yes,No,DSL,No,No,No,No,Month-to-month,No,Electronic check,78.94,5337.76,2,346.5,0
CUST-000193,Female,0,Yes,No,9,Yes,No phone service,DSL,No,No,No,No,Month-to-month,No,Bank transfer,91.94,709.72,1,236.5,1
CUST-000194,Female,1,Yes,No,15,Yes,Yes,Fiber optic,Yes,No,No,Yes,Month-to-month,No,Mailed check,66.66,976.45,1,115.2,1
CUST-000195,Male,0,No,Yes,44,Yes,No,Fiber optic,No,Yes,Yes,Yes,One year,Yes,Credit card,105.39,4166.01,2,220.9,0
CUST-000196,Male,0,Yes,No,31,Yes,No,DSL,No,No,No,No,Month-to-month,Yes,Bank transfer,18.0,578.13,0,192.2,0
CUST-000197,Male,0,No,No,42,Yes,No,No,Yes,Yes,Yes,Yes,Two year,Yes,Mailed check,18.0,736.08,1,216.7,0
CUST-000198,Male,0,No,Yes,33,Yes,No phone service,No,No,No internet service,Yes,No,Month-to-month,Yes,Mailed check,86.94,2668.41,0,56.9,1
CUST-000199,Male,0,No,Yes,36,Yes,Yes,DSL,No,No internet service,Yes,No internet service,Month-to-month,Yes,Bank transfer,57.47,2061.07,1,31.2,1
CUST-000200,Male,0,No,No,16,Yes,No phone service,Fiber optic,No,No,No internet service,Yes,Month-to-month,No,Bank transfer,69.4,989.85,0,291.0,1
CUST-000201,Female,0,Yes,Yes,35,Yes,No,Fiber optic,No,No,No internet service,No,One year,Yes,Credit card,93.41,2838.71,2,171.2,0
CUST-000202,Female,0,Yes,No,22,Yes,Yes,DSL,No internet service,No,No internet service,No,Month-to-month,Yes,Credit card,58.12,1109.22,1,145.5,0
CUST-000203,Male,0,Yes,No,24,Yes,No,Fiber optic,No internet service,No,No,Yes,Month-to-month,No,Bank transfer,65.34,1515.76,1,197.3,1
CUST-000204,Female,0,No,Yes,54,No,No,DSL,No,Yes,Yes,Yes,Month-to-month,Yes,Mailed check,20.83,1155.98,1,48.5,0
CUST-000205,Male,1,No,No,9,Yes,Yes,Fiber optic,No,No,No internet service,No,One year,Yes,Credit card,35.96,289.47,1,318.9,0
CUST-000206,Male,0,Yes,No,2,Yes,No,Fiber optic,No,No,No,No internet service,Two year,No,Credit card,117.16,234.8,2,66.0,0
CUST-000207,Female,0,No,Yes,51,Yes,Yes,DSL,No,No,No internet service,No,Month-to-month,Yes,Electronic check,57.33,2507.04,2,30.9,1
CUST-000208,Male,1,Yes,No,35,Yes,Yes,DSL,Yes,No,Yes,No internet service,Month-to-month,No,Bank transfer,99.09,3192.9,1,296.0,0
CUST-000209,Female,0,Yes,No,72,Yes,No,DSL,No,Yes,No,No internet service,Month-to-month,Yes,Bank transfer,57.02,4026.42,1,434.0,0
CUST-000210,Female,0,Yes,No,15,Yes,No,Fiber optic,Yes,No,No,No,Month-to-month,Yes,Bank transfer,105.65,1608.9,0,80.6,1
CUST-000211,Male,1,Yes,No,28,Yes,No,No,Yes,No,No,Yes,Two year,No,Bank transfer,66.24,1926.32,0,219.7,0
CUST-000212,Male,0,No,No,32,Yes,No,DSL,Yes,Yes,Yes,Yes,Month-to-month,No,Mailed check,71.33,2229.06,3,455.5,0
CUST-000213,Female,1,No,No,18,Yes,No,DSL,Yes,Yes,No internet service,No,One year,Yes,Bank transfer,72.79,1234.95,2,27.4,0
CUST-000214,Male,1,No,No,14,Yes,No,DSL,Yes,No,No,No,Two year,No,Mailed check,56.63,683.5,3,189.8,0
CUST-000215,Male,0,No,Yes,53,Yes,No,Fiber optic,No,No,No,Yes,One year,Yes,Credit card,58.11,2787.71,1,275.0,0
CUST-000216,Female,0,Yes,Yes,8,Yes,Yes,DSL,Yes,Yes,No,No,Month-to-month,No,Credit card,92.98,769.63,2,132.4,0
CUST-000217,Male,0,Yes,No,12,Yes,Yes,DSL,No internet service,Yes,Yes,Yes,One year,No,Electronic check,117.81,1366.43,0,299.0,0
CUST-000218,Male,1,No,Yes,27,Yes,No,DSL,Yes,No,No,No,Month-to-month,Yes,Mailed check,119.78,2970.51,0,236.2,1
CUST-000219,Male,0,Yes,No,57,Yes,Yes,DSL,No internet service,No,Yes,Yes,Month-to-month,Yes,Mailed check,53.4,2738.8,2,83.1,1
CUST-000220,Female,0,No,No,19,Yes,No,Fiber optic,No,No,No internet service,No,Two year,Yes,Bank transfer,73.0,1210.56,2,64.8,1
CUST-000221,Male,0,No,No,17,Yes,No,No,No,No internet service,No internet service,No,Month-to-month,No,Bank transfer,53.37,907.61,0,121.3,1
CUST-000222,Female,0,Yes,No,26,Yes,Yes,Fiber optic,Yes,No,Yes,No internet service,Month-to-month,No,Credit card,89.72,2175.32,0,138.0,0
CUST-000223,Male,0,Yes,No,39,Yes,Yes,Fiber optic,No internet service,No internet service,No,Yes,Month-to-month,Yes,Bank transfer,93.43,3779.56,2,184.5,1
CUST-000224,Female,1,No,No,23,Yes,Yes,DSL,Yes,No internet service,No,No,Month-to-month,Yes,Bank transfer,40.06,866.95,1,354.7,1
CUST-000225,Male,0,Yes,No,62,Yes,No,Fiber optic,Yes,No,No,Yes,One year,Yes,Bank transfer,50.61,3180.6,0,131.5,0
CUST-000226,Male,0,No,Yes,64,No,Yes,No,Yes,No,No,No,One year,Yes,Credit card,71.5,4008.7,1,190.9,0
CUST-000227,Male,1,Yes,Yes,27,Yes,Yes,Fiber optic,No,No,No,Yes,One year,No,Mailed check,18.0,427.77,1,342.3,0
CUST-000228,Male,0,Yes,No,72,Yes,No,Fiber optic,Yes,No,No,No internet service,Month-to-month,Yes,Mailed check,91.98,5991.07,2,268.5,0
CUST-000229,Male,0,No,No,32,Yes,No,Fiber optic,No internet service,Yes,No internet service,Yes,Month-to-month,No,Credit card,66.66,1894.67,1,184.1,0
CUST-000230,Female,0,Yes,No,63,Yes,Yes,Fiber optic,No,Yes,Yes,Yes,Month-to-month,No,Electronic check,118.4,7797.77,1,157.9,1
CUST-000231,Male,1,Yes,Yes,38,Yes,Yes,Fiber optic,No internet service,Yes,Yes,No,Month-to-month,Yes,Mailed check,126.43,4860.17,2,36.0,1
CUST-000232,Male,1,Yes,Yes,38,Yes,No,Fiber optic,No,No,No,Yes,One year,No,Bank transfer,127.14,4443.19,3,158.1,0
CUST-000233,Male,0,Yes,Yes,6,Yes,Yes,Fiber optic,Yes,No,No,No,One year,Yes,Bank transfer,84.61,484.27,1,388.4,0
CUST-000234,Male,0,No,No,11,No,Yes,Fiber optic,No,No internet service,No internet service,No internet service,Two year,No,Credit card,60.95,641.34,1,117.0,0
CUST-000235,Male,0,No,No,24,Yes,No,Fiber optic,Yes,No,Yes,No,One year,Yes,Credit card,70.56,1645.13,1,275.4,1
CUST-000236,Female,0,Yes,No,64,Yes,No,Fiber optic,No internet service,Yes,No,No internet service,Month-to-month,No,Electronic check,103.63,5774.82,1,118.0,0
CUST-000237,Female,0,No,Yes,39,Yes,No,Fiber optic,No,No internet service,No internet service,Yes,One year,Yes,Credit card,45.62,1636.63,2,254.5,0
CUST-000238,Female,0,Yes,Yes,24,Yes,No,Fiber optic,No,No internet service,Yes,No,One year,Yes,Bank transfer,136.81,2847.28,1,272.7,0
CUST-000239,Male,0,No,Yes,47,Yes,Yes,Fiber optic,No,No,Yes,No internet service,Two year,Yes,Electronic check,85.08,4134.02,1,131.9,0
CUST-000240,Female,0,No,Yes,62,Yes,No,Fiber optic,No,No internet service,No internet service,Yes,Month-to-month,No,Mailed check,110.01,6347.61,2,122.1,1
CUST-000241,Male,0,No,No,30,Yes,Yes,Fiber optic,No internet service,No,Yes,No,One year,Yes,Electronic check,41.56,1240.99,2,236.9,0
CUST-000242,Male,0,No,Yes,35,No,Yes,Fiber optic,No,No,No internet service,No internet service,Month-to-month,No,Credit card,67.22,2433.1,2,245.2,0
CUST-000243,Male,1,No,Yes,32,Yes,Yes,No,No,Yes,Yes,No,One year,No,Mailed check,18.0,525.25,0,258.4,0
CUST-000244,Male,0,No,No,29,Yes,No,Fiber optic,No,No,No,Yes,Two year,Yes,Mailed check,125.64,3160.93,2,182.5,0
CUST-000245,Female,0,No,No,15,Yes,No,Fiber optic,Yes,No internet service,No internet service,Yes,Two year,Yes,Electronic check,90.19,1240.95,1,83.4,0
CUST-000246,Male,0,No,No,14,Yes,No,DSL,No,Yes,Yes,No internet service,Month-to-month,Yes,Mailed check,87.14,1200.67,2,171.3,1
CUST-000247,Female,1,Yes,Yes,47,Yes,No,DSL,No,No internet service,No,No,Month-to-month,Yes,Credit card,71.9,3210.31,0,81.5,1
CUST-000248,Female,0,No,No,63,Yes,Yes,Fiber optic,No internet service,Yes,No,No,One year,No,Credit card,109.05,5942.85,2,230.8,0
CUST-000249,Female,1,No,Yes,24,Yes,No,DSL,No,No,No,Yes,One year,No,Bank transfer,59.88,1241.66,0,83.1,0
CUST-000250,Female,0,No,Yes,23,Yes,Yes,DSL,No internet service,No,Yes,No,Two year,Yes,Bank transfer,63.89,1454.73,0,107.9,0
CUST-000251,Male,0,No,No,4,Yes,Yes,No,No,Yes,No,No,Month-to-month,Yes,Credit card,67.25,268.27,3,164.2,0
CUST-000252,Female,0,Yes,No,3,Yes,Yes,No,No,Yes,No,No,Two year,No,Credit card,82.17,214.93,0,302.4,0
CUST-000253,Female,0,Yes,Yes,72,Yes,Yes,DSL,Yes,Yes,Yes,Yes,One year,Yes,Bank transfer,82.96,6026.8,0,70.6,0
CUST-000254,Male,0,Yes,No,16,Yes,No,DSL,No,No,No,No,Month-to-month,No,Electronic check,154.34,2269.74,1,118.9,1
CUST-000255,Male,0,No,No,72,Yes,No,Fiber optic,Yes,Yes,Yes,No internet service,Month-to-month,Yes,Mailed check,145.45,9044.28,2,134.5,1
CUST-000256,Male,0,No,No,19,Yes,No,No,No,No,Yes,Yes,One year,No,Electronic check,18.0,313.54,0,219.0,0
CUST-000257,Female,0,Yes,Yes,6,Yes,No phone service,DSL,No,No,Yes,No,Month-to-month,Yes,Bank transfer,65.71,392.7,1,97.3,1
CUST-000258,Female,0,Yes,No,32,Yes,Yes,Fiber optic,No,No,No internet service,Yes,One year,Yes,Credit card,82.82,2600.4,3,68.4,1
CUST-000259,Female,0,Yes,Yes,52,Yes,No,Fiber optic,No internet service,Yes,No,No,One year,Yes,Mailed check,133.4,6564.45,1,108.4,0
CUST-000260,Female,0,No,Yes,48,Yes,Yes,DSL,No,No,Yes,Yes,Month-to-month,No,Electronic check,60.53,2632.02,1,211.5,0
CUST-000261,Male,0,Yes,Yes,56,No,Yes,DSL,No,No internet service,No,No,Month-to-month,No,Mailed check,83.93,4387.86,2,33.9,1
CUST-000262,Female,1,Yes,No,13,Yes,No,No,No,No,Yes,No internet service,Two year,No,Credit card,18.0,216.76,1,274.0,0
CUST-000263,Female,0,No,No,72,Yes,No,Fiber optic,No,No,No,No,One year,No,Mailed check,49.59,3313.55,1,245.0,0
CUST-000264,Male,1,Yes,Yes,72,Yes,No,No,Yes,Yes,Yes,Yes,One year,Yes,Credit card,132.77,9061.68,0,239.9,0
CUST-000265,Male,0,No,Yes,72,No,Yes,Fiber optic,Yes,No,Yes,No internet service,One year,Yes,Bank transfer,96.51,6538.96,1,217.6,0
CUST-000266,Female,0,No,No,36,Yes,No,DSL,No internet service,No,No internet service,Yes,One year,No,Mailed check,40.05,1254.96,4,187.7,0
CUST-000267,Female,1,Yes,No,22,Yes,No,Fiber optic,Yes,Yes,Yes,No,Two year,Yes,Bank transfer,102.29,2043.34,1,106.5,0
CUST-000268,Male,0,No,No,21,Yes,Yes,Fiber optic,No internet service,No,Yes,Yes,One year,No,Electronic check,63.41,1166.22,2,138.9,0
CUST-000269,Male,0,No,No,6,Yes,Yes,Fiber optic,Yes,Yes,No,No internet service,Month-to-month,Yes,Electronic check,86.5,503.64,0,135.8,1
CUST-000270,Male,1,Yes,No,19,Yes,No,Fiber optic,No,No,No,No internet service,Month-to-month,Yes,Electronic check,51.42,913.08,3,47.9,1
CUST-000271,Male,0,Yes,No,2,No,Yes,Fiber optic,No,No,No,No,Month-to-month,No,Electronic check,71.34,140.45,3,309.4,0
CUST-000272,Male,0,Yes,Yes,5,No,Yes,No,No,Yes,No,Yes,One year,No,Credit card,57.51,249.46,1,68.2,1
CUST-000273,Female,0,Yes,No,36,Yes,Yes,Fiber optic,No,No,No,Yes,Month-to-month,Yes,Electronic check,128.62,4255.21,2,136.0,1
CUST-000274,Male,0,Yes,No,24,Yes,Yes,DSL,No,No,Yes,Yes,One year,Yes,Bank transfer,83.92,1784.65,1,150.2,0
CUST-000275,Male,0,No,No,35,No,Yes,DSL,Yes,No,Yes,Yes,Two year,No,Mailed check,89.16,2709.85,1,208.3,1
CUST-000276,Male,0,Yes,No,50,Yes,No,Fiber optic,Yes,Yes,Yes,No,Month-to-month,Yes,Credit card,94.23,4733.43,2,139.7,0
CUST-000277,Female,0,No,Yes,40,Yes,No,No,No,Yes,No,Yes,Month-to-month,No,Bank transfer,94.69,3318.49,1,114.9,1
CUST-000278,Female,0,No,No,37,Yes,Yes,DSL,No,No,No internet service,No,One year,No,Bank transfer,43.79,1434.02,2,266.6,0
CUST-000279,Male,0,No,No,28,Yes,No phone service,DSL,No internet service,No internet service,Yes,No,Month-to-month,Yes,Credit card,48.02,1241.48,2,474.6,0
CUST-000280,Female,0,No,No,16,No,Yes,No,Yes,No,No,No,One year,Yes,Mailed check,82.23,1195.33,1,370.8,0
CUST-000281,Male,1,No,Yes,9,No,No,DSL,No,No internet service,Yes,No,Month-to-month,Yes,Electronic check,61.63,573.47,1,187.0,0
CUST-000282,Male,1,No,No,20,Yes,No,No,No,No internet service,No,Yes,Month-to-month,Yes,Electronic check,69.58,1458.12,2,28.3,1
CUST-000283,Male,1,Yes,No,28,Yes,No,Fiber optic,No,No internet service,No,No,One year,Yes,Mailed check,90.08,2356.88,2,23.4,0
CUST-000284,Male,1,Yes,Yes,31,No,Yes,Fiber optic,No,No,Yes,No,Month-to-month,Yes,Bank transfer,132.6,3659.46,3,266.6,1
CUST-000285,Female,0,Yes,No,56,Yes,No,DSL,Yes,No,Yes,No,Month-to-month,Yes,Mailed check,109.17,5805.35,1,184.2,0
CUST-000286,Male,0,Yes,No,26,Yes,No,Fiber optic,Yes,No,No,No,Month-to-month,Yes,Bank transfer,76.22,1880.79,2,194.2,0
CUST-000287,Female,0,Yes,No,45,Yes,Yes,DSL,Yes,Yes,No internet service,Yes,Month-to-month,No,Credit card,18.0,764.0,2,206.6,0
CUST-000288,Female,0,No,Yes,7,Yes,Yes,Fiber optic,No,Yes,Yes,Yes,Two year,No,Electronic check,73.66,440.34,2,117.3,0
CUST-000289,Male,1,Yes,No,37,Yes,No,Fiber optic,Yes,No internet service,No,No,Month-to-month,No,Mailed check,68.09,2206.15,1,178.7,1
CUST-000290,Female,0,No,Yes,35,Yes,Yes,No,Yes,No,No,Yes,Month-to-month,Yes,Electronic check,94.95,2918.56,2,228.1,1
CUST-000291,Female,0,No,No,72,No,Yes,Fiber optic,No,No internet service,No,Yes,Month-to-month,No,Electronic check,122.61,8125.12,1,325.6,1
CUST-000292,Female,0,Yes,No,25,No,Yes,Fiber optic,No,Yes,No internet service,No,Month-to-month,Yes,Mailed check,64.07,1547.49,2,329.4,1
CUST-000293,Male,0,Yes,Yes,24,Yes,No,DSL,No,Yes,No,No,Month-to-month,No,Electronic check,47.36,1165.82,1,245.0,1
CUST-000294,Female,0,No,Yes,50,Yes,No,DSL,No internet service,Yes,No internet service,Yes,One year,Yes,Electronic check,25.63,1146.51,2,137.9,0
CUST-000295,Male,0,Yes,Yes,10,Yes,No,No,No,No,No,No,Month-to-month,Yes,Electronic check,74.03,743.45,0,198.2,1
CUST-000296,Female,0,Yes,No,36,Yes,No,Fiber optic,Yes,Yes,Yes,No internet service,One year,Yes,Bank transfer,93.65,3018.3,0,290.6,0
CUST-000297,Female,1,Yes,No,10,Yes,Yes,No,Yes,No,Yes,No internet service,Month-to-month,No,Bank transfer,93.67,802.34,1,348.9,0
CUST-000298,Female,0,Yes,No,72,No,Yes,DSL,Yes,No,No,No,Month-to-month,Yes,Credit card,84.91,5991.35,2,297.7,1
CUST-000299,Female,0,No,Yes,21,Yes,No,No,Yes,Yes,Yes,No internet service,Month-to-month,No,Credit card,88.31,1655.87,1,133.1,1
CUST-000300,Male,0,Yes,No,9,Yes,Yes,Fiber optic,No internet service,Yes,No,No internet service,One year,Yes,Bank transfer,48.74,453.54,0,285.8,0
CUST-000301,Female,0,Yes,No,19,Yes,No,Fiber optic,Yes,No,No,Yes,Two year,No,Credit card,76.21,1501.11,0,127.3,1
CUST-000302,Male,0,No,Yes,36,Yes,No,DSL,No,No internet service,No,Yes,Month-to-month,Yes,Electronic check,98.47,3087.55,1,277.6,1
CUST-000303,Male,0,No,No,44,Yes,No,DSL,Yes,No,No,Yes,Two year,No,Credit card,53.84,2105.98,0,296.6,0
CUST-000304,Female,0,Yes,No,70,Yes,Yes,Fiber optic,Yes,No,Yes,Yes,Month-to-month,No,Bank transfer,46.17,2883.31,3,254.5,0
CUST-000305,Female,0,Yes,Yes,18,Yes,Yes,DSL,No,No,No internet service,No,One year,Yes,Credit card,94.24,1751.08,0,129.4,0
CUST-000306,Male,1,Yes,No,51,Yes,No,DSL,No internet service,No internet service,Yes,No,One year,No,Electronic check,52.68,2325.69,0,84.8,0
CUST-000307,Female,0,No,No,5,Yes,Yes,Fiber optic,Yes,No,No,Yes,Month-to-month,Yes,Bank transfer,126.88,634.54,1,152.2,1
CUST-000308,Female,1,Yes,No,12,Yes,Yes,DSL,No,Yes,No,No,Month-to-month,No,Electronic check,69.45,756.32,3,234.5,0
CUST-000309,Female,0,No,No,8,Yes,Yes,Fiber optic,Yes,Yes,Yes,Yes,Month-to-month,Yes,Bank transfer,86.68,670.23,1,106.9,1
CUST-000310,Male,1,Yes,No,15,Yes,No,No,No,No,No,Yes,One year,Yes,Electronic check,110.9,1472.9,1,19.8,1
CUST-000311,Female,1,No,Yes,50,Yes,No phone service,DSL,No internet service,Yes,Yes,Yes,Month-to-month,No,Credit card,30.92,1563.5,0,310.4,0
CUST-000312,Female,0,Yes,No,18,No,No,DSL,Yes,No internet service,Yes,Yes,Two year,No,Credit card,113.03,2002.24,0,65.6,0
CUST-000313,Male,0,Yes,No,21,Yes,Yes,No,No,No,Yes,No,Month-to-month,Yes,Mailed check,50.82,911.64,2,198.9,0
CUST-000314,Male,0,No,No,37,Yes,No,DSL,No,No,No,Yes,Two year,No,Credit card,74.87,2486.08,0,213.8,0
CUST-000315,Female,0,No,No,42,Yes,Yes,Fiber optic,Yes,No internet service,Yes,No internet service,Month-to-month,No,Electronic check,100.15,3967.86,2,109.1,1
CUST-000316,Female,1,No,No,21,Yes,Yes,DSL,Yes,No,No internet service,No internet service,One year,Yes,Bank transfer,57.19,1148.36,1,164.1,0
CUST-000317,Female,0,Yes,No,12,Yes,No phone service,No,Yes,No internet service,Yes,Yes,Month-to-month,No,Credit card,47.14,574.38,0,321.0,1
CUST-000318,Male,1,No,No,72,Yes,No phone service,Fiber optic,No,No,No internet service,No internet service,Month-to-month,Yes,Credit card,83.91,5602.55,2,24.9,1
CUST-000319,Male,0,No,No,22,Yes,No,DSL,Yes,Yes,No,No,Month-to-month,Yes,Mailed check,39.56,901.17,1,278.5,1
CUST-000320,Female,0,Yes,No,23,Yes,Yes,Fiber optic,No,Yes,No,No,One year,No,Electronic check,153.86,3145.16,0,183.4,1
CUST-000321,Male,0,Yes,Yes,26,Yes,Yes,No,Yes,Yes,No internet service,Yes,Month-to-month,Yes,Electronic check,55.57,1475.84,2,107.1,1
CUST-000322,Male,0,No,No,46,Yes,Yes,DSL,No,No internet service,No,No,One year,Yes,Electronic check,104.77,4968.07,2,214.3,0
CUST-000323,Female,0,No,No,7,Yes,No,No,Yes,No internet service,No,No internet service,Two year,No,Electronic check,100.82,688.3,0,141.2,1
CUST-000324,Female,0,No,No,72,Yes,Yes,DSL,Yes,No,No,Yes,Month-to-month,Yes,Bank transfer,80.89,6077.3,2,192.7,0
CUST-000325,Female,1,Yes,No,23,Yes,Yes,Fiber optic,Yes,No,No internet service,No internet service,Month-to-month,No,Mailed check,90.93,1949.41,1,250.6,0
CUST-000326,Male,0,No,No,47,Yes,No phone service,DSL,No,Yes,Yes,No,Month-to-month,No,Electronic check,75.81,3527.09,3,258.0,1
CUST-000327,Female,0,No,No,9,Yes,No phone service,No,Yes,No,No,Yes,Month-to-month,Yes,Electronic check,87.17,668.4,2,141.8,1
CUST-000328,Female,1,No,No,34,Yes,Yes,Fiber optic,No,Yes,No,No,Month-to-month,No,Electronic check,98.01,3015.68,1,251.2,0
CUST-000329,Female,1,Yes,No,72,Yes,No,Fiber optic,No,Yes,No internet service,Yes,One year,No,Bank transfer,48.0,3328.9,0,361.0,0
CUST-000330,Male,0,Yes,No,72,No,No,DSL,No,No internet service,Yes,No,Month-to-month,Yes,Electronic check,18.0,1328.64,1,72.1,0
CUST-000331,Female,0,No,No,46,Yes,No phone service,DSL,Yes,No,No,Yes,Month-to-month,Yes,Bank transfer,115.27,5517.6,1,106.3,0
CUST-000332,Female,1,No,No,14,Yes,No,Fiber optic,No internet service,No,Yes,No,One year,No,Electronic check,18.0,243.4,1,46.9,0
CUST-000333,Female,0,Yes,No,68,Yes,Yes,Fiber optic,Yes,No,No,Yes,Month-to-month,Yes,Credit card,100.87,7004.44,0,338.8,1
CUST-000334,Female,0,Yes,No,5,Yes,No,Fiber optic,No,Yes,Yes,No internet service,One year,Yes,Bank transfer,87.95,444.08,2,181.6,0
CUST-000335,Male,1,No,Yes,14,No,No,DSL,No,No,No internet service,Yes,Two year,Yes,Mailed check,74.82,1052.5,0,162.9,0
CUST-000336,Female,0,Yes,No,28,Yes,Yes,DSL,No,No internet service,Yes,No,Month-to-month,Yes,Electronic check,35.8,874.41,0,232.2,1
CUST-000337,Male,0,No,No,6,Yes,No,DSL,No,No,No internet service,Yes,Month-to-month,No,Bank transfer,80.52,456.9,1,262.2,1
CUST-000338,Male,0,No,No,19,Yes,No,No,Yes,Yes,No,No,Two year,Yes,Credit card,76.18,1371.08,0,198.3,0
CUST-000339,Male,0,No,No,52,Yes,No phone service,Fiber optic,No,No internet service,No internet service,Yes,One year,Yes,Mailed check,177.83,9316.45,2,304.7,1
CUST-000340,Female,0,Yes,No,16,Yes,Yes,DSL,No internet service,No,Yes,No,One year,No,Mailed check,73.9,1143.63,1,169.3,1
CUST-000341,Female,0,Yes,Yes,54,Yes,No,Fiber optic,No,No internet service,No internet service,Yes,One year,Yes,Mailed check,135.45,7416.32,0,72.1,0
CUST-000342,Male,1,No,No,72,Yes,No,Fiber optic,Yes,No internet service,No,No internet service,Month-to-month,Yes,Bank transfer,50.04,3751.6,1,314.3,0
CUST-000343,Female,1,No,Yes,40,Yes,Yes,DSL,No,No internet service,Yes,No,Month-to-month,Yes,Credit card,100.6,3866.9,2,162.5,0
CUST-000344,Female,0,Yes,No,53,Yes,No,DSL,No,No,No internet service,No internet service,One year,No,Mailed check,76.79,4103.73,1,29.4,0
CUST-000345,Female,0,No,No,70,Yes,No,No,No,No internet service,Yes,Yes,One year,No,Electronic check,78.09,5259.34,2,0.0,1
CUST-000346,Male,1,Yes,No,21,Yes,No,Fiber optic,No,No internet service,Yes,Yes,One year,No,Mailed check,103.51,2119.61,0,44.4,0
CUST-000347,Female,0,No,No,52,Yes,No phone service,Fiber optic,No,No internet service,Yes,No,Month-to-month,No,Bank transfer,146.19,7185.31,0,120.6,1
CUST-000348,Female,0,Yes,No,21,Yes,No,Fiber optic,No,No,No,No,Two year,Yes,Credit card,102.65,2246.08,0,180.3,1
CUST-000349,Female,0,Yes,No,38,No,No,DSL,No,Yes,No,No internet service,Month-to-month,Yes,Bank transfer,46.48,1789.97,0,206.0,0
CUST-000350,Male,0,Yes,Yes,58,No,Yes,Fiber optic,No internet service,No internet service,Yes,Yes,Month-to-month,No,Credit card,76.52,4439.99,2,41.9,0
CUST-000351,Female,0,No,No,15,Yes,No,No,No internet service,Yes,No,No,Month-to-month,No,Mailed check,94.51,1298.5,2,148.9,1
CUST-000352,Male,0,Yes,No,2,Yes,No,DSL,No internet service,No,No internet service,No,Month-to-month,No,Electronic check,83.42,158.02,0,119.6,1
CUST-000353,Male,0,No,No,13,Yes,No,DSL,No internet service,No,No,No internet service,One year,No,Electronic check,24.09,320.19,3,214.9,1
CUST-000354,Male,0,No,No,64,Yes,Yes,DSL,Yes,No,No internet service,No internet service,Month-to-month,Yes,Electronic check,85.44,5671.95,1,253.6,0
CUST-000355,Female,0,No,Yes,12,Yes,No,Fiber optic,No,Yes,Yes,Yes,One year,Yes,Mailed check,62.53,787.51,1,321.6,0
CUST-000356,Male,0,No,Yes,62,Yes,No,DSL,No,Yes,No,Yes,Month-to-month,Yes,Credit card,83.15,5139.11,1,302.3,0
CUST-000357,Female,0,Yes,No,13,Yes,No,DSL,No,Yes,No,No,Month-to-month,No,Mailed check,45.83,593.55,2,56.0,1
CUST-000358,Female,1,No,No,25,Yes,No,No,No,No internet service,No,No,Month-to-month,Yes,Mailed check,61.56,1336.95,1,194.4,1
CUST-000359,Male,0,Yes,No,30,Yes,Yes,DSL,No internet service,No,Yes,No internet service,Month-to-month,No,Mailed check,53.66,1610.17,1,155.3,1
CUST-000360,Female,0,No,Yes,12,Yes,No,Fiber optic,No,No,No,Yes,One year,Yes,Credit card,140.57,1550.76,0,164.3,1
CUST-000361,Male,0,Yes,Yes,25,Yes,No,Fiber optic,No,Yes,Yes,No,Month-to-month,No,Mailed check,107.06,2737.74,0,171.5,0
CUST-000362,Female,0,No,No,6,Yes,No,Fiber optic,No internet service,Yes,Yes,No internet service,Month-to-month,Yes,Bank transfer,132.83,679.24,1,323.2,0
CUST-000363,Male,1,No,No,23,Yes,No,No,No,No,No,Yes,Month-to-month,Yes,Credit card,156.86,3740.74,0,242.7,0
CUST-000364,Female,0,No,No,28,Yes,Yes,DSL,Yes,Yes,No,Yes,Month-to-month,No,Bank transfer,71.4,1892.91,1,183.9,1
CUST-000365,Female,0,No,No,2,Yes,No,No,No,Yes,No internet service,Yes,Month-to-month,Yes,Mailed check,115.06,201.49,0,192.6,1
CUST-000366,Female,0,Yes,No,13,Yes,Yes,No,No internet service,No internet service,Yes,Yes,Two year,Yes,Mailed check,49.02,618.22,1,69.6,0
CUST-000367,Female,0,Yes,No,37,Yes,Yes,Fiber optic,No,No,No internet service,Yes,Month-to-month,No,Bank transfer,132.65,4851.02,1,236.9,1
CUST-000368,Female,1,Yes,Yes,11,Yes,No,DSL,Yes,Yes,No,No,Month-to-month,Yes,Mailed check,45.77,506.52,2,156.3,1
CUST-000369,Male,1,No,No,42,No,No,DSL,Yes,No,No,No,Two year,Yes,Bank transfer,69.45,2888.71,1,108.0,0
CUST-000370,Male,0,Yes,No,45,Yes,Yes,Fiber optic,No,Yes,Yes,Yes,One year,No,Bank transfer,111.11,4803.17,1,62.3,0
CUST-000371,Female,0,Yes,No,37,Yes,No,DSL,No,No,No internet service,Yes,Month-to-month,Yes,Credit card,90.83,2911.58,2,351.8,0
CUST-000372,Male,0,Yes,No,52,Yes,No phone service,DSL,No internet service,No,No,No,One year,No,Credit card,31.82,1692.18,0,135.6,0
CUST-000373,Male,0,No,No,6,Yes,Yes,No,Yes,No,Yes,No,Two year,No,Electronic check,43.99,276.26,1,258.9,0
CUST-000374,Male,0,No,No,60,Yes,No,Fiber optic,No internet service,Yes,No,Yes,Month-to-month,No,Credit card,113.34,6838.7,2,209.2,1
CUST-000375,Male,0,No,No,12,No,No phone service,No,No internet service,No,No,Yes,Month-to-month,No,Electronic check,58.97,606.4,0,291.7,0
CUST-000376,Male,1,Yes,No,32,Yes,No phone service,No,No,No,No internet service,Yes,Two year,Yes,Electronic check,28.08,899.57,1,34.5,0
CUST-000377,Female,1,No,No,72,Yes,No,No,No,No,No internet service,Yes,One year,Yes,Electronic check,67.87,4417.22,2,297.6,1
CUST-000378,Female,0,Yes,Yes,22,Yes,No,Fiber optic,Yes,No,No,No internet service,Two year,Yes,Mailed check,91.43,2096.81,3,316.0,0
CUST-000379,Male,0,No,No,30,Yes,Yes,Fiber optic,Yes,No,No,Yes,Month-to-month,No,Mailed check,100.31,2596.06,2,92.3,1
CUST-000380,Female,1,No,Yes,12,Yes,No,DSL,Yes,No internet service,No,Yes,Two year,No,Credit card,85.88,894.96,1,250.5,0
CUST-000381,Male,0,Yes,Yes,72,Yes,No phone service,Fiber optic,Yes,No,Yes,Yes,Month-to-month,No,Mailed check,108.97,6953.54,1,93.9,1
CUST-000382,Male,0,No,No,13,Yes,Yes,Fiber optic,Yes,No,No,No internet service,One year,Yes,Electronic check,71.95,936.0,1,149.5,0
CUST-000383,Female,0,Yes,No,47,Yes,Yes,DSL,No,No,No,No,Two year,No,Bank transfer,57.68,2657.28,1,88.6,0
CUST-000384,Male,0,Yes,No,69,Yes,Yes,Fiber optic,Yes,No,No,No,Month-to-month,No,Mailed check,122.83,8436.94,2,228.1,1
CUST-000385,Male,0,Yes,No,51,No,No,Fiber optic,No internet service,Yes,Yes,No,Month-to-month,No,Credit card,78.7,3695.93,1,150.8,0
CUST-000386,Female,0,Yes,Yes,39,Yes,Yes,No,No internet service,Yes,Yes,No,One year,No,Electronic check,58.15,2326.51,3,177.7,0
CUST-000387,Male,0,Yes,Yes,32,Yes,No,Fiber optic,No,No,Yes,No internet service,Two year,Yes,Bank transfer,49.87,1498.95,1,87.0,0
CUST-000388,Male,0,Yes,Yes,9,Yes,No,No,No internet service,Yes,No,Yes,Month-to-month,Yes,Electronic check,69.14,545.61,1,260.6,1
CUST-000389,Male,0,No,Yes,72,Yes,No,Fiber optic,No,No internet service,No,No,Two year,Yes,Mailed check,105.36,7612.3,1,157.1,0
CUST-000390,Female,0,No,No,36,No,No,Fiber optic,No internet service,Yes,No internet service,No,Month-to-month,Yes,Mailed check,35.74,1229.74,1,189.2,0
CUST-000391,Female,0,No,No,30,Yes,No,Fiber optic,No,No,No,No,Month-to-month,No,Credit card,62.89,1827.69,1,129.6,1
CUST-000392,Female,0,Yes,Yes,11,Yes,No,Fiber optic,Yes,No,No,No internet service,Month-to-month,Yes,Electronic check,52.35,533.81,3,23.9,0
CUST-000393,Female,1,No,No,31,Yes,No,Fiber optic,No,No internet service,Yes,No,Two year,Yes,Mailed check,118.65,3649.27,1,95.2,0
CUST-000394,Female,0,No,No,29,Yes,No,No,No,Yes,No,No,Month-to-month,No,Electronic check,18.0,447.41,1,157.8,0
CUST-000395,Female,0,Yes,No,72,Yes,No,No,No internet service,No,No internet service,Yes,One year,No,Electronic check,67.64,4617.94,0,163.4,0
CUST-000396,Male,0,No,No,30,Yes,No,Fiber optic,No,No,No,No internet service,Month-to-month,Yes,Electronic check,116.54,3270.34,1,314.4,1
CUST-000397,Female,0,No,No,31,Yes,Yes,Fiber optic,No,No,No,Yes,Two year,Yes,Mailed check,100.63,3117.48,1,318.4,0
CUST-000398,Female,0,No,Yes,11,Yes,No,DSL,No,Yes,Yes,No,One year,Yes,Bank transfer,56.8,564.32,1,240.7,0
CUST-000399,Male,1,Yes,No,16,Yes,Yes,DSL,No internet service,Yes,Yes,Yes,Month-to-month,Yes,Credit card,80.39,1153.48,4,357.4,1
CUST-000400,Female,1,Yes,No,44,Yes,No,Fiber optic,No,No internet service,No,No,Month-to-month,No,Mailed check,126.11,5071.42,1,135.7,1
CUST-000401,Male,0,Yes,No,5,Yes,No phone service,Fiber optic,No,No,No internet service,No,Month-to-month,No,Credit card,91.77,434.13,3,241.1,1
CUST-000402,Male,0,No,No,60,Yes,No,Fiber optic,Yes,Yes,No,No,Month-to-month,Yes,Electronic check,27.83,1489.52,3,211.1,1
CUST-000403,Male,0,No,No,61,No,No,DSL,No internet service,No,No internet service,No,Two year,Yes,Electronic check,104.43,6286.53,1,218.2,0
CUST-000404,Female,0,Yes,No,14,Yes,No,Fiber optic,No internet service,No,No,No,One year,No,Mailed check,107.01,1372.75,0,95.8,1
CUST-000405,Female,0,Yes,No,39,Yes,No,DSL,No,Yes,No,No,Month-to-month,Yes,Electronic check,69.01,2514.5,1,187.1,1
CUST-000406,Male,0,Yes,No,71,Yes,Yes,Fiber optic,No internet service,No,No,No,One year,No,Electronic check,35.59,2429.57,2,142.1,0
CUST-000407,Female,0,No,No,27,Yes,Yes,Fiber optic,No,Yes,Yes,No,Month-to-month,No,Credit card,86.05,2149.99,0,81.8,1
CUST-000408,Female,0,Yes,No,23,Yes,No phone service,DSL,No,No,No internet service,No,Month-to-month,No,Mailed check,43.74,996.11,3,226.0,0
CUST-000409,Female,0,Yes,No,26,No,No,Fiber optic,No internet service,Yes,No,No internet service,Month-to-month,No,Mailed check,58.51,1492.76,2,25.1,0
CUST-000410,Female,0,No,No,36,Yes,No,No,No,No,No,No,Month-to-month,No,Electronic check,65.91,2375.88,0,291.8,1
CUST-000411,Female,0,Yes,No,18,Yes,Yes,DSL,No,No,No internet service,No,One year,Yes,Electronic check,53.92,926.51,0,185.5,0
CUST-000412,Male,1,No,Yes,22,Yes,Yes,No,No internet service,Yes,Yes,Yes,Month-to-month,No,Electronic check,55.9,1135.64,2,77.2,0
CUST-000413,Male,0,Yes,No,37,Yes,No,DSL,No internet service,No,No,Yes,One year,No,Electronic check,92.19,3036.55,1,150.7,0
CUST-000414,Female,0,No,Yes,20,Yes,Yes,Fiber optic,No,No,Yes,No internet service,Month-to-month,No,Electronic check,102.67,1924.76,1,177.3,1
CUST-000415,Female,0,No,No,10,No,Yes,Fiber optic,Yes,No,Yes,No internet service,One year,Yes,Electronic check,80.13,821.06,1,276.6,0
CUST-000416,Male,0,Yes,Yes,4,No,No,DSL,No,No internet service,No internet service,Yes,Month-to-month,Yes,Electronic check,51.33,179.49,1,301.9,1
CUST-000417,Male,0,Yes,No,31,Yes,Yes,DSL,Yes,No,Yes,Yes,Month-to-month,Yes,Credit card,56.35,1560.19,0,163.3,1
CUST-000418,Female,0,No,No,68,Yes,No,Fiber optic,No,No,No internet service,No,Month-to-month,No,Mailed check,87.58,5854.27,1,172.7,0
CUST-000419,Female,0,No,Yes,40,Yes,Yes,Fiber optic,No,No,No,No internet service,Month-to-month,Yes,Mailed check,112.52,4343.29,2,350.0,1
CUST-000420,Female,0,Yes,Yes,11,Yes,No,Fiber optic,No internet service,No,No,No,Month-to-month,Yes,Mailed check,63.72,724.25,1,36.4,0
CUST-000421,Male,0,No,No,16,Yes,No,Fiber optic,No,No,No internet service,Yes,Month-to-month,Yes,Credit card,138.75,1899.93,1,48.7,1
CUST-000422,Female,1,Yes,No,23,Yes,Yes,Fiber optic,No,No,No,No,One year,Yes,Mailed check,112.54,2655.03,3,309.8,1
CUST-000423,Male,0,No,No,72,Yes,No,DSL,No,Yes,Yes,No internet service,Month-to-month,Yes,Mailed check,18.0,1289.65,0,160.5,0
CUST-000424,Male,0,No,No,72,No,No,No,No,No,No,Yes,One year,Yes,Electronic check,72.56,5251.02,0,240.9,0
CUST-000425,Female,1,Yes,No,72,Yes,No,Fiber optic,No,Yes,No,Yes,One year,No,Credit card,126.22,8413.06,2,308.2,0
CUST-000426,Female,0,No,Yes,33,Yes,Yes,Fiber optic,Yes,Yes,No,No internet service,Month-to-month,No,Electronic check,106.66,3208.19,2,8.1,1
CUST-000427,Male,1,Yes,Yes,72,Yes,No,Fiber optic,No,No,No internet service,No,One year,No,Bank transfer,82.63,5074.05,1,296.8,0
CUST-000428,Male,1,No,No,16,Yes,No,Fiber optic,Yes,No internet service,No,No,Month-to-month,No,Electronic check,93.17,1501.83,1,247.6,1
CUST-000429,Female,0,Yes,Yes,22,Yes,Yes,DSL,No internet service,No internet service,No,Yes,One year,No,Electronic check,75.35,1462.6,0,47.1,0
CUST-000430,Male,0,No,No,56,Yes,Yes,Fiber optic,Yes,No,Yes,No,One year,No,Electronic check,118.09,5920.05,0,132.9,0
CUST-000431,Female,1,No,No,37,Yes,No phone service,No,No internet service,Yes,Yes,No,One year,No,Bank transfer,27.55,922.73,1,183.5,0
CUST-000432,Male,0,No,No,39,Yes,Yes,No,Yes,No,Yes,Yes,Month-to-month,Yes,Bank transfer,51.85,2070.53,0,238.8,0
CUST-000433,Female,0,Yes,No,12,Yes,No,DSL,No,No internet service,No internet service,No,One year,Yes,Bank transfer,119.16,1297.74,2,86.8,0
CUST-000434,Male,0,Yes,No,29,Yes,No phone service,No,No,No internet service,Yes,No internet service,Month-to-month,Yes,Electronic check,70.99,1925.13,2,250.0,0
CUST-000435,Male,1,No,No,17,No,No,DSL,No,No internet service,No internet service,No internet service,Month-to-month,No,Bank transfer,115.84,1968.18,0,188.1,1
CUST-000436,Male,0,Yes,Yes,8,Yes,Yes,No,No,No,No,Yes,Month-to-month,No,Electronic check,159.57,1312.87,1,104.1,1
CUST-000437,Female,0,No,Yes,18,Yes,Yes,Fiber optic,No,No,No,Yes,Month-to-month,No,Electronic check,80.24,1456.2,3,131.8,1
CUST-000438,Female,0,No,No,37,Yes,Yes,No,No,No,No internet service,No,One year,Yes,Credit card,34.08,1206.9,3,224.0,0
CUST-000439,Female,0,No,Yes,50,Yes,Yes,Fiber optic,No,No,Yes,No,Two year,No,Mailed check,87.03,3700.84,1,124.5,0
CUST-000440,Female,0,Yes,No,4,No,No,Fiber optic,No,No,Yes,No internet service,Month-to-month,Yes,Bank transfer,127.97,451.26,3,149.5,1
CUST-000441,Male,0,Yes,No,30,Yes,No,No,No,No,Yes,No,One year,Yes,Electronic check,107.17,2895.82,0,147.5,0
CUST-000442,Male,0,Yes,No,28,Yes,No,Fiber optic,No,No,No internet service,No,One year,No,Electronic check,163.16,4261.25,1,32.4,0
CUST-000443,Female,0,No,No,36,Yes,No,Fiber optic,No,No internet service,No,No,Two year,No,Credit card,93.9,3118.07,1,132.1,0
CUST-000444,Female,0,Yes,No,11,Yes,Yes,Fiber optic,Yes,Yes,No,No,One year,Yes,Electronic check,109.64,1149.23,2,158.6,0
CUST-000445,Female,0,No,Yes,11,Yes,Yes,Fiber optic,No,Yes,No,Yes,Month-to-month,Yes,Mailed check,73.65,755.36,3,180.9,1
CUST-000446,Female,0,No,No,69,No,No,Fiber optic,No,Yes,No,No,Month-to-month,Yes,Credit card,19.79,1359.0,2,242.9,0
CUST-000447,Male,1,No,No,15,Yes,No,Fiber optic,Yes,No,No,No,One year,Yes,Credit card,93.81,1210.78,0,97.0,1
CUST-000448,Female,0,No,No,21,Yes,No,DSL,Yes,No internet service,No internet service,Yes,Month-to-month,Yes,Electronic check,35.39,779.51,1,263.5,1
CUST-000449,Male,0,No,No,23,Yes,No phone service,No,Yes,No,No,Yes,Two year,Yes,Electronic check,89.3,2092.14,0,145.1,0
CUST-000450,Female,1,Yes,Yes,17,Yes,No,Fiber optic,No internet service,No,No,Yes,Two year,Yes,Electronic check,38.56,601.08,1,172.7,0
CUST-000451,Female,0,No,No,43,Yes,No phone service,No,No,No,No,Yes,Two year,No,Bank transfer,47.82,1911.01,0,34.4,0
CUST-000452,Female,0,No,No,40,No,No phone service,DSL,Yes,Yes,Yes,Yes,Month-to-month,No,Bank transfer,78.03,3254.62,1,84.7,0
CUST-000453,Male,0,No,No,27,Yes,No,DSL,No internet service,No,No internet service,No,One year,Yes,Bank transfer,81.17,2273.06,0,262.9,0
CUST-000454,Male,0,Yes,No,18,No,No,DSL,No,No,Yes,No,One year,Yes,Electronic check,68.58,1146.29,1,93.8,1
CUST-000455,Female,1,No,Yes,25,Yes,Yes,No,No,No,Yes,No internet service,Month-to-month,No,Mailed check,126.02,2715.5,1,87.1,0
CUST-000456,Female,1,Yes,No,32,Yes,No,Fiber optic,No internet service,No,Yes,Yes,Month-to-month,Yes,Electronic check,142.08,4763.08,2,185.2,0
CUST-000457,Male,0,No,No,16,Yes,No,DSL,No,No internet service,No internet service,No internet service,Month-to-month,Yes,Credit card,49.47,776.29,3,240.6,1
CUST-000458,Male,0,Yes,No,45,Yes,No,No,No,No,No,No,Month-to-month,Yes,Electronic check,118.28,5262.03,0,166.6,0
CUST-000459,Female,0,No,No,59,Yes,Yes,DSL,No,Yes,Yes,No,Two year,Yes,Electronic check,122.87,6559.85,2,4.1,0
CUST-000460,Female,0,Yes,No,72,No,Yes,Fiber optic,Yes,No,Yes,Yes,Two year,Yes,Bank transfer,91.28,6662.68,1,54.7,0
CUST-000461,Male,0,Yes,No,72,Yes,Yes,DSL,No,No internet service,Yes,Yes,Month-to-month,Yes,Credit card,71.36,4940.24,0,300.2,0
CUST-000462,Male,0,No,No,23,Yes,No phone service,DSL,No,No internet service,Yes,Yes,Month-to-month,Yes,Mailed check,68.48,1486.88,0,237.1,1
CUST-000463,Male,0,No,No,33,Yes,No,Fiber optic,Yes,No internet service,Yes,Yes,Month-to-month,Yes,Electronic check,75.65,2492.06,4,34.1,1
CUST-000464,Female,0,Yes,Yes,26,Yes,No,DSL,No,No,No,Yes,Month-to-month,No,Bank transfer,53.63,1288.94,1,154.5,1
CUST-000465,Female,0,No,No,26,Yes,No,No,No,No internet service,Yes,Yes,Month-to-month,Yes,Credit card,109.58,2666.39,0,341.7,0
CUST-000466,Female,0,No,No,25,Yes,Yes,DSL,Yes,No,No internet service,No internet service,One year,Yes,Mailed check,83.12,2037.44,0,179.4,0
CUST-000467,Female,0,No,Yes,30,Yes,No phone service,Fiber optic,No internet service,No,Yes,No internet service,One year,Yes,Credit card,78.37,2299.31,0,114.7,0
CUST-000468,Male,0,Yes,No,66,Yes,Yes,DSL,Yes,No,No internet service,Yes,Two year,Yes,Credit card,42.22,2909.8,0,50.2,0
CUST-000469,Female,0,No,No,38,Yes,Yes,DSL,No internet service,No,No internet service,No,Two year,Yes,Electronic check,47.26,1728.54,2,140.6,0
CUST-000470,Male,0,Yes,Yes,10,Yes,No,Fiber optic,No,No,Yes,Yes,Month-to-month,No,Electronic check,90.08,823.55,3,251.2,1
CUST-000471,Male,1,No,No,58,Yes,Yes,DSL,Yes,No,Yes,No internet service,One year,Yes,Electronic check,97.4,5126.32,0,366.8,0
CUST-000472,Female,0,Yes,No,35,Yes,Yes,Fiber optic,No,No internet service,No,No,Month-to-month,No,Electronic check,69.2,2317.3,1,297.1,0
CUST-000473,Female,0,No,No,43,Yes,No,No,No,No internet service,No internet service,No internet service,Month-to-month,Yes,Mailed check,97.05,3647.01,1,220.8,1
CUST-000474,Female,0,Yes,Yes,37,Yes,No,DSL,Yes,No internet service,No,No,Month-to-month,Yes,Electronic check,75.91,2717.68,1,170.5,1
CUST-000475,Female,0,Yes,Yes,39,Yes,No,No,No,Yes,Yes,No,Month-to-month,Yes,Bank transfer,74.29,2688.68,1,80.1,0
CUST-000476,Female,0,No,Yes,40,Yes,No phone service,DSL,No,Yes,Yes,Yes,Month-to-month,Yes,Mailed check,100.77,3710.09,1,157.7,0
CUST-000477,Male,0,No,Yes,5,Yes,Yes,Fiber optic,Yes,No internet service,No,Yes,Month-to-month,Yes,Credit card,120.3,534.43,0,20.1,1
CUST-000478,Female,0,No,No,43,No,Yes,DSL,No,No internet service,Yes,No,Month-to-month,No,Bank transfer,27.86,1137.16,1,257.4,0
CUST-000479,Male,0,No,No,16,Yes,No,Fiber optic,Yes,Yes,Yes,No,Two year,Yes,Mailed check,62.48,857.25,2,196.6,1
CUST-000480,Female,0,Yes,No,20,Yes,No,DSL,No,No,Yes,No internet service,Month-to-month,Yes,Electronic check,63.11,1226.24,1,169.7,0
CUST-000481,Male,0,No,No,30,Yes,No,Fiber optic,No,Yes,No,No,Month-to-month,Yes,Mailed check,105.68,2875.88,2,52.2,0
CUST-000482,Male,0,Yes,Yes,72,Yes,Yes,DSL,No,No internet service,No,Yes,Two year,No,Mailed check,110.94,8235.21,2,209.2,0
CUST-000483,Male,0,Yes,No,12,Yes,Yes,DSL,No,No,No internet service,No,One year,Yes,Bank transfer,71.95,824.81,1,157.0,0
CUST-000484,Female,0,Yes,No,29,Yes,Yes,Fiber optic,No,No,Yes,Yes,Month-to-month,No,Electronic check,146.11,4263.14,2,219.7,1
CUST-000485,Female,1,Yes,Yes,24,Yes,Yes,Fiber optic,No internet service,Yes,No,No,Two year,Yes,Electronic check,73.8,1807.04,1,176.4,0
CUST-000486,Male,0,Yes,No,57,No,Yes,Fiber optic,No,Yes,No internet service,Yes,Month-to-month,Yes,Bank transfer,78.87,4611.72,1,271.1,1
CUST-000487,Female,0,Yes,No,24,Yes,No,Fiber optic,No internet service,No internet service,No internet service,No,Month-to-month,No,Mailed check,85.83,2109.61,2,0.0,0
CUST-000488,Female,1,No,No,35,Yes,No,Fiber optic,No,No,Yes,Yes,Month-to-month,Yes,Mailed check,70.48,2208.12,2,201.6,1
CUST-000489,Male,0,No,No,12,Yes,No,No,No,Yes,No,No,Month-to-month,Yes,Mailed check,104.78,1145.05,0,258.0,1
CUST-000490,Female,0,Yes,No,64,Yes,Yes,No,No internet service,Yes,No internet service,No,One year,Yes,Mailed check,18.0,1142.31,1,198.4,0
CUST-000491,Male,0,Yes,No,8,No,Yes,No,No internet service,No,No,Yes,Month-to-month,No,Mailed check,54.89,420.49,1,177.6,0
CUST-000492,Female,0,Yes,No,42,Yes,No,Fiber optic,No internet service,No internet service,No internet service,Yes,One year,Yes,Credit card,129.45,5283.79,3,303.0,0
CUST-000493,Male,0,No,No,36,Yes,Yes,Fiber optic,No,No,No internet service,Yes,One year,No,Electronic check,85.63,3038.14,1,73.5,1
CUST-000494,Male,0,Yes,No,40,Yes,No,DSL,No,No,Yes,No internet service,Two year,Yes,Electronic check,102.19,3567.74,3,68.3,0
CUST-000495,Female,0,No,Yes,8,No,No,DSL,Yes,No internet service,Yes,No internet service,Month-to-month,No,Electronic check,135.93,960.93,0,179.9,1
CUST-000496,Female,0,Yes,Yes,24,Yes,No,DSL,Yes,No,No,No,Month-to-month,No,Credit card,72.41,1698.89,2,249.8,1
CUST-000497,Female,0,No,No,55,Yes,Yes,DSL,No,No internet service,No,No internet service,Two year,Yes,Electronic check,105.07,5634.7,0,206.6,0
CUST-000498,Female,0,No,No,72,Yes,Yes,DSL,No,No,Yes,Yes,One year,Yes,Electronic check,142.57,10403.78,0,291.9,0
CUST-000499,Female,0,Yes,No,28,Yes,Yes,DSL,Yes,Yes,No internet service,Yes,Month-to-month,Yes,Credit card,82.06,2271.92,1,329.4,0
CUST-000500,Female,0,No,No,52,Yes,No,No,Yes,No internet service,Yes,No,Month-to-month,Yes,Electronic check,68.56,3178.34,1,138.5,0
CUST-000501,Female,0,No,Yes,33,Yes,Yes,Fiber optic,No,No internet service,No internet service,No internet service,One year,No,Bank transfer,122.07,3480.63,1,237.7,0
CUST-000502,Male,1,Yes,No,29,Yes,Yes,No,No internet service,Yes,Yes,Yes,One year,Yes,Mailed check,105.53,2840.56,0,242.6,0
CUST-000503,Female,0,No,No,21,Yes,Yes,DSL,No,No,No,No,One year,Yes,Electronic check,68.84,1336.05,1,236.2,1
CUST-000504,Female,1,Yes,No,30,Yes,Yes,Fiber optic,No internet service,No,No internet service,Yes,Two year,Yes,Credit card,80.48,2422.95,0,134.6,0
CUST-000505,Male,1,No,No,48,Yes,No phone service,No,No internet service,No internet service,No,Yes,Month-to-month,No,Mailed check,121.52,5741.45,1,137.5,0
CUST-000506,Female,0,Yes,No,51,Yes,No,No,Yes,No,Yes,No,Month-to-month,Yes,Mailed check,61.88,3233.09,5,170.9,1
CUST-000507,Male,0,No,No,9,No,No,DSL,No internet service,No internet service,Yes,No,One year,Yes,Electronic check,105.81,905.5,0,271.7,0
CUST-000508,Male,1,No,No,20,Yes,No,Fiber optic,Yes,No,No,No,Two year,No,Bank transfer,102.89,1867.87,2,34.9,1
CUST-000509,Female,0,No,No,12,Yes,Yes,Fiber optic,Yes,No,No,Yes,Month-to-month,Yes,Electronic check,149.81,1709.35,2,229.3,1
CUST-000510,Male,0,Yes,No,31,Yes,No,DSL,No,Yes,No internet service,No,One year,No,Credit card,44.53,1232.82,1,96.7,0
CUST-000511,Female,0,Yes,No,23,Yes,No,Fiber optic,No,No internet service,No,No,Month-to-month,No,Mailed check,69.47,1377.49,0,235.1,0
CUST-000512,Male,0,No,No,39,Yes,Yes,Fiber optic,No,No internet service,Yes,Yes,Month-to-month,No,Credit card,120.63,4469.21,0,145.8,1
CUST-000513,Female,0,No,No,41,Yes,No,Fiber optic,Yes,Yes,Yes,Yes,Two year,No,Mailed check,61.09,2336.17,2,240.1,0
CUST-000514,Female,0,No,No,3,Yes,No,Fiber optic,No,No,No,Yes,Month-to-month,No,Mailed check,98.5,253.08,0,278.3,1
CUST-000515,Female,0,No,No,30,Yes,No,DSL,No internet service,Yes,No,No,Month-to-month,Yes,Electronic check,116.45,3473.5,1,0.0,0
CUST-000516,Female,0,No,No,67,Yes,No phone service,DSL,No,No,Yes,Yes,One year,No,Electronic check,18.0,1180.52,1,107.9,0
CUST-000517,Female,0,No,No,20,Yes,Yes,Fiber optic,Yes,Yes,No internet service,No,Month-to-month,No,Bank transfer,107.06,1851.7,3,179.9,1
CUST-000518,Female,0,No,No,19,Yes,No phone service,DSL,No internet service,No internet service,No,Yes,Month-to-month,Yes,Electronic check,106.35,2004.54,1,133.1,0
CUST-000519,Male,1,Yes,No,59,Yes,No,Fiber optic,No,No,No,No internet service,One year,Yes,Credit card,94.22,4817.36,2,28.7,1
CUST-000520,Male,0,No,No,53,Yes,No,Fiber optic,No internet service,No,No,No internet service,Month-to-month,Yes,Credit card,67.19,3395.45,1,188.9,0
CUST-000521,Female,0,Yes,No,13,Yes,No,DSL,Yes,Yes,Yes,No,One year,No,Electronic check,62.12,786.95,0,55.5,1
CUST-000522,Female,0,No,No,49,Yes,Yes,DSL,No internet service,Yes,No internet service,No internet service,Month-to-month,Yes,Credit card,44.84,2087.06,1,293.5,1
CUST-000523,Female,0,Yes,No,16,No,No,Fiber optic,No,No,No,No internet service,Month-to-month,No,Credit card,97.07,1552.39,2,135.5,1
CUST-000524,Female,1,No,No,19,Yes,Yes,DSL,No,Yes,No,No,One year,Yes,Electronic check,61.7,1086.83,2,136.9,0
CUST-000525,Male,0,No,No,13,Yes,Yes,Fiber optic,No internet service,No,No,Yes,Month-to-month,Yes,Credit card,79.6,923.68,2,280.2,1
CUST-000526,Male,0,No,No,9,Yes,Yes,DSL,No,No internet service,No,No internet service,Two year,No,Credit card,83.98,716.01,0,66.1,0
CUST-000527,Female,1,Yes,No,33,No,Yes,Fiber optic,No,No,No internet service,Yes,Two year,No,Mailed check,142.37,4315.16,1,69.0,0
CUST-000528,Female,0,No,No,8,Yes,No,DSL,No,No,Yes,Yes,Two year,Yes,Bank transfer,79.83,562.2,1,171.6,0
CUST-000529,Male,1,Yes,No,34,Yes,No,DSL,No,No internet service,No internet service,No,Month-to-month,No,Electronic check,110.31,3541.32,2,218.2,0
CUST-000530,Male,1,Yes,No,33,Yes,Yes,Fiber optic,Yes,No,Yes,Yes,Month-to-month,Yes,Bank transfer,142.36,4182.6,1,111.8,0
CUST-000531,Female,0,No,Yes,27,Yes,Yes,DSL,No,No,No,Yes,Two year,Yes,Mailed check,52.4,1335.68,1,11.3,0
CUST-000532,Female,0,Yes,No,21,Yes,No phone service,DSL,No,No,No internet service,No,Month-to-month,Yes,Electronic check,78.25,1591.41,0,170.2,0
CUST-000533,Male,0,Yes,No,17,Yes,Yes,Fiber optic,Yes,Yes,No,Yes,One year,Yes,Credit card,82.25,1407.28,1,167.4,0
CUST-000534,Male,0,No,Yes,11,Yes,No phone service,DSL,Yes,Yes,Yes,No internet service,Two year,Yes,Credit card,25.54,286.68,1,142.5,0
CUST-000535,Male,0,No,No,72,No,No,DSL,Yes,Yes,Yes,No internet service,Month-to-month,No,Credit card,80.67,5713.37,3,180.2,0
CUST-000536,Female,0,Yes,Yes,26,Yes,No,Fiber optic,No,No,No,No,Month-to-month,No,Mailed check,63.44,1696.67,0,261.9,1
CUST-000537,Female,0,No,No,25,Yes,Yes,No,Yes,No internet service,Yes,Yes,One year,Yes,Electronic check,84.53,2031.99,2,175.7,0
CUST-000538,Female,1,No,No,13,No,Yes,Fiber optic,Yes,No internet service,Yes,Yes,One year,Yes,Bank transfer,48.32,623.24,3,209.9,1
CUST-000539,Female,0,Yes,No,72,Yes,No,DSL,No,Yes,No internet service,No,Month-to-month,Yes,Bank transfer,75.13,5431.37,1,210.2,1
CUST-000540,Female,0,No,No,18,Yes,Yes,No,No,No internet service,Yes,Yes,One year,Yes,Credit card,22.88,417.97,1,198.4,0
CUST-000541,Male,0,No,No,36,Yes,No phone service,No,Yes,No internet service,Yes,Yes,One year,Yes,Credit card,90.22,3248.98,0,142.9,0
CUST-000542,Female,0,Yes,No,41,Yes,No,DSL,Yes,Yes,No,Yes,Month-to-month,No,Electronic check,58.2,2458.88,0,197.6,0
CUST-000543,Male,0,Yes,Yes,33,Yes,No,DSL,No,No,No,No,Month-to-month,Yes,Bank transfer,55.31,1723.94,1,274.8,0
CUST-000544,Female,0,Yes,No,8,Yes,No,Fiber optic,No,No,Yes,No internet service,One year,Yes,Mailed check,128.8,1072.29,2,115.9,1
CUST-000545,Female,0,No,No,48,Yes,No,Fiber optic,No internet service,Yes,No,No internet service,One year,No,Credit card,85.35,3810.39,2,51.1,0
CUST-000546,Female,0,No,No,18,Yes,No,No,No internet service,No,Yes,Yes,Two year,No,Mailed check,73.33,1140.41,1,237.3,0
CUST-000547,Female,0,Yes,No,53,Yes,No,Fiber optic,No,Yes,No internet service,Yes,Month-to-month,No,Electronic check,89.04,4183.21,2,116.3,1
CUST-000548,Male,1,Yes,No,28,Yes,No phone service,No,Yes,No,No,No,Two year,No,Mailed check,85.22,2294.71,0,228.5,0
CUST-000549,Female,0,No,No,43,No,Yes,Fiber optic,Yes,No,No,Yes,One year,No,Electronic check,126.29,4631.68,1,41.3,0
CUST-000550,Male,0,Yes,No,69,Yes,No,Fiber optic,No,No,No,No,One year,Yes,Electronic check,120.07,7302.85,2,116.4,1
CUST-000551,Male,0,Yes,Yes,47,Yes,No,Fiber optic,No,No,Yes,No,Month-to-month,Yes,Credit card,81.0,3520.77,0,203.4,1
CUST-000552,Male,0,No,No,44,Yes,No,DSL,Yes,No,Yes,No,Month-to-month,Yes,Bank transfer,106.27,4558.39,1,145.3,1
CUST-000553,Female,0,Yes,No,49,Yes,No phone service,Fiber optic,No,Yes,No,No,Month-to-month,No,Electronic check,67.51,2921.3,0,216.1,0
CUST-000554,Male,0,No,No,15,Yes,Yes,Fiber optic,No,Yes,No,No,Month-to-month,No,Mailed check,72.73,1052.67,0,247.4,0
CUST-000555,Female,1,Yes,No,54,Yes,No,No,No,No,No internet service,Yes,Month-to-month,No,Electronic check,66.17,3510.9,0,160.4,1
CUST-000556,Male,0,Yes,No,24,Yes,Yes,DSL,Yes,No,Yes,No,Two year,Yes,Credit card,101.4,2440.34,2,160.0,1
CUST-000557,Male,0,Yes,No,25,Yes,No,DSL,No,Yes,No internet service,No internet service,Month-to-month,Yes,Bank transfer,34.9,856.77,1,149.1,0
CUST-000558,Female,0,No,No,32,Yes,Yes,Fiber optic,No,No,Yes,No internet service,Two year,Yes,Electronic check,121.74,3506.31,2,148.5,0
CUST-000559,Male,0,No,No,22,Yes,Yes,Fiber optic,No,No internet service,Yes,No,Month-to-month,No,Electronic check,93.36,2155.48,0,254.2,1
CUST-000560,Male,1,Yes,No,12,Yes,No,DSL,No internet service,No,No,Yes,Two year,No,Credit card,56.99,702.76,3,217.2,1
CUST-000561,Male,0,No,No,30,Yes,Yes,Fiber optic,No,No,Yes,No,Month-to-month,No,Credit card,127.93,3549.04,1,130.5,0
CUST-000562,Male,0,No,Yes,25,Yes,Yes,Fiber optic,No,No internet service,No internet service,No,One year,Yes,Credit card,70.92,1517.4,0,303.8,0
CUST-000563,Male,0,No,No,24,Yes,Yes,No,No,No,No,No,One year,Yes,Electronic check,138.57,3178.5,2,320.2,1
CUST-000564,Male,0,No,No,28,Yes,Yes,Fiber optic,No,No,No,Yes,Two year,Yes,Mailed check,89.7,2569.48,3,177.6,0
CUST-000565,Female,0,No,Yes,3,Yes,No,No,No internet service,No internet service,No internet service,No,Month-to-month,No,Electronic check,74.5,226.7,2,78.8,1
CUST-000566,Male,0,Yes,No,24,Yes,Yes,Fiber optic,Yes,No,No,Yes,Month-to-month,Yes,Credit card,141.29,3490.96,1,130.4,1
CUST-000567,Male,1,No,No,72,No,Yes,Fiber optic,No internet service,Yes,No,No internet service,Two year,No,Mailed check,100.28,7536.99,3,158.3,0
CUST-000568,Female,0,No,No,71,No,Yes,Fiber optic,Yes,Yes,Yes,Yes,Month-to-month,No,Credit card,130.67,9208.69,0,202.4,0
CUST-000569,Female,0,No,No,31,Yes,Yes,No,Yes,No,No,Yes,One year,Yes,Mailed check,18.0,492.42,3,320.4,0
CUST-000570,Male,0,No,No,30,Yes,Yes,DSL,No internet service,No,No internet service,No,Month-to-month,Yes,Electronic check,56.72,1458.81,1,314.0,1
CUST-000571,Female,0,No,Yes,2,Yes,Yes,DSL,No,Yes,Yes,No,Month-to-month,Yes,Mailed check,81.9,144.19,1,205.0,1
CUST-000572,Female,0,No,Yes,19,Yes,Yes,Fiber optic,No,No,No internet service,No,One year,Yes,Credit card,127.44,2155.59,2,0.0,1
CUST-000573,Female,1,No,Yes,49,Yes,No,No,No,No,No internet service,Yes,One year,Yes,Credit card,93.09,3933.24,2,66.7,0
CUST-000574,Female,0,No,No,22,Yes,No,DSL,No,No internet service,No,No,One year,Yes,Mailed check,90.28,1868.38,1,57.3,0
CUST-000575,Female,0,No,Yes,61,Yes,Yes,DSL,Yes,No,No,No,Month-to-month,Yes,Electronic check,101.83,6253.82,0,290.9,0
CUST-000576,Female,0,No,No,58,Yes,Yes,DSL,No,No,No internet service,No internet service,One year,No,Electronic check,84.25,4157.71,0,79.7,0
CUST-000577,Female,0,Yes,No,19,Yes,No,DSL,No internet service,No,No internet service,No,Two year,No,Electronic check,18.0,345.67,4,14.0,0
CUST-000578,Female,0,No,Yes,33,No,No phone service,DSL,Yes,Yes,No,Yes,Month-to-month,No,Electronic check,113.27,3868.83,0,339.8,1
CUST-000579,Male,0,No,Yes,72,Yes,No,Fiber optic,No,No,Yes,No,Month-to-month,Yes,Mailed check,69.87,4428.96,3,137.2,0
CUST-000580,Female,0,Yes,No,8,Yes,Yes,No,Yes,Yes,No,No,Month-to-month,Yes,Bank transfer,79.41,542.69,1,191.9,0
CUST-000581,Male,0,No,No,22,Yes,No phone service,Fiber optic,Yes,Yes,Yes,Yes,One year,Yes,Electronic check,100.43,2089.87,1,206.9,0
CUST-000582,Female,0,Yes,No,7,Yes,Yes,No,No,No,No,No internet service,Month-to-month,Yes,Credit card,71.42,511.79,4,240.2,1
CUST-000583,Female,0,Yes,No,14,Yes,Yes,Fiber optic,No,No internet service,No,Yes,One year,No,Mailed check,61.82,863.18,1,31.9,0
CUST-000584,Male,0,No,Yes,72,Yes,No,Fiber optic,No internet service,No,Yes,Yes,Month-to-month,No,Bank transfer,36.84,2272.97,0,59.1,0
CUST-000585,Male,0,Yes,No,22,Yes,Yes,Fiber optic,No,No,Yes,Yes,One year,Yes,Mailed check,64.93,1406.51,1,309.0,1
CUST-000586,Male,0,No,Yes,4,Yes,No phone service,DSL,No,No,No,Yes,Two year,Yes,Bank transfer,94.79,384.29,1,82.7,1
CUST-000587,Male,0,No,No,12,Yes,No,Fiber optic,No,No,No,No internet service,Month-to-month,Yes,Credit card,51.6,559.9,0,164.5,1
CUST-000588,Male,0,Yes,Yes,6,Yes,No,No,No internet service,No,No internet service,No,Month-to-month,Yes,Credit card,43.59,256.5,1,337.0,0
CUST-000589,Male,0,Yes,No,34,Yes,Yes,DSL,Yes,No internet service,Yes,Yes,Month-to-month,No,Mailed check,82.54,2662.69,0,325.7,0
CUST-000590,Male,0,Yes,Yes,41,Yes,Yes,Fiber optic,No,No,No internet service,No internet service,Month-to-month,Yes,Credit card,64.18,2344.79,1,226.1,1
CUST-000591,Male,0,No,Yes,55,Yes,No phone service,DSL,Yes,No internet service,No,No,Month-to-month,Yes,Mailed check,53.71,3043.48,1,125.9,1
CUST-000592,Female,0,No,No,47,Yes,No,DSL,No internet service,No,Yes,No,Two year,No,Electronic check,72.45,3046.45,2,210.1,0
CUST-000593,Male,0,No,No,8,Yes,No,No,No internet service,Yes,Yes,Yes,Month-to-month,No,Electronic check,78.48,639.19,2,84.6,0
CUST-000594,Male,0,Yes,No,39,Yes,Yes,Fiber optic,No internet service,Yes,Yes,No internet service,Month-to-month,Yes,Credit card,63.58,2455.77,1,240.9,0
CUST-000595,Female,1,Yes,No,27,Yes,Yes,No,No,No,No,No,Month-to-month,Yes,Credit card,74.23,1792.09,4,239.6,1
CUST-000596,Female,0,No,No,60,Yes,No,Fiber optic,Yes,No,No internet service,Yes,Month-to-month,No,Credit card,106.97,6368.29,1,66.6,1
CUST-000597,Female,0,No,No,51,Yes,Yes,DSL,No internet service,No,No,No,Two year,Yes,Bank transfer,31.8,1387.14,1,445.8,0
CUST-000598,Male,0,No,No,72,Yes,No phone service,DSL,No,No internet service,Yes,Yes,Month-to-month,Yes,Bank transfer,76.45,4938.54,0,240.6,0
CUST-000599,Female,0,Yes,No,13,Yes,Yes,Fiber optic,No,Yes,Yes,Yes,Month-to-month,Yes,Credit card,73.5,866.75,1,119.9,0
CUST-000600,Female,0,Yes,Yes,12,Yes,Yes,Fiber optic,No,No,Yes,Yes,Month-to-month,Yes,Mailed check,98.72,1217.59,1,317.7,1
CUST-000601,Male,0,Yes,Yes,20,No,No,DSL,Yes,No,Yes,No,Two year,Yes,Mailed check,91.69,1894.51,4,184.3,0
CUST-000602,Female,0,Yes,No,28,No,Yes,Fiber optic,No,No,Yes,No internet service,Two year,Yes,Credit card,89.71,2271.29,1,171.2,0
CUST-000603,Female,0,No,Yes,17,Yes,Yes,Fiber optic,No,No,No,No,Month-to-month,No,Electronic check,122.4,1966.25,0,124.1,0
CUST-000604,Male,0,Yes,No,14,Yes,Yes,Fiber optic,No internet service,No,No,No,One year,Yes,Mailed check,118.72,1739.14,2,262.7,0
CUST-000605,Male,0,No,No,37,Yes,No,DSL,No,No internet service,Yes,Yes,One year,No,Mailed check,97.23,3537.23,1,315.4,0
CUST-000606,Female,1,No,No,20,Yes,Yes,Fiber optic,No internet service,No,Yes,Yes,One year,No,Mailed check,107.09,1850.45,2,165.0,0
CUST-000607,Female,0,No,No,16,No,No,DSL,Yes,No,No,No,Month-to-month,Yes,Credit card,103.02,1530.16,0,193.9,0
CUST-000608,Female,0,No,No,8,Yes,No phone service,No,No,No internet service,Yes,No internet service,One year,No,Bank transfer,81.55,609.55,2,111.9,0
CUST-000609,Male,0,Yes,No,2,Yes,Yes,DSL,No internet service,No,Yes,No,One year,No,Mailed check,19.98,36.42,1,152.1,1
CUST-000610,Male,0,No,No,72,Yes,Yes,DSL,No,Yes,Yes,Yes,Month-to-month,Yes,Bank transfer,46.24,3175.93,0,240.8,0
CUST-000611,Male,0,No,No,71,Yes,Yes,DSL,No,No,No internet service,Yes,Month-to-month,Yes,Mailed check,63.66,4507.39,1,269.2,1
CUST-000612,Male,0,Yes,No,52,Yes,No,Fiber optic,Yes,Yes,No internet service,Yes,Month-to-month,No,Electronic check,92.38,4747.73,0,166.8,1
CUST-000613,Female,0,Yes,No,44,Yes,No,Fiber optic,No,Yes,Yes,Yes,Month-to-month,Yes,Mailed check,105.73,4281.48,4,162.8,0
CUST-000614,Female,0,Yes,No,18,Yes,No phone service,Fiber optic,No,No internet service,No,No,Month-to-month,No,Electronic check,70.79,1270.84,1,176.9,1
CUST-000615,Male,0,Yes,No,45,Yes,No phone service,Fiber optic,No,Yes,No internet service,Yes,Two year,Yes,Mailed check,155.26,6685.03,0,126.0,0
CUST-000616,Male,0,No,No,11,Yes,Yes,Fiber optic,No internet service,No internet service,No,Yes,Two year,Yes,Mailed check,91.93,1015.14,0,252.9,0
CUST-000617,Male,0,Yes,Yes,32,Yes,Yes,DSL,No,No,No,No,Month-to-month,No,Bank transfer,69.77,1948.58,1,206.9,0
CUST-000618,Male,0,Yes,No,15,Yes,Yes,Fiber optic,No,No,No internet service,Yes,Month-to-month,Yes,Electronic check,74.88,1045.61,0,224.5,0
CUST-000619,Male,0,No,No,45,Yes,No,Fiber optic,No,No,No,Yes,One year,No,Mailed check,64.9,2712.89,1,86.1,0
CUST-000620,Female,1,No,No,72,Yes,Yes,No,No,No,No,No internet service,Month-to-month,No,Mailed check,66.21,4387.53,5,269.0,0
CUST-000621,Female,0,Yes,No,12,Yes,No,Fiber optic,No,No internet service,Yes,No internet service,Month-to-month,No,Electronic check,95.83,1137.97,2,118.6,1
CUST-000622,Female,0,No,No,19,Yes,No,DSL,No,No,Yes,No internet service,Two year,Yes,Bank transfer,67.39,1231.07,2,145.3,0
CUST-000623,Female,0,No,Yes,32,No,Yes,Fiber optic,No,No,Yes,Yes,Month-to-month,Yes,Bank transfer,144.65,4291.86,2,101.3,0
CUST-000624,Male,0,Yes,No,5,Yes,No,DSL,Yes,No internet service,No,No internet service,Month-to-month,Yes,Mailed check,66.21,316.9,2,126.6,1
CUST-000625,Female,0,No,No,6,No,No,Fiber optic,No internet service,No,No,No,One year,No,Electronic check,92.42,549.47,2,166.8,1
CUST-000626,Female,1,Yes,Yes,72,Yes,No phone service,Fiber optic,Yes,Yes,No,Yes,One year,Yes,Bank transfer,119.46,8472.24,1,156.6,0
CUST-000627,Male,0,No,Yes,38,Yes,No,No,Yes,No internet service,Yes,Yes,Month-to-month,Yes,Bank transfer,64.87,2470.25,2,128.6,0
CUST-000628,Female,1,No,No,18,Yes,No,DSL,No internet service,No,No,Yes,One year,Yes,Bank transfer,86.18,1582.73,3,307.3,0
CUST-000629,Male,1,Yes,No,29,Yes,Yes,Fiber optic,No,Yes,No,Yes,Two year,Yes,Credit card,56.63,1638.75,2,254.6,0
CUST-000630,Female,0,No,No,20,Yes,No,Fiber optic,No internet service,No,No internet service,Yes,Month-to-month,Yes,Credit card,56.87,1007.69,0,234.6,1
CUST-000631,Female,0,Yes,Yes,32,Yes,No,DSL,No,No internet service,Yes,Yes,One year,Yes,Credit card,73.66,2402.71,4,285.7,0
CUST-000632,Male,0,No,No,21,No,No,Fiber optic,No,No internet service,Yes,Yes,Month-to-month,Yes,Bank transfer,88.05,1694.51,2,144.4,1
CUST-000633,Male,0,No,No,27,Yes,No,DSL,No,Yes,No internet service,Yes,Month-to-month,Yes,Bank transfer,45.73,1213.94,2,202.8,0
CUST-000634,Male,0,Yes,No,48,Yes,No phone service,DSL,No,No,Yes,Yes,Month-to-month,No,Bank transfer,73.66,3705.85,2,180.8,1
CUST-000635,Male,0,No,No,46,Yes,No,DSL,No internet service,Yes,No,No internet service,Month-to-month,Yes,Credit card,76.27,3189.03,1,8.9,1
CUST-000636,Female,0,No,No,72,Yes,No,No,No,No,No internet service,Yes,Month-to-month,Yes,Mailed check,48.7,3170.13,1,246.6,0
CUST-000637,Female,0,Yes,No,40,Yes,Yes,Fiber optic,No,Yes,No,No internet service,Two year,No,Mailed check,79.44,2816.59,2,148.1,0
CUST-000638,Female,0,No,Yes,31,Yes,No,No,No internet service,Yes,No,No internet service,Month-to-month,No,Credit card,76.5,2482.47,2,189.9,0
CUST-000639,Male,0,Yes,No,72,Yes,Yes,DSL,No,No internet service,Yes,No,Two year,Yes,Credit card,39.37,2651.33,1,121.2,1
CUST-000640,Male,0,No,No,25,Yes,Yes,DSL,Yes,No,No,No,Month-to-month,No,Credit card,51.88,1305.76,1,174.9,1
CUST-000641,Female,1,Yes,Yes,3,Yes,Yes,DSL,Yes,No,No internet service,No,Two year,Yes,Bank transfer,86.02,221.89,1,405.9,0
CUST-000642,Female,0,No,Yes,53,Yes,No,DSL,No,No,No,No internet service,Month-to-month,No,Bank transfer,69.28,3253.79,1,0.0,0
CUST-000643,Female,0,No,No,36,Yes,Yes,Fiber optic,No,Yes,No internet service,No internet service,Month-to-month,Yes,Mailed check,80.68,2505.63,2,262.8,0
CUST-000644,Male,0,No,No,29,Yes,Yes,No,No internet service,No,Yes,No,One year,No,Electronic check,42.91,1260.66,1,363.4,0
CUST-000645,Female,0,No,Yes,54,Yes,Yes,No,No,No,No internet service,No internet service,One year,No,Electronic check,39.6,1863.38,1,8.8,1
CUST-000646,Male,0,Yes,No,21,Yes,No,Fiber optic,No,Yes,No internet service,No,Month-to-month,Yes,Electronic check,91.05,1978.21,1,120.3,1
CUST-000647,Female,0,No,Yes,3,No,Yes,DSL,Yes,Yes,No internet service,No,Month-to-month,No,Electronic check,130.77,385.56,0,231.2,1
CUST-000648,Female,0,Yes,Yes,54,Yes,No,DSL,No,No,Yes,Yes,One year,No,Mailed check,86.97,4846.43,2,143.1,0
CUST-000649,Male,1,No,Yes,17,Yes,No,No,No,No internet service,No,No,One year,Yes,Credit card,30.01,475.43,0,124.3,0
CUST-000650,Female,0,Yes,No,13,Yes,No,DSL,No,No,Yes,Yes,Month-to-month,Yes,Mailed check,91.22,1132.61,0,242.5,1
CUST-000651,Female,0,No,No,3,Yes,Yes,Fiber optic,No,No,Yes,No,One year,Yes,Bank transfer,72.23,185.39,1,0.0,0
CUST-000652,Male,0,No,No,51,Yes,No,DSL,No,Yes,Yes,Yes,Month-to-month,Yes,Mailed check,69.85,3360.15,0,248.4,0
CUST-000653,Female,0,No,Yes,1,Yes,No phone service,Fiber optic,No,No,Yes,No,Month-to-month,No,Electronic check,77.33,74.87,0,252.3,1
CUST-000654,Male,0,Yes,Yes,69,Yes,No,DSL,No,No,No,Yes,One year,Yes,Mailed check,130.68,7845.94,0,280.0,0
CUST-000655,Female,0,No,Yes,23,Yes,Yes,DSL,No,No,No,Yes,Two year,Yes,Mailed check,35.98,865.73,2,226.5,0
CUST-000656,Male,0,No,No,53,Yes,No,DSL,Yes,No,Yes,No internet service,Month-to-month,No,Electronic check,79.41,3581.04,1,258.5,0
CUST-000657,Female,0,No,No,40,Yes,No,Fiber optic,Yes,Yes,Yes,No,Month-to-month,Yes,Electronic check,74.44,2690.24,2,181.0,1
CUST-000658,Female,0,Yes,No,72,Yes,No phone service,DSL,Yes,No internet service,No,Yes,Month-to-month,Yes,Electronic check,92.16,6457.53,3,21.5,0
CUST-000659,Female,1,No,No,40,Yes,Yes,DSL,No,No,No,No,One year,Yes,Bank transfer,78.8,2993.05,1,137.1,0
CUST-000660,Female,0,No,Yes,67,Yes,No phone service,Fiber optic,Yes,Yes,No,Yes,Month-to-month,Yes,Credit card,132.64,7978.79,0,160.3,1
CUST-000661,Female,1,No,Yes,19,Yes,No,Fiber optic,No,No,No,Yes,Month-to-month,Yes,Credit card,116.54,2319.18,1,157.4,1
CUST-000662,Female,0,Yes,Yes,6,Yes,No,Fiber optic,No,No,No internet service,Yes,Month-to-month,Yes,Electronic check,74.19,395.21,0,114.7,1
CUST-000663,Female,0,Yes,Yes,59,Yes,No,No,No,Yes,Yes,No internet service,Two year,Yes,Electronic check,157.49,8954.12,0,135.4,0
CUST-000664,Female,0,No,No,6,Yes,Yes,DSL,No,No,No,No,Month-to-month,Yes,Electronic check,86.66,454.03,2,239.4,1
CUST-000665,Male,1,Yes,No,51,Yes,Yes,DSL,No,No,No internet service,No internet service,One year,Yes,Electronic check,53.48,2348.99,1,202.7,0
CUST-000666,Male,0,No,No,11,Yes,Yes,DSL,Yes,No,No,No,Month-to-month,No,Bank transfer,76.17,793.9,1,101.3,0
CUST-000667,Female,0,Yes,No,37,No,No,No,Yes,No internet service,Yes,No,Month-to-month,No,Electronic check,88.93,3326.22,3,236.8,1
CUST-000668,Male,0,No,No,72,Yes,No,DSL,No,No,Yes,Yes,Month-to-month,Yes,Mailed check,87.78,6044.0,2,195.7,1
CUST-000669,Female,0,No,No,48,Yes,No phone service,Fiber optic,Yes,No internet service,No,No,Month-to-month,Yes,Mailed check,109.88,4792.88,2,44.2,0
CUST-000670,Female,0,Yes,Yes,25,No,No,Fiber optic,No,No,Yes,No,Month-to-month,Yes,Bank transfer,123.99,2645.25,1,191.4,1
CUST-000671,Male,0,No,Yes,41,Yes,No,Fiber optic,No internet service,No internet service,No,No internet service,Month-to-month,No,Credit card,121.05,5151.97,0,229.5,1
CUST-000672,Female,0,Yes,Yes,19,Yes,Yes,No,Yes,Yes,Yes,No internet service,Month-to-month,Yes,Credit card,44.57,755.74,2,101.7,0
CUST-000673,Female,0,Yes,Yes,72,Yes,No,DSL,Yes,Yes,No,No internet service,Month-to-month,Yes,Mailed check,133.24,9256.81,0,191.8,1
CUST-000674,Male,1,No,Yes,16,Yes,Yes,DSL,No internet service,No,No,No internet service,Month-to-month,No,Credit card,129.07,1761.72,3,88.0,1
CUST-000675,Female,0,Yes,No,28,Yes,Yes,DSL,No,No,No,No internet service,Month-to-month,Yes,Electronic check,94.03,2289.07,1,117.9,0
CUST-000676,Male,0,Yes,No,45,Yes,Yes,No,No internet service,Yes,Yes,Yes,Month-to-month,Yes,Bank transfer,71.16,2830.89,0,208.5,0
CUST-000677,Female,0,No,No,39,Yes,No phone service,No,Yes,No,No internet service,Yes,Month-to-month,Yes,Electronic check,71.68,2438.87,2,307.8,1
CUST-000678,Male,0,Yes,No,42,Yes,No,DSL,No,Yes,No,Yes,One year,No,Mailed check,60.29,2421.03,5,224.2,0
CUST-000679,Male,0,No,Yes,20,Yes,No,Fiber optic,No internet service,Yes,No,Yes,Two year,Yes,Bank transfer,89.17,1657.48,2,108.0,0
CUST-000680,Male,0,No,Yes,24,Yes,Yes,Fiber optic,No internet service,No,No internet service,No internet service,One year,Yes,Credit card,29.4,712.75,2,229.9,0
CUST-000681,Female,0,No,No,57,Yes,Yes,DSL,Yes,No internet service,Yes,No,Month-to-month,Yes,Credit card,115.91,5769.28,1,167.0,0
CUST-000682,Male,0,No,No,55,Yes,No phone service,DSL,No,Yes,Yes,Yes,Two year,Yes,Credit card,105.32,5423.3,1,273.9,0
CUST-000683,Female,0,No,No,40,Yes,No,DSL,No,No,Yes,No,Two year,No,Credit card,19.7,737.27,1,202.4,0
CUST-000684,Female,0,Yes,No,72,Yes,Yes,Fiber optic,No,No,Yes,No,Month-to-month,Yes,Electronic check,121.7,7852.51,3,77.5,1
CUST-000685,Male,0,No,No,58,Yes,No,DSL,Yes,Yes,Yes,Yes,Month-to-month,Yes,Credit card,69.77,3517.25,0,180.1,0
CUST-000686,Female,0,No,No,54,Yes,Yes,Fiber optic,No,Yes,No internet service,Yes,One year,Yes,Bank transfer,89.03,4096.67,2,176.5,1
CUST-000687,Female,0,No,No,6,Yes,No,Fiber optic,Yes,Yes,Yes,No,Two year,Yes,Mailed check,109.79,562.39,0,10.5,1
CUST-000688,Female,0,No,No,39,Yes,Yes,No,No,No internet service,Yes,Yes,One year,No,Electronic check,18.0,652.67,2,209.0,0
CUST-000689,Female,0,No,Yes,34,Yes,No,DSL,No internet service,Yes,No,Yes,One year,No,Bank transfer,69.66,2038.96,2,393.2,0
CUST-000690,Female,0,Yes,No,72,Yes,No phone service,Fiber optic,No,No,Yes,No,One year,Yes,Mailed check,97.38,6513.23,1,131.0,0
CUST-000691,Male,0,No,No,26,Yes,Yes,Fiber optic,No internet service,Yes,Yes,No internet service,Two year,No,Credit card,97.41,2374.41,2,0.0,0
CUST-000692,Male,0,Yes,No,32,Yes,No,DSL,Yes,No internet service,No internet service,Yes,Month-to-month,Yes,Credit card,28.98,870.72,0,137.3,0
CUST-000693,Female,0,No,No,11,Yes,No phone service,Fiber optic,No,No,No internet service,No internet service,Month-to-month,No,Credit card,108.41,1059.32,1,391.4,1
CUST-000694,Female,1,No,No,13,Yes,No,Fiber optic,Yes,No internet service,No,No,Two year,No,Mailed check,126.79,1565.49,0,84.1,0
CUST-000695,Male,1,No,No,72,Yes,No,DSL,Yes,No internet service,No,No internet service,Month-to-month,Yes,Credit card,82.22,5496.35,2,288.6,1
CUST-000696,Male,0,Yes,No,42,Yes,No,DSL,No internet service,No internet service,Yes,No,Month-to-month,Yes,Bank transfer,63.12,2778.23,0,113.3,1
CUST-000697,Male,0,Yes,No,72,No,Yes,Fiber optic,Yes,Yes,No,No internet service,Month-to-month,Yes,Electronic check,175.67,10865.85,0,207.3,0
CUST-000698,Female,0,Yes,Yes,26,Yes,Yes,DSL,No,No,No,Yes,Month-to-month,Yes,Electronic check,42.26,945.85,0,174.0,0
CUST-000699,Male,0,No,No,8,Yes,Yes,DSL,No internet service,No,No,Yes,Month-to-month,Yes,Electronic check,93.2,756.74,0,95.2,1
CUST-000700,Female,0,No,No,23,Yes,Yes,Fiber optic,Yes,Yes,No,Yes,One year,Yes,Electronic check,102.3,2125.11,0,93.2,0
CUST-000701,Female,0,Yes,No,20,Yes,No,Fiber optic,No internet service,Yes,No,Yes,Month-to-month,Yes,Credit card,155.37,2755.5,0,280.3,1
CUST-000702,Female,1,No,Yes,49,Yes,Yes,Fiber optic,Yes,No,No,No,One year,Yes,Electronic check,106.6,5353.57,0,299.6,0
CUST-000703,Female,0,No,No,48,Yes,No,Fiber optic,Yes,No internet service,Yes,No,Month-to-month,Yes,Credit card,113.03,5189.9,1,210.5,1
CUST-000704,Female,0,No,No,44,Yes,No,No,No,No internet service,Yes,No,Two year,No,Electronic check,85.17,3646.95,0,100.2,0
CUST-000705,Female,0,Yes,Yes,72,Yes,Yes,DSL,Yes,No internet service,No,No internet service,One year,No,Credit card,38.25,2345.3,0,171.0,0
CUST-000706,Female,0,Yes,Yes,70,No,Yes,No,No,Yes,No internet service,Yes,Two year,Yes,Mailed check,43.93,2774.43,1,160.7,0
CUST-000707,Male,0,Yes,Yes,14,Yes,No,Fiber optic,No internet service,No,No internet service,Yes,Month-to-month,Yes,Electronic check,86.73,1095.03,0,220.7,1
CUST-000708,Female,0,Yes,No,60,Yes,No phone service,DSL,No,Yes,No,Yes,Month-to-month,Yes,Electronic check,98.72,5936.19,0,171.3,1
CUST-000709,Male,0,Yes,No,31,Yes,No,DSL,No,No internet service,No,No,One year,Yes,Electronic check,76.99,2212.81,2,131.8,0
CUST-000710,Female,0,No,No,25,Yes,No phone service,DSL,No,No,No,Yes,Two year,Yes,Electronic check,63.8,1539.9,1,133.4,1
CUST-000711,Female,0,No,Yes,72,Yes,No phone service,No,No,No,Yes,Yes,Month-to-month,No,Credit card,111.17,8295.14,0,166.3,1
CUST-000712,Male,0,Yes,No,13,Yes,No,DSL,No,No internet service,No,No,One year,Yes,Electronic check,18.0,244.98,2,312.7,1
CUST-000713,Female,0,No,Yes,57,Yes,No,DSL,No,No,No,Yes,One year,Yes,Mailed check,31.13,1553.21,1,340.9,0
CUST-000714,Male,0,No,No,51,No,No,No,Yes,No,No internet service,No internet service,Month-to-month,Yes,Credit card,18.0,882.36,3,223.3,0
CUST-000715,Male,0,Yes,No,13,Yes,Yes,No,No,No,Yes,No internet service,One year,No,Bank transfer,106.25,1367.19,1,202.9,1
CUST-000716,Female,1,Yes,Yes,6,No,Yes,No,No,Yes,Yes,No internet service,Month-to-month,Yes,Bank transfer,67.1,405.17,1,107.5,1
CUST-000717,Male,0,Yes,No,28,Yes,Yes,Fiber optic,No,No,Yes,No,Month-to-month,Yes,Electronic check,123.99,3589.8,0,154.8,1
CUST-000718,Female,0,No,No,64,Yes,Yes,Fiber optic,No,No internet service,Yes,No,Two year,Yes,Credit card,91.72,5844.79,1,183.1,1
CUST-000719,Female,0,No,No,39,Yes,Yes,Fiber optic,No,No internet service,No,Yes,Month-to-month,Yes,Bank transfer,125.7,4843.24,1,267.3,1
CUST-000720,Female,1,Yes,No,72,Yes,Yes,DSL,Yes,No internet service,No internet service,No internet service,One year,No,Electronic check,66.2,4102.85,1,160.2,0
CUST-000721,Female,0,Yes,Yes,37,Yes,No,Fiber optic,Yes,Yes,Yes,Yes,One year,No,Credit card,107.3,3807.09,1,118.1,0
CUST-000722,Female,0,Yes,No,72,Yes,Yes,Fiber optic,Yes,Yes,Yes,No,Two year,Yes,Bank transfer,102.91,7185.08,0,169.5,0
CUST-000723,Male,0,Yes,No,18,Yes,No,DSL,Yes,Yes,Yes,Yes,Month-to-month,No,Electronic check,80.13,1426.93,0,269.7,1
CUST-000724,Male,0,No,No,43,Yes,Yes,Fiber optic,Yes,No,No,No,Month-to-month,No,Bank transfer,145.54,6049.74,0,241.4,0
CUST-000725,Female,0,No,No,22,Yes,No,DSL,No,No,No internet service,No,Month-to-month,Yes,Credit card,21.27,436.01,1,209.4,0
CUST-000726,Male,0,No,No,27,Yes,No,Fiber optic,Yes,No,No,Yes,One year,Yes,Bank transfer,92.95,2377.83,1,182.2,1
CUST-000727,Male,0,No,Yes,32,No,No,No,No,Yes,No,Yes,Month-to-month,No,Credit card,75.94,2535.69,2,123.9,0
CUST-000728,Male,0,Yes,No,39,Yes,Yes,Fiber optic,No,No,No,Yes,One year,No,Credit card,96.45,3444.86,0,161.9,0
CUST-000729,Female,0,Yes,No,16,Yes,No phone service,DSL,No,Yes,No internet service,No internet service,Month-to-month,No,Credit card,58.06,935.42,1,136.5,1
CUST-000730,Male,0,No,No,42,Yes,No,DSL,Yes,Yes,No,Yes,Month-to-month,Yes,Electronic check,53.96,2201.64,1,109.0,0
CUST-000731,Male,0,No,No,31,Yes,No,Fiber optic,No internet service,No,No,No,Two year,Yes,Mailed check,140.9,4100.45,2,120.3,0
CUST-000732,Male,0,No,No,8,Yes,Yes,Fiber optic,Yes,No internet service,No internet service,Yes,Two year,Yes,Mailed check,92.88,693.14,2,165.0,0
CUST-000733,Female,0,No,Yes,5,Yes,No,No,No,No,No,No,Month-to-month,No,Bank transfer,143.14,685.24,2,221.8,1
CUST-000734,Female,0,No,No,64,Yes,Yes,DSL,No internet service,Yes,Yes,No,One year,No,Bank transfer,85.85,5549.0,0,186.5,0
CUST-000735,Male,0,No,No,26,Yes,No,Fiber optic,No,No,No internet service,No internet service,Month-to-month,Yes,Mailed check,86.31,1962.28,0,169.8,0
CUST-000736,Male,0,No,No,7,No,Yes,DSL,No internet service,No internet service,No,No,One year,Yes,Credit card,86.58,625.54,2,212.7,1
CUST-000737,Female,0,No,No,72,Yes,No,Fiber optic,No,No,No internet service,No,Month-to-month,Yes,Credit card,98.27,7109.46,0,79.0,0
CUST-000738,Female,0,Yes,Yes,45,Yes,No phone service,DSL,No,No internet service,No,Yes,Month-to-month,No,Electronic check,110.26,4563.8,3,0.0,1
CUST-000739,Female,0,Yes,No,38,Yes,Yes,DSL,Yes,No,No internet service,No,Month-to-month,Yes,Mailed check,34.97,1132.18,1,53.8,0
CUST-000740,Female,0,No,Yes,15,Yes,Yes,DSL,No internet service,No,No,No internet service,Month-to-month,No,Electronic check,18.0,235.18,2,229.5,1
CUST-000741,Male,0,Yes,No,8,Yes,No,Fiber optic,No internet service,No,No,Yes,One year,No,Bank transfer,105.83,744.09,2,335.8,0
CUST-000742,Female,0,Yes,No,34,Yes,No,Fiber optic,No,No internet service,No,No,Month-to-month,Yes,Credit card,120.07,3554.62,1,152.2,1
CUST-000743,Male,0,No,No,29,Yes,Yes,Fiber optic,No,No internet service,No internet service,No,Month-to-month,No,Bank transfer,103.58,2614.92,2,229.6,1
CUST-000744,Male,0,No,No,11,Yes,No,Fiber optic,No,No,No internet service,No internet service,Month-to-month,Yes,Electronic check,115.17,1320.16,2,45.7,1
CUST-000745,Female,0,No,No,11,Yes,No phone service,DSL,Yes,No internet service,No,No,Month-to-month,Yes,Credit card,85.76,926.12,3,51.0,0
CUST-000746,Male,0,Yes,Yes,10,Yes,No phone service,DSL,No,No,No,No,One year,No,Credit card,25.59,259.49,0,178.6,1
CUST-000747,Male,1,Yes,No,10,Yes,Yes,Fiber optic,No internet service,No,No internet service,No,Month-to-month,No,Credit card,103.44,995.65,1,313.8,0
CUST-000748,Male,0,No,No,18,Yes,No,Fiber optic,Yes,No internet service,No,Yes,One year,Yes,Bank transfer,134.5,2357.86,0,184.8,0
CUST-000749,Male,0,Yes,No,38,Yes,No,DSL,No,Yes,Yes,No internet service,Two year,Yes,Electronic check,75.15,2930.64,0,40.7,0
CUST-000750,Male,1,Yes,No,43,Yes,Yes,DSL,Yes,Yes,Yes,Yes,Month-to-month,Yes,Bank transfer,30.7,1191.3,1,137.0,0
CUST-000751,Female,0,No,No,29,Yes,Yes,No,No,Yes,No,Yes,Two year,No,Mailed check,59.98,1720.24,3,62.7,0
CUST-000752,Male,0,No,No,33,Yes,Yes,Fiber optic,No,No,Yes,No,Month-to-month,No,Credit card,111.7,3796.27,2,209.0,1
CUST-000753,Male,0,Yes,Yes,45,Yes,Yes,Fiber optic,No,No internet service,No,No,Month-to-month,No,Credit card,148.87,6948.7,0,95.1,0
CUST-000754,Female,0,Yes,Yes,3,Yes,No,Fiber optic,No,Yes,No internet service,Yes,Month-to-month,No,Electronic check,36.31,102.26,3,276.2,1
CUST-000755,Female,0,Yes,Yes,35,Yes,Yes,DSL,No internet service,No,No,No,Month-to-month,Yes,Bank transfer,80.84,2889.68,2,93.0,0
CUST-000756,Male,1,Yes,No,72,Yes,No,DSL,No internet service,No,Yes,No,Month-to-month,Yes,Mailed check,42.03,2877.45,1,96.8,1
CUST-000757,Female,0,No,No,26,Yes,No,Fiber optic,No,No,No internet service,No,Month-to-month,No,Mailed check,110.23,2583.94,1,328.2,0
CUST-000758,Female,0,Yes,Yes,63,No,Yes,Fiber optic,No,No,No,No,Two year,No,Credit card,112.63,6387.76,1,51.4,1
CUST-000759,Male,1,Yes,No,26,Yes,No,DSL,No,Yes,Yes,Yes,Month-to-month,Yes,Electronic check,63.01,1540.44,4,287.3,1
CUST-000760,Female,0,No,Yes,47,Yes,Yes,Fiber optic,No,Yes,No,No internet service,Two year,Yes,Electronic check,113.95,4828.45,0,98.8,0
CUST-000761,Male,1,Yes,No,38,No,No,DSL,No,Yes,No,No internet service,Month-to-month,No,Mailed check,104.2,3389.3,0,87.7,0
CUST-000762,Female,0,No,No,10,Yes,Yes,Fiber optic,Yes,Yes,No,No,One year,Yes,Mailed check,90.06,784.55,1,259.7,1
CUST-000763,Male,0,No,Yes,13,Yes,No,Fiber optic,No,No,No,No,Month-to-month,No,Credit card,54.89,727.67,2,183.0,0
CUST-000764,Female,0,No,Yes,72,Yes,No,Fiber optic,Yes,No,Yes,No,Month-to-month,Yes,Bank transfer,137.77,10182.11,2,84.2,0
CUST-000765,Female,0,Yes,No,54,Yes,No,No,No,No,No,No internet service,Month-to-month,No,Bank transfer,94.86,5248.54,2,128.5,0
CUST-000766,Female,1,Yes,Yes,28,Yes,Yes,Fiber optic,No internet service,No,No,Yes,Two year,Yes,Bank transfer,111.91,3010.54,1,35.8,0
CUST-000767,Male,0,No,No,25,Yes,No phone service,Fiber optic,No internet service,Yes,Yes,No,Two year,Yes,Electronic check,74.27,1925.56,2,45.2,0
CUST-000768,Male,0,No,Yes,15,Yes,No,No,No internet service,No,No internet service,No,Month-to-month,Yes,Mailed check,99.56,1418.5,2,205.5,1
CUST-000769,Female,1,Yes,No,40,Yes,No,Fiber optic,No,Yes,Yes,Yes,One year,No,Bank transfer,156.27,5891.54,2,106.8,1
CUST-000770,Female,0,No,No,16,Yes,No,Fiber optic,No,No,Yes,No,One year,No,Credit card,91.36,1381.19,2,305.0,0
CUST-000771,Female,1,Yes,No,22,Yes,No phone service,Fiber optic,No internet service,No internet service,Yes,No internet service,One year,Yes,Electronic check,97.83,1938.9,0,107.6,1
CUST-000772,Male,0,Yes,No,18,Yes,No,DSL,Yes,No,Yes,Yes,Month-to-month,Yes,Electronic check,38.04,666.1,2,75.2,0
CUST-000773,Female,0,No,No,52,Yes,No,Fiber optic,No,No,Yes,Yes,One year,No,Electronic check,73.41,3587.66,0,159.4,1
CUST-000774,Female,0,Yes,No,27,Yes,No,No,No internet service,No,No,No,One year,Yes,Credit card,37.76,1065.41,1,128.1,0
CUST-000775,Male,0,Yes,No,33,Yes,No,DSL,No,No,No internet service,Yes,Month-to-month,Yes,Mailed check,73.92,2157.5,2,137.8,1
CUST-000776,Female,0,No,No,10,Yes,No,DSL,No,No internet service,Yes,Yes,Month-to-month,Yes,Credit card,59.78,517.27,0,92.9,1
CUST-000777,Male,0,No,No,18,Yes,No,Fiber optic,No,No,Yes,No internet service,Month-to-month,No,Bank transfer,106.18,1758.84,0,191.9,0
CUST-000778,Female,0,No,Yes,34,Yes,No,DSL,No internet service,Yes,Yes,No,Two year,Yes,Credit card,43.24,1313.1,3,155.0,0
CUST-000779,Female,0,No,No,6,Yes,No,No,Yes,No,Yes,Yes,Month-to-month,Yes,Credit card,64.97,408.7,1,279.4,0
CUST-000780,Female,0,No,No,25,Yes,No,No,No,Yes,Yes,No,Month-to-month,Yes,Electronic check,41.39,995.23,1,366.0,0
CUST-000781,Female,0,No,No,30,Yes,Yes,Fiber optic,No internet service,No,Yes,Yes,Month-to-month,Yes,Electronic check,100.63,2783.18,1,119.0,0
CUST-000782,Male,0,No,No,9,No,No,DSL,No internet service,No,Yes,Yes,Two year,Yes,Bank transfer,21.03,185.21,3,164.7,0
CUST-000783,Female,0,No,No,61,Yes,No,DSL,No,No,Yes,No,One year,Yes,Electronic check,74.55,4277.37,2,396.8,1
CUST-000784,Female,0,No,No,39,Yes,No,No,No,No internet service,No internet service,Yes,Month-to-month,Yes,Bank transfer,61.64,2143.7,0,24.9,0
CUST-000785,Male,0,No,No,27,Yes,No,Fiber optic,No internet service,Yes,Yes,No internet service,Month-to-month,Yes,Electronic check,100.43,2518.8,1,315.8,1
CUST-000786,Male,1,Yes,No,16,Yes,Yes,DSL,No internet service,No,No,Yes,One year,No,Credit card,20.43,296.6,1,241.4,0
CUST-000787,Female,1,No,Yes,6,Yes,Yes,DSL,Yes,No,Yes,Yes,Month-to-month,No,Mailed check,89.64,525.76,3,21.4,1
CUST-000788,Male,0,No,Yes,58,Yes,No,No,No,No,No,No,Month-to-month,Yes,Bank transfer,61.04,3587.32,2,128.1,1
CUST-000789,Male,0,No,No,21,Yes,Yes,DSL,No internet service,Yes,Yes,No internet service,Two year,Yes,Bank transfer,76.51,1450.14,0,350.5,0
CUST-000790,Female,0,Yes,No,8,Yes,Yes,No,No,No,Yes,Yes,Month-to-month,Yes,Credit card,18.0,140.29,3,217.5,1
CUST-000791,Female,1,No,No,16,No,No phone service,Fiber optic,Yes,No internet service,Yes,No,Month-to-month,No,Credit card,57.72,915.82,3,123.1,0
CUST-000792,Male,0,No,No,42,Yes,Yes,Fiber optic,No internet service,Yes,No,No,Month-to-month,Yes,Credit card,83.3,3232.53,2,85.8,1
CUST-000793,Female,0,No,No,36,Yes,Yes,Fiber optic,No,No,No internet service,No internet service,One year,Yes,Electronic check,136.27,4648.03,0,22.9,1
CUST-000794,Male,0,Yes,Yes,11,Yes,Yes,No,No,No,No,Yes,One year,No,Mailed check,85.82,870.14,2,203.5,0
CUST-000795,Male,0,Yes,Yes,65,No,Yes,Fiber optic,No,No internet service,No,No internet service,Month-to-month,Yes,Mailed check,98.9,5943.44,1,282.1,0
CUST-000796,Female,0,Yes,No,8,Yes,Yes,DSL,No,No,No,Yes,One year,Yes,Mailed check,42.27,317.62,2,231.3,1
CUST-000797,Female,0,Yes,No,72,Yes,Yes,No,No internet service,No internet service,No internet service,No internet service,Two year,No,Credit card,36.81,2409.5,1,172.2,0
CUST-000798,Female,1,Yes,No,35,Yes,Yes,No,No,Yes,No,Yes,Two year,Yes,Mailed check,78.3,2597.07,3,210.6,0
CUST-000799,Female,0,No,Yes,22,Yes,No phone service,DSL,No,No,Yes,No,Month-to-month,Yes,Bank transfer,91.02,2003.35,1,155.0,0
CUST-000800,Male,1,Yes,No,25,Yes,No,DSL,No,No,No,Yes,Month-to-month,Yes,Electronic check,76.27,1771.08,0,229.6,1
CUST-000801,Male,0,Yes,No,32,Yes,Yes,Fiber optic,No,No,No internet service,Yes,Two year,No,Credit card,146.29,4864.15,1,35.1,0
CUST-000802,Male,0,No,No,44,Yes,No phone service,DSL,No,Yes,No internet service,Yes,Month-to-month,No,Credit card,49.53,1947.29,1,62.7,0
CUST-000803,Male,1,Yes,Yes,5,Yes,No,DSL,Yes,No,No internet service,No,Month-to-month,Yes,Bank transfer,75.38,354.25,1,114.7,0
CUST-000804,Male,0,No,Yes,16,Yes,Yes,DSL,Yes,No internet service,Yes,No,Month-to-month,No,Credit card,19.2,298.16,1,46.7,1
CUST-000805,Female,0,Yes,No,31,Yes,Yes,Fiber optic,No,No,No,No internet service,Two year,Yes,Credit card,101.33,3011.39,1,321.7,0
CUST-000806,Male,0,No,No,66,Yes,Yes,Fiber optic,Yes,No,No,Yes,Month-to-month,Yes,Electronic check,139.08,9540.92,2,142.5,1
CUST-000807,Female,0,Yes,No,65,Yes,No,DSL,No internet service,Yes,No internet service,Yes,Month-to-month,No,Credit card,38.75,2304.6,0,171.6,0
CUST-000808,Male,0,No,No,72,Yes,No,DSL,No,No internet service,Yes,Yes,One year,Yes,Electronic check,95.26,6348.19,2,258.5,0
CUST-000809,Male,1,No,No,63,Yes,No,No,No,No,No,No internet service,Month-to-month,Yes,Electronic check,113.23,6913.4,5,116.2,1
CUST-000810,Female,1,No,Yes,15,Yes,No,DSL,No,No internet service,No,No,Month-to-month,Yes,Credit card,49.31,716.9,1,39.4,0
CUST-000811,Male,0,Yes,Yes,30,Yes,Yes,No,Yes,No,Yes,No,Month-to-month,No,Electronic check,84.01,2539.12,1,102.1,1
CUST-000812,Male,0,No,No,63,No,Yes,DSL,No internet service,Yes,No internet service,No internet service,Month-to-month,Yes,Bank transfer,117.39,7461.35,0,128.9,0
CUST-000813,Female,0,Yes,No,59,Yes,No,DSL,No,No,No,No,Two year,Yes,Credit card,76.91,3867.12,2,200.7,0
CUST-000814,Female,0,Yes,No,26,Yes,Yes,DSL,No,No,Yes,Yes,Month-to-month,Yes,Credit card,93.6,2440.55,1,91.7,0
CUST-000815,Male,0,Yes,No,43,No,Yes,Fiber optic,Yes,No internet service,No,Yes,Two year,No,Credit card,41.78,1785.06,1,165.3,0
CUST-000816,Female,0,No,Yes,21,Yes,Yes,Fiber optic,No internet service,Yes,No,Yes,Month-to-month,Yes,Credit card,112.91,2293.31,0,184.0,0
CUST-000817,Male,0,No,No,7,Yes,No,No,No,No,Yes,No,Month-to-month,No,Mailed check,85.52,546.78,0,155.5,0
CUST-000818,Female,0,No,No,27,Yes,No,Fiber optic,No internet service,Yes,No internet service,Yes,Month-to-month,Yes,Credit card,55.21,1537.6,0,321.6,0
CUST-000819,Male,0,Yes,No,26,Yes,Yes,DSL,No internet service,No,No,No internet service,Month-to-month,No,Electronic check,41.07,1065.31,1,211.8,0
CUST-000820,Male,0,Yes,Yes,20,Yes,Yes,Fiber optic,Yes,No internet service,No,No,Month-to-month,Yes,Electronic check,113.12,2039.46,1,193.3,1
CUST-000821,Female,0,No,Yes,44,Yes,No,DSL,No,No,No,No internet service,Month-to-month,No,Electronic check,60.92,2441.98,1,282.2,1
CUST-000822,Male,0,Yes,No,25,Yes,No,Fiber optic,No,Yes,Yes,No,Two year,No,Bank transfer,128.36,3183.57,2,220.9,0
CUST-000823,Male,0,Yes,No,40,Yes,No,DSL,No,No,No,No,Month-to-month,No,Electronic check,79.32,3279.26,0,0.0,0
CUST-000824,Male,0,No,Yes,51,No,No,DSL,No,No,Yes,No,Two year,No,Electronic check,71.69,3466.64,1,296.3,0
CUST-000825,Male,0,Yes,No,72,Yes,No,Fiber optic,Yes,No,No internet service,No,Month-to-month,No,Mailed check,89.89,6639.06,2,83.9,0
CUST-000826,Male,0,No,No,28,Yes,Yes,DSL,No,Yes,No internet service,No,Month-to-month,No,Mailed check,78.78,2043.55,1,183.6,1
CUST-000827,Male,0,Yes,No,67,Yes,No,No,No,No,No,No,One year,Yes,Electronic check,94.09,5856.52,1,88.1,0
CUST-000828,Female,0,No,Yes,36,Yes,Yes,DSL,Yes,No,Yes,No internet service,Month-to-month,Yes,Electronic check,86.02,3056.89,2,204.9,1
CUST-000829,Male,1,No,No,37,Yes,No,No,No,Yes,No,No,Month-to-month,Yes,Electronic check,57.31,1823.82,1,92.3,0
CUST-000830,Female,0,No,Yes,28,Yes,No,DSL,Yes,Yes,No internet service,No,Month-to-month,Yes,Electronic check,107.18,2634.34,0,179.3,1
CUST-000831,Female,0,No,Yes,33,Yes,Yes,DSL,No internet service,No,Yes,No internet service,Month-to-month,No,Mailed check,89.73,2948.34,1,255.8,1
CUST-000832,Male,0,Yes,Yes,25,Yes,Yes,DSL,Yes,No,Yes,Yes,One year,Yes,Mailed check,81.56,1831.81,2,70.3,0
CUST-000833,Male,0,Yes,Yes,59,Yes,No,No,No,Yes,Yes,Yes,Month-to-month,No,Credit card,72.75,3798.76,2,92.9,1
CUST-000834,Male,0,Yes,No,16,Yes,No,DSL,No,No internet service,Yes,No,Two year,Yes,Mailed check,85.0,1180.24,1,46.3,0
CUST-000835,Male,0,No,Yes,7,Yes,Yes,Fiber optic,No internet service,No,Yes,Yes,Month-to-month,Yes,Mailed check,40.05,250.9,0,318.2,1
CUST-000836,Male,0,Yes,Yes,19,Yes,Yes,No,No,Yes,Yes,No,Month-to-month,No,Electronic check,77.24,1320.93,1,157.7,0
CUST-000837,Female,0,No,Yes,17,Yes,Yes,No,Yes,No internet service,No,No,Month-to-month,No,Electronic check,119.21,1860.79,1,155.5,1
CUST-000838,Female,1,Yes,Yes,19,Yes,Yes,DSL,No,No,No,Yes,Month-to-month,Yes,Electronic check,76.6,1510.21,0,92.8,0
CUST-000839,Female,0,No,No,27,No,No phone service,Fiber optic,No,No,No,No,Two year,No,Credit card,97.5,2577.13,2,118.5,0
CUST-000840,Female,0,Yes,Yes,19,Yes,No,DSL,No internet service,No internet service,No,Yes,Two year,Yes,Mailed check,52.12,979.12,3,0.0,0
CUST-000841,Female,0,No,No,27,Yes,No,DSL,No,No,No internet service,Yes,Month-to-month,Yes,Credit card,84.78,2006.52,5,227.8,0
CUST-000842,Female,0,No,No,19,Yes,No phone service,Fiber optic,No internet service,No,No internet service,Yes,Month-to-month,No,Bank transfer,89.15,1505.0,1,92.0,1
CUST-000843,Male,0,Yes,No,41,Yes,Yes,DSL,No,Yes,No,Yes,Two year,No,Mailed check,109.28,4613.66,1,177.0,0
CUST-000844,Female,0,No,Yes,72,Yes,No,DSL,No,No internet service,No,No internet service,Month-to-month,Yes,Credit card,44.09,3101.13,4,208.9,0
CUST-000845,Female,0,No,No,35,Yes,No,Fiber optic,Yes,Yes,No internet service,No,Month-to-month,Yes,Electronic check,81.43,2884.08,2,382.2,1
CUST-000846,Female,0,Yes,Yes,20,Yes,Yes,DSL,Yes,No,Yes,Yes,Month-to-month,No,Credit card,51.97,957.87,0,56.7,0
CUST-000847,Female,0,No,Yes,2,Yes,No phone service,Fiber optic,No,No internet service,Yes,No internet service,Month-to-month,Yes,Mailed check,150.04,289.7,0,186.2,1
CUST-000848,Female,1,Yes,No,72,Yes,No,DSL,No,Yes,No,No,Month-to-month,Yes,Credit card,64.31,4400.65,2,139.7,0
CUST-000849,Female,0,No,Yes,36,Yes,Yes,Fiber optic,No,No internet service,No,No,Month-to-month,Yes,Credit card,78.56,2520.05,0,0.0,1
CUST-000850,Female,0,No,Yes,26,Yes,Yes,No,No,No,No,No,Two year,No,Electronic check,18.0,475.0,1,405.7,0
CUST-000851,Male,0,No,Yes,2,No,Yes,Fiber optic,Yes,No,Yes,No internet service,Month-to-month,Yes,Electronic check,67.66,124.05,3,84.9,0
CUST-000852,Female,0,No,No,27,Yes,No,No,No internet service,No,No,No,Two year,No,Bank transfer,85.84,2186.36,0,183.9,0
CUST-000853,Male,0,No,Yes,33,Yes,Yes,DSL,Yes,No,No internet service,No,One year,No,Bank transfer,85.72,2479.58,3,174.8,0
CUST-000854,Male,0,No,Yes,19,Yes,Yes,Fiber optic,Yes,Yes,No internet service,Yes,Month-to-month,No,Electronic check,75.46,1401.8,0,205.0,0
CUST-000855,Male,0,Yes,No,8,Yes,No,No,Yes,Yes,No,Yes,Month-to-month,Yes,Credit card,52.13,420.47,1,521.8,0
CUST-000856,Female,0,No,No,8,No,No,DSL,No,No,No internet service,Yes,Month-to-month,Yes,Mailed check,125.8,938.01,0,201.6,1
CUST-000857,Female,0,No,No,72,Yes,Yes,DSL,No,No internet service,No,No,Two year,No,Bank transfer,150.89,11359.87,1,157.1,1
CUST-000858,Male,0,No,No,32,Yes,Yes,No,No,Yes,Yes,No internet service,Month-to-month,Yes,Mailed check,104.49,3014.48,1,211.5,1
CUST-000859,Male,0,Yes,No,19,Yes,No,No,No,No internet service,No,Yes,Two year,No,Electronic check,116.78,2273.41,2,183.7,1
CUST-000860,Female,0,Yes,No,31,Yes,No,DSL,No,No,No internet service,No internet service,One year,Yes,Electronic check,123.14,3795.45,3,269.2,0
CUST-000861,Female,0,Yes,No,29,Yes,No,No,Yes,No,No,Yes,One year,No,Bank transfer,136.44,4096.95,1,274.1,0
CUST-000862,Female,0,No,No,7,Yes,Yes,Fiber optic,No,No,No internet service,No internet service,Month-to-month,Yes,Credit card,85.94,600.47,1,180.7,1
CUST-000863,Female,0,Yes,No,57,Yes,Yes,Fiber optic,No,Yes,No,Yes,One year,Yes,Bank transfer,68.65,3713.47,0,232.7,0
CUST-000864,Male,0,Yes,Yes,26,Yes,No phone service,Fiber optic,No,No internet service,Yes,No,One year,No,Mailed check,150.0,3637.62,1,307.0,1
CUST-000865,Female,0,No,No,33,Yes,Yes,Fiber optic,Yes,No,Yes,No,One year,No,Credit card,66.07,2214.97,1,178.1,0
CUST-000866,Female,1,No,Yes,72,Yes,Yes,DSL,Yes,No internet service,No,No internet service,Month-to-month,Yes,Mailed check,39.14,2869.17,4,266.5,0
CUST-000867,Female,1,Yes,No,9,Yes,Yes,Fiber optic,No,No,Yes,Yes,One year,Yes,Mailed check,64.83,564.68,0,151.0,1
CUST-000868,Male,0,No,No,15,Yes,Yes,DSL,Yes,No,No,No,Month-to-month,Yes,Electronic check,66.06,981.38,1,216.9,1
CUST-000869,Female,0,Yes,No,38,Yes,Yes,Fiber optic,No internet service,No,Yes,No internet service,One year,No,Bank transfer,35.47,1270.41,2,71.6,0
CUST-000870,Male,1,No,No,56,Yes,No phone service,Fiber optic,Yes,Yes,Yes,No,Month-to-month,Yes,Mailed check,52.01,2602.72,0,91.4,0
CUST-000871,Male,0,Yes,No,18,Yes,Yes,DSL,No internet service,Yes,Yes,Yes,Month-to-month,No,Credit card,51.33,794.58,0,316.9,0
CUST-000872,Female,0,No,No,19,No,No,Fiber optic,Yes,No,No,No,One year,No,Mailed check,59.12,1101.69,5,195.3,0
CUST-000873,Female,0,No,No,47,Yes,Yes,DSL,Yes,No,Yes,Yes,Month-to-month,No,Mailed check,101.87,4710.64,2,169.6,1
CUST-000874,Female,0,Yes,No,72,No,Yes,DSL,No,Yes,No internet service,Yes,One year,Yes,Electronic check,70.2,4968.7,0,296.2,0
CUST-000875,Male,0,No,No,32,Yes,No,DSL,Yes,No internet service,No internet service,No,One year,No,Bank transfer,87.31,2689.12,1,238.2,0
CUST-000876,Female,0,Yes,No,15,Yes,No,No,No internet service,Yes,Yes,Yes,One year,No,Credit card,84.03,1157.64,3,168.7,0
CUST-000877,Male,0,Yes,No,12,Yes,Yes,No,No,No internet service,Yes,Yes,One year,No,Credit card,63.8,687.79,1,140.9,0
CUST-000878,Male,0,No,No,27,Yes,Yes,Fiber optic,No internet service,No,Yes,No internet service,Month-to-month,Yes,Mailed check,124.64,2904.8,0,234.4,0
CUST-000879,Male,0,Yes,No,54,Yes,Yes,DSL,Yes,No internet service,No,Yes,Month-to-month,Yes,Mailed check,83.56,3969.18,0,234.6,0
CUST-000880,Female,0,Yes,No,72,Yes,No,Fiber optic,Yes,No,No,No,One year,No,Electronic check,85.45,6002.51,2,207.4,0
CUST-000881,Female,0,Yes,No,23,Yes,No,Fiber optic,No internet service,No,Yes,No,Month-to-month,No,Credit card,44.48,1026.8,3,372.1,1
CUST-000882,Male,1,Yes,No,32,Yes,No,DSL,Yes,Yes,No,No,Month-to-month,Yes,Electronic check,85.62,2826.2,2,110.3,1
CUST-000883,Male,1,No,No,72,Yes,Yes,DSL,No,No internet service,Yes,No,Month-to-month,No,Bank transfer,32.16,2007.11,0,214.9,0
CUST-000884,Male,0,Yes,No,37,Yes,No,No,No,No,No,No internet service,Month-to-month,No,Mailed check,81.41,3050.69,2,156.3,0
CUST-000885,Male,0,No,No,35,Yes,No,DSL,Yes,No,No,Yes,Two year,Yes,Bank transfer,72.37,2455.54,3,129.6,1
CUST-000886,Female,0,Yes,No,72,Yes,No,DSL,No,Yes,Yes,No,Month-to-month,Yes,Bank transfer,29.19,1913.01,5,145.4,1
CUST-000887,Male,0,Yes,No,32,Yes,No,DSL,No internet service,Yes,No internet service,Yes,Month-to-month,No,Mailed check,77.75,2476.02,2,207.9,0
CUST-000888,Male,0,No,Yes,12,Yes,Yes,Fiber optic,No,No internet service,Yes,Yes,Two year,No,Mailed check,100.74,1266.74,1,112.5,0
CUST-000889,Female,0,Yes,No,68,Yes,No,Fiber optic,Yes,No,No,Yes,Two year,No,Bank transfer,100.85,6349.42,1,110.6,0
CUST-000890,Female,0,Yes,No,6,Yes,No,DSL,No internet service,No,No internet service,Yes,Month-to-month,Yes,Credit card,74.41,435.52,3,0.0,0
CUST-000891,Female,0,Yes,No,60,Yes,No,DSL,No internet service,Yes,No internet service,No,Two year,No,Mailed check,50.43,2729.69,1,275.1,0
CUST-000892,Male,1,Yes,No,30,Yes,No phone service,Fiber optic,No,No internet service,No,No internet service,Month-to-month,No,Mailed check,112.75,3013.78,0,209.2,1
CUST-000893,Female,0,No,No,24,Yes,No,Fiber optic,No,No,No,Yes,One year,No,Electronic check,74.37,1570.39,3,252.5,0
CUST-000894,Male,0,No,No,23,Yes,Yes,Fiber optic,No,No,No,No,Month-to-month,Yes,Bank transfer,62.76,1236.29,2,86.7,1
CUST-000895,Male,0,Yes,No,27,Yes,Yes,DSL,No,No internet service,Yes,No,Month-to-month,No,Credit card,90.24,2423.69,0,204.4,0
CUST-000896,Female,0,No,No,21,Yes,Yes,Fiber optic,Yes,No,No,Yes,Month-to-month,Yes,Mailed check,123.09,2272.67,1,200.9,1
CUST-000897,Female,1,No,No,42,Yes,Yes,Fiber optic,Yes,No internet service,Yes,No,One year,No,Electronic check,113.19,4683.71,0,198.2,0
CUST-000898,Female,0,Yes,No,21,Yes,No,Fiber optic,Yes,Yes,No internet service,No internet service,Month-to-month,No,Mailed check,88.78,1909.07,0,139.9,0
CUST-000899,Male,0,Yes,Yes,30,Yes,Yes,Fiber optic,Yes,No,Yes,Yes,Month-to-month,No,Mailed check,36.82,1125.82,3,99.8,1
CUST-000900,Female,0,No,Yes,4,Yes,Yes,DSL,Yes,No,No,No,One year,Yes,Electronic check,114.45,416.51,1,215.9,0
CUST-000901,Male,0,Yes,No,30,Yes,Yes,No,Yes,Yes,No internet service,No,Month-to-month,Yes,Mailed check,18.0,472.44,2,160.5,1
CUST-000902,Female,0,Yes,Yes,20,Yes,No phone service,Fiber optic,Yes,No,Yes,No,Two year,No,Bank transfer,112.58,2113.42,0,160.2,0
CUST-000903,Female,0,Yes,No,57,Yes,No,DSL,No,No,No,No,Month-to-month,Yes,Electronic check,133.31,6734.23,0,93.6,0
CUST-000904,Male,0,No,No,24,Yes,Yes,DSL,No,Yes,No,Yes,Month-to-month,Yes,Mailed check,74.48,1653.01,1,157.4,0
CUST-000905,Female,0,No,Yes,52,Yes,No,DSL,No internet service,No,Yes,Yes,Month-to-month,Yes,Bank transfer,78.74,3945.96,2,291.5,1
CUST-000906,Female,1,Yes,No,48,Yes,No phone service,Fiber optic,No,No internet service,No,Yes,Month-to-month,No,Credit card,106.38,4998.32,0,253.6,1
CUST-000907,Female,0,Yes,Yes,49,Yes,No,Fiber optic,No internet service,No,No,Yes,Month-to-month,Yes,Electronic check,100.95,4420.34,3,193.9,1
CUST-000908,Female,0,Yes,No,25,No,Yes,No,Yes,No,No,Yes,Month-to-month,No,Credit card,140.52,3145.71,1,216.8,1
CUST-000909,Male,0,No,Yes,31,Yes,Yes,No,Yes,No,Yes,Yes,One year,Yes,Electronic check,44.71,1418.0,1,44.4,0
CUST-000910,Male,0,Yes,Yes,41,No,No,Fiber optic,No,Yes,No,Yes,Month-to-month,No,Mailed check,65.94,2808.84,0,353.2,0
CUST-000911,Female,0,Yes,No,32,Yes,Yes,DSL,No,No,Yes,Yes,Month-to-month,Yes,Credit card,60.17,1884.18,0,372.6,0
CUST-000912,Male,0,Yes,No,24,Yes,Yes,Fiber optic,No,No internet service,No,Yes,One year,Yes,Credit card,147.22,3396.88,2,84.6,1
CUST-000913,Male,0,Yes,Yes,14,Yes,Yes,Fiber optic,No internet service,No internet service,No,Yes,Month-to-month,No,Credit card,77.69,1067.71,2,152.6,1
CUST-000914,Female,0,No,Yes,30,Yes,Yes,Fiber optic,No,Yes,Yes,No,One year,No,Electronic check,107.91,2834.95,1,210.6,1
CUST-000915,Female,0,No,No,7,Yes,Yes,DSL,No internet service,Yes,Yes,Yes,Two year,Yes,Electronic check,102.13,735.94,1,220.1,0
CUST-000916,Male,0,Yes,No,3,Yes,Yes,Fiber optic,No,Yes,No internet service,No internet service,Month-to-month,Yes,Electronic check,118.37,316.66,1,127.6,1
CUST-000917,Female,1,No,No,11,No,Yes,Fiber optic,No,No,No,Yes,One year,Yes,Mailed check,125.54,1358.78,1,194.8,0
CUST-000918,Female,0,No,No,48,Yes,No,Fiber optic,No,No,No,No,Two year,Yes,Mailed check,137.54,5904.7,3,224.0,0
CUST-000919,Male,0,Yes,No,36,Yes,No phone service,Fiber optic,Yes,No,Yes,Yes,Month-to-month,Yes,Credit card,104.25,3719.71,1,83.6,1
CUST-000920,Female,0,Yes,No,48,Yes,Yes,Fiber optic,Yes,Yes,Yes,No internet service,Two year,Yes,Electronic check,81.29,3904.53,0,151.6,0
CUST-000921,Male,0,No,No,17,Yes,No,DSL,Yes,No,Yes,No,Month-to-month,No,Credit card,74.42,1262.82,1,261.9,1
CUST-000922,Male,0,Yes,No,61,Yes,Yes,DSL,No internet service,No internet service,No,No internet service,One year,No,Mailed check,59.83,3415.01,3,286.3,0
CUST-000923,Male,0,Yes,Yes,8,Yes,No,DSL,No,Yes,No,Yes,Month-to-month,Yes,Credit card,145.65,1131.86,0,240.2,0
CUST-000924,Female,0,Yes,No,11,Yes,Yes,DSL,No internet service,Yes,No internet service,No,Month-to-month,No,Electronic check,54.02,576.16,0,241.2,0
CUST-000925,Male,0,No,Yes,61,Yes,No,DSL,No internet service,Yes,Yes,Yes,Two year,Yes,Mailed check,84.49,5123.55,2,160.6,0
CUST-000926,Male,0,Yes,No,34,Yes,Yes,Fiber optic,No,No internet service,No,Yes,Month-to-month,No,Mailed check,49.97,1613.82,0,158.7,1
CUST-000927,Female,0,Yes,No,49,Yes,Yes,Fiber optic,No,No,No,No internet service,Two year,Yes,Bank transfer,98.98,4614.81,0,194.7,0
CUST-000928,Female,0,No,Yes,36,Yes,No,No,No internet service,No,Yes,Yes,One year,Yes,Bank transfer,61.39,2180.94,0,106.3,0
CUST-000929,Female,0,No,No,19,Yes,No,DSL,No,No,Yes,No,Two year,No,Credit card,90.27,1516.24,1,159.8,0
CUST-000930,Female,0,Yes,No,10,Yes,No,DSL,No internet service,No internet service,No,No,Two year,Yes,Electronic check,91.05,892.77,0,186.9,0
CUST-000931,Male,0,Yes,No,4,Yes,Yes,Fiber optic,No,No,No,Yes,One year,Yes,Credit card,137.51,483.84,0,314.2,0
CUST-000932,Male,1,No,No,72,Yes,No,Fiber optic,No,No,No internet service,Yes,Two year,Yes,Electronic check,135.13,9680.18,1,358.2,1
CUST-000933,Female,0,Yes,Yes,6,Yes,No phone service,Fiber optic,No,Yes,Yes,No internet service,One year,No,Mailed check,93.01,517.76,0,353.7,1
CUST-000934,Female,0,No,No,72,Yes,No,No,Yes,No internet service,No internet service,No,Month-to-month,No,Electronic check,41.67,3053.88,1,76.5,0
CUST-000935,Female,0,Yes,Yes,32,Yes,Yes,DSL,No,No internet service,No,No internet service,One year,No,Mailed check,45.19,1254.65,2,307.7,0
CUST-000936,Female,0,No,No,37,Yes,No phone service,Fiber optic,Yes,Yes,No internet service,No,Month-to-month,Yes,Bank transfer,104.08,3628.08,0,200.7,0
CUST-000937,Female,0,Yes,No,35,Yes,No,Fiber optic,No,No,No,Yes,Month-to-month,Yes,Mailed check,99.73,3083.81,0,129.1,0
CUST-000938,Female,0,Yes,No,44,Yes,No,Fiber optic,No internet service,Yes,No,No,Month-to-month,Yes,Credit card,102.74,4627.93,2,155.0,1
CUST-000939,Male,1,Yes,No,15,Yes,Yes,Fiber optic,Yes,No,Yes,Yes,Month-to-month,Yes,Bank transfer,78.95,1036.23,1,58.6,0
CUST-000940,Female,0,Yes,Yes,3,Yes,Yes,DSL,No,No internet service,Yes,No internet service,Month-to-month,Yes,Mailed check,113.12,321.38,0,178.6,1
CUST-000941,Male,1,No,No,18,Yes,No,Fiber optic,No,Yes,No,Yes,Month-to-month,Yes,Credit card,50.82,796.79,2,252.5,1
CUST-000942,Male,0,No,No,42,Yes,No,No,Yes,No,Yes,No,One year,No,Credit card,52.29,2216.97,1,76.7,0
CUST-000943,Female,0,No,No,11,Yes,Yes,DSL,Yes,No,No,No internet service,One year,No,Credit card,37.69,375.76,0,105.5,0
CUST-000944,Female,0,No,No,62,No,No,No,Yes,Yes,Yes,Yes,Two year,Yes,Mailed check,63.73,3828.08,2,156.6,0
CUST-000945,Female,0,Yes,No,27,Yes,Yes,No,Yes,Yes,No,No,Two year,No,Credit card,107.4,2563.43,0,322.4,0
CUST-000946,Female,0,No,No,10,Yes,No,No,No,Yes,No,No,Two year,No,Electronic check,61.37,564.78,2,0.0,1
CUST-000947,Male,1,Yes,Yes,34,Yes,Yes,No,No,No,No,No,One year,Yes,Credit card,73.04,2167.45,0,231.1,0
CUST-000948,Female,0,No,No,41,Yes,No phone service,Fiber optic,No internet service,No,Yes,Yes,Month-to-month,Yes,Mailed check,114.93,4524.32,3,209.5,0
CUST-000949,Male,0,No,Yes,43,Yes,No,Fiber optic,No,No internet service,No,No internet service,Two year,No,Electronic check,84.94,3107.1,1,227.8,0
CUST-000950,Male,0,Yes,No,61,Yes,No,Fiber optic,Yes,No internet service,No internet service,Yes,Month-to-month,No,Credit card,106.48,6810.97,0,0.0,0
CUST-000951,Male,0,No,No,7,Yes,Yes,DSL,No,No,Yes,No,Month-to-month,Yes,Credit card,77.52,506.44,5,108.7,1
CUST-000952,Male,1,No,Yes,61,Yes,Yes,DSL,No,Yes,Yes,No,Month-to-month,Yes,Mailed check,36.08,2147.56,0,131.5,1
CUST-000953,Male,0,Yes,No,65,Yes,No,Fiber optic,No,Yes,No,Yes,One year,Yes,Mailed check,81.07,4781.39,0,39.4,0
CUST-000954,Male,0,No,Yes,10,Yes,No,No,No,No,No,No,One year,No,Credit card,80.64,726.26,0,349.8,0
CUST-000955,Male,0,Yes,Yes,12,Yes,No,DSL,Yes,No,No,No,Month-to-month,No,Electronic check,108.47,1326.61,0,239.5,0
CUST-000956,Female,0,Yes,Yes,50,Yes,Yes,DSL,No,Yes,No,No,One year,Yes,Credit card,108.44,5430.76,0,266.1,0
CUST-000957,Female,0,Yes,No,22,Yes,No,Fiber optic,Yes,No internet service,No,No internet service,Month-to-month,No,Bank transfer,157.86,3398.9,0,247.3,1
CUST-000958,Male,0,Yes,No,71,Yes,No,Fiber optic,No,No,No internet service,No internet service,Month-to-month,No,Bank transfer,109.56,7782.61,2,35.7,1
CUST-000959,Female,0,Yes,No,72,No,No,DSL,No,Yes,Yes,No,Month-to-month,No,Bank transfer,57.6,3670.57,0,34.7,0
CUST-000960,Male,1,No,No,10,Yes,No,Fiber optic,No internet service,No internet service,Yes,Yes,Month-to-month,No,Electronic check,93.08,965.09,1,278.9,0
CUST-000961,Female,1,Yes,No,15,Yes,No,DSL,No,No,No internet service,Yes,One year,No,Electronic check,66.59,939.83,3,76.1,0
CUST-000962,Male,0,No,Yes,32,Yes,No,Fiber optic,No,No internet service,No internet service,No internet service,Month-to-month,No,Bank transfer,82.76,2711.32,1,213.9,1
CUST-000963,Male,0,Yes,No,3,Yes,No,Fiber optic,Yes,No internet service,No,Yes,Month-to-month,Yes,Mailed check,106.49,318.58,1,84.5,1
CUST-000964,Female,0,Yes,No,5,Yes,No,Fiber optic,Yes,Yes,No,Yes,Month-to-month,Yes,Electronic check,107.88,489.36,1,101.1,1
CUST-000965,Male,0,No,No,13,Yes,Yes,DSL,No,No,No,Yes,One year,Yes,Bank transfer,34.79,435.89,2,169.9,0
CUST-000966,Female,0,No,No,72,Yes,No,Fiber optic,No,Yes,No,No internet service,Two year,No,Mailed check,127.65,9588.66,1,71.5,0
CUST-000967,Male,0,No,Yes,36,Yes,No,No,No,No,No,Yes,One year,Yes,Electronic check,18.0,555.61,0,0.0,0
CUST-000968,Female,0,No,No,17,Yes,No,Fiber optic,Yes,No,No,No,One year,No,Bank transfer,88.33,1404.38,1,186.0,0
CUST-000969,Male,1,No,No,12,Yes,Yes,No,Yes,No,No,No,Two year,No,Electronic check,104.48,1221.29,0,401.5,0
CUST-000970,Male,0,Yes,No,10,Yes,No,Fiber optic,No,No internet service,No,No internet service,Month-to-month,Yes,Credit card,113.22,1039.35,3,241.6,0
CUST-000971,Female,1,Yes,No,18,Yes,Yes,Fiber optic,No internet service,Yes,Yes,No,Month-to-month,Yes,Electronic check,84.29,1386.12,1,70.6,0
CUST-000972,Male,0,Yes,Yes,17,Yes,Yes,No,No,No,No,No internet service,Month-to-month,Yes,Credit card,129.06,2193.53,1,120.4,1
CUST-000973,Male,0,Yes,No,25,Yes,Yes,DSL,No internet service,No internet service,No,Yes,Month-to-month,Yes,Mailed check,56.8,1467.18,0,162.0,1
CUST-000974,Male,1,Yes,Yes,43,Yes,No,DSL,No internet service,No,No internet service,No internet service,Month-to-month,No,Bank transfer,18.0,741.12,1,183.0,0
CUST-000975,Male,0,No,Yes,28,Yes,Yes,DSL,Yes,Yes,No,Yes,Month-to-month,Yes,Bank transfer,83.58,2433.08,1,96.7,0
CUST-000976,Female,0,Yes,No,53,Yes,No,Fiber optic,No internet service,No,No,Yes,Month-to-month,Yes,Mailed check,41.64,1920.8,1,289.4,0
CUST-000977,Female,0,Yes,Yes,23,No,No phone service,DSL,No,Yes,Yes,No internet service,Month-to-month,No,Credit card,45.06,928.0,1,121.3,0
CUST-000978,Male,1,Yes,No,72,No,No,Fiber optic,Yes,No,No,No,Month-to-month,Yes,Electronic check,113.68,7100.96,1,189.2,1
CUST-000979,Female,0,No,No,52,Yes,No,DSL,No,No,Yes,Yes,Month-to-month,Yes,Credit card,56.17,2737.35,1,332.4,0
CUST-000980,Male,1,No,No,35,Yes,Yes,No,No,Yes,No,No,Two year,No,Credit card,87.42,2984.2,0,162.1,0
CUST-000981,Male,0,No,No,43,Yes,Yes,No,Yes,Yes,Yes,No,One year,Yes,Credit card,35.26,1349.43,2,371.6,0
CUST-000982,Female,0,No,No,19,Yes,Yes,DSL,Yes,Yes,No,No,Month-to-month,No,Credit card,95.75,1709.64,1,217.1,1
CUST-000983,Female,0,No,No,25,Yes,No,DSL,No,No internet service,No,No internet service,Month-to-month,Yes,Electronic check,19.27,475.47,1,131.7,0
CUST-000984,Male,0,Yes,No,24,Yes,No,DSL,No,Yes,No internet service,No,Month-to-month,Yes,Credit card,109.56,2571.3,1,154.1,0
CUST-000985,Male,0,No,Yes,15,Yes,Yes,Fiber optic,No internet service,No internet service,Yes,No internet service,Month-to-month,Yes,Bank transfer,80.74,1181.85,3,124.2,1
CUST-000986,Female,0,No,No,8,Yes,No phone service,No,No internet service,No internet service,Yes,No internet service,Month-to-month,No,Bank transfer,115.93,900.77,1,40.7,1
CUST-000987,Male,0,No,No,45,Yes,No,DSL,No,No,No,No,Month-to-month,No,Electronic check,44.78,2110.68,1,0.0,0
CUST-000988,Female,0,Yes,No,58,Yes,No,Fiber optic,No,No internet service,Yes,No,Two year,Yes,Electronic check,152.74,8795.17,2,96.7,0
CUST-000989,Male,0,No,No,40,Yes,Yes,DSL,No internet service,No,Yes,Yes,Two year,No,Electronic check,41.27,1702.86,1,0.0,0
CUST-000990,Male,0,No,No,28,Yes,No,Fiber optic,No,Yes,No,No,One year,Yes,Electronic check,41.18,1199.61,1,86.6,0
CUST-000991,Female,0,No,Yes,72,Yes,No,No,No internet service,Yes,No,No internet service,One year,No,Mailed check,71.29,5245.7,0,284.2,0
CUST-000992,Female,0,Yes,No,17,No,Yes,No,No,No internet service,No,No,One year,Yes,Credit card,107.02,1581.06,0,137.9,1
CUST-000993,Female,0,Yes,No,36,Yes,Yes,Fiber optic,No internet service,No internet service,Yes,No,One year,No,Bank transfer,118.72,4085.35,2,326.3,1
CUST-000994,Female,0,Yes,No,64,Yes,No,Fiber optic,Yes,No internet service,Yes,No,Two year,Yes,Electronic check,129.89,7700.26,1,128.3,1
CUST-000995,Female,0,No,No,11,Yes,No,DSL,No,No,No,Yes,One year,Yes,Credit card,94.32,901.99,2,258.5,1
CUST-000996,Female,0,No,No,47,Yes,Yes,Fiber optic,No internet service,Yes,No internet service,Yes,One year,Yes,Mailed check,70.39,3185.49,1,166.3,0
CUST-000997,Female,0,Yes,No,72,Yes,Yes,No,No,Yes,Yes,No internet service,Two year,Yes,Electronic check,92.99,5976.13,0,140.0,0
CUST-000998,Male,0,No,No,30,No,Yes,Fiber optic,Yes,No internet service,No,Yes,One year,Yes,Mailed check,97.79,2834.83,0,309.8,1
CUST-000999,Male,0,Yes,No,34,Yes,Yes,Fiber optic,Yes,Yes,No internet service,No,Month-to-month,Yes,Electronic check,73.71,2539.85,0,377.9,1
CUST-001000,Female,0,No,No,17,Yes,No phone service,Fiber optic,No,No,Yes,Yes,Month-to-month,No,Mailed check,100.38,1584.91,1,141.2,1
CUST-001001,Female,0,No,Yes,42,Yes,No,DSL,Yes,No internet service,No,Yes,Month-to-month,Yes,Electronic check,68.31,2983.69,1,79.2,1
CUST-001002,Male,0,No,Yes,15,Yes,Yes,DSL,No internet service,No internet service,Yes,Yes,Month-to-month,No,Bank transfer,112.48,1692.75,0,175.5,1
CUST-001003,Male,1,No,No,28,Yes,No,No,No,No,No,No internet service,Month-to-month,Yes,Credit card,54.55,1544.09,0,209.4,1
CUST-001004,Male,0,No,No,7,Yes,No,No,No,No,Yes,Yes,Month-to-month,Yes,Mailed check,53.15,324.61,1,233.1,1
CUST-001005,Female,0,Yes,No,1,No,Yes,DSL,Yes,No,No,Yes,Month-to-month,No,Bank transfer,49.04,50.92,1,190.3,1
CUST-001006,Female,0,Yes,No,20,Yes,No,Fiber optic,Yes,No,No internet service,No,Two year,No,Credit card,151.91,2603.37,0,100.0,0
CUST-001007,Male,0,No,Yes,20,Yes,Yes,Fiber optic,No internet service,Yes,Yes,No internet service,Month-to-month,No,Bank transfer,75.72,1542.83,1,363.1,0
CUST-001008,Female,0,No,No,22,Yes,No,No,No,Yes,No,No,Month-to-month,Yes,Electronic check,108.91,2050.73,1,99.8,1
CUST-001009,Male,0,Yes,Yes,51,Yes,No,Fiber optic,No,No,No,No,Month-to-month,No,Credit card,64.06,2883.08,0,163.3,0
CUST-001010,Male,0,No,No,60,Yes,No,No,No internet service,Yes,No,No,Month-to-month,Yes,Electronic check,85.2,4667.54,1,283.5,1
CUST-001011,Female,0,No,No,37,Yes,Yes,No,Yes,Yes,Yes,No,One year,No,Mailed check,77.88,2874.33,0,85.8,0
CUST-001012,Female,0,Yes,No,48,Yes,No,DSL,Yes,No internet service,Yes,Yes,One year,Yes,Credit card,107.0,5289.54,1,178.2,0
CUST-001013,Female,0,Yes,No,16,Yes,No,DSL,No,No,No internet service,Yes,Month-to-month,Yes,Mailed check,102.65,1614.99,2,233.1,0
CUST-001014,Male,0,No,No,12,Yes,No,No,No,No internet service,Yes,No,Month-to-month,No,Credit card,72.46,865.61,1,198.1,0
CUST-001015,Female,0,No,No,43,Yes,Yes,DSL,Yes,No,No,No internet service,Month-to-month,No,Bank transfer,53.89,2103.89,0,221.9,0
CUST-001016,Female,0,No,Yes,11,Yes,Yes,DSL,No,No,No,No internet service,One year,Yes,Credit card,118.75,1365.12,1,156.3,0
CUST-001017,Female,1,No,Yes,10,Yes,Yes,Fiber optic,No,No,Yes,Yes,Two year,Yes,Mailed check,75.89,706.97,1,205.5,0
CUST-001018,Female,0,Yes,Yes,72,No,Yes,DSL,Yes,No,No,No internet service,Two year,Yes,Credit card,18.0,1338.23,1,113.4,0
CUST-001019,Male,0,Yes,No,31,Yes,No,Fiber optic,No,Yes,Yes,Yes,Month-to-month,No,Mailed check,39.24,1223.65,1,27.5,1
CUST-001020,Female,0,Yes,Yes,20,Yes,Yes,No,No,No,Yes,Yes,One year,Yes,Mailed check,21.55,397.97,1,117.9,0
CUST-001021,Male,0,Yes,No,18,Yes,No phone service,DSL,No,No,No internet service,No,One year,No,Mailed check,87.87,1452.97,1,181.6,0
CUST-001022,Female,0,No,Yes,7,Yes,Yes,DSL,No,No,No,No,Two year,Yes,Electronic check,136.43,941.57,0,230.3,0
CUST-001023,Male,0,Yes,Yes,37,Yes,Yes,Fiber optic,No,No,Yes,Yes,Month-to-month,No,Electronic check,33.8,1298.29,0,291.8,0
CUST-001024,Female,0,Yes,No,23,Yes,Yes,No,No,No internet service,No,No,Month-to-month,No,Electronic check,46.52,1053.42,1,321.3,0
CUST-001025,Male,0,No,No,58,Yes,No,Fiber optic,No,No,No,Yes,Month-to-month,Yes,Bank transfer,97.67,5786.62,4,44.5,1
CUST-001026,Female,0,No,Yes,44,Yes,Yes,DSL,Yes,No,Yes,No internet service,Month-to-month,No,Electronic check,116.37,5341.55,0,87.4,1
CUST-001027,Male,0,Yes,Yes,23,No,No phone service,Fiber optic,Yes,No,Yes,No,One year,No,Bank transfer,71.36,1503.45,1,137.6,0
CUST-001028,Female,0,Yes,No,4,Yes,Yes,No,Yes,No internet service,No,No internet service,Month-to-month,Yes,Credit card,87.72,336.05,4,208.3,1
CUST-001029,Male,0,Yes,No,31,Yes,No,DSL,No internet service,No internet service,Yes,No,Month-to-month,No,Electronic check,62.5,1882.82,4,172.3,1
CUST-001030,Female,0,No,No,29,Yes,Yes,DSL,No,No internet service,Yes,No internet service,Two year,No,Electronic check,148.21,3840.19,2,243.2,0
CUST-001031,Female,0,No,No,3,Yes,No,Fiber optic,No,No,No,No internet service,Month-to-month,Yes,Credit card,99.34,300.84,0,211.7,1
CUST-001032,Female,0,No,Yes,40,Yes,No,Fiber optic,No,No internet service,No,No,Two year,Yes,Credit card,105.67,3814.08,1,243.2,0
CUST-001033,Male,0,Yes,Yes,10,Yes,No,Fiber optic,No,No,No,Yes,One year,No,Credit card,97.53,966.87,2,48.3,0
CUST-001034,Female,0,No,No,61,Yes,No,Fiber optic,No,No,No,Yes,Two year,Yes,Mailed check,82.56,4808.31,1,188.9,0
CUST-001035,Male,0,Yes,No,28,Yes,Yes,DSL,No,Yes,No,Yes,One year,No,Mailed check,98.5,2805.7,1,196.6,0
CUST-001036,Female,0,No,No,18,No,Yes,DSL,Yes,No internet service,Yes,Yes,Month-to-month,Yes,Electronic check,35.23,603.88,2,198.6,1
CUST-001037,Male,0,Yes,Yes,35,Yes,Yes,Fiber optic,Yes,No internet service,Yes,No internet service,Month-to-month,No,Mailed check,34.94,1182.99,0,176.6,1
CUST-001038,Female,0,Yes,No,33,Yes,No,DSL,No,Yes,No,No,Two year,Yes,Mailed check,65.49,1915.38,0,326.0,0
CUST-001039,Female,0,Yes,No,32,Yes,No,Fiber optic,No,Yes,Yes,No,Month-to-month,No,Credit card,119.47,3867.43,2,181.4,0
CUST-001040,Male,0,No,No,55,Yes,Yes,Fiber optic,Yes,No internet service,Yes,Yes,Month-to-month,No,Credit card,77.58,3969.86,0,76.8,1
CUST-001041,Male,0,Yes,No,36,Yes,Yes,No,Yes,No,Yes,No internet service,One year,Yes,Electronic check,75.59,2628.74,1,76.9,0
CUST-001042,Female,0,Yes,No,16,Yes,Yes,Fiber optic,No,No,No,Yes,Month-to-month,No,Credit card,58.38,952.01,1,130.4,0
CUST-001043,Female,0,No,No,24,Yes,No,DSL,Yes,Yes,No,No,Month-to-month,No,Credit card,101.88,2312.78,3,76.5,1
CUST-001044,Male,0,Yes,No,72,Yes,Yes,No,No,No,Yes,No internet service,Month-to-month,No,Credit card,89.56,5834.86,2,336.5,1
CUST-001045,Female,0,Yes,Yes,15,Yes,No,DSL,No,No,Yes,Yes,Month-to-month,Yes,Credit card,70.59,956.25,0,313.6,0
CUST-001046,Male,0,Yes,Yes,40,Yes,No,DSL,No,Yes,No internet service,No internet service,One year,No,Electronic check,75.06,2892.18,1,129.5,1
CUST-001047,Female,0,Yes,No,57,Yes,No,DSL,No,No,Yes,No,Month-to-month,No,Mailed check,28.19,1459.53,1,218.0,0
CUST-001048,Female,0,No,No,43,Yes,No,No,No internet service,No internet service,No,No,Month-to-month,Yes,Credit card,29.53,1165.43,0,150.5,0
CUST-001049,Female,0,Yes,No,31,Yes,No,No,Yes,Yes,Yes,Yes,Month-to-month,No,Mailed check,66.34,1844.64,1,159.0,0
CUST-001050,Female,0,Yes,No,35,Yes,No phone service,Fiber optic,Yes,No,No,No,One year,Yes,Electronic check,110.41,3629.69,1,119.7,1
CUST-001051,Female,0,No,No,45,Yes,No,DSL,No,No,No internet service,No internet service,Month-to-month,Yes,Credit card,86.93,3689.78,2,231.2,0
CUST-001052,Female,1,Yes,Yes,15,Yes,No,No,No,No,No internet service,Yes,Month-to-month,Yes,Credit card,59.11,846.94,0,164.0,1
CUST-001053,Male,0,No,No,29,Yes,No,No,No,No internet service,No,Yes,Two year,No,Mailed check,92.36,2594.3,0,144.7,0
CUST-001054,Female,0,No,No,72,Yes,No,Fiber optic,No internet service,No,No,Yes,Month-to-month,No,Credit card,137.62,9587.67,3,142.6,0
CUST-001055,Female,0,Yes,No,41,Yes,No,Fiber optic,No,No,No,No internet service,One year,No,Mailed check,92.34,3496.13,1,276.0,0
CUST-001056,Female,0,No,No,32,Yes,No phone service,DSL,No,No,No internet service,No,Month-to-month,Yes,Credit card,79.29,2613.74,1,101.8,1
CUST-001057,Male,0,No,Yes,22,Yes,Yes,Fiber optic,Yes,No internet service,Yes,No,Month-to-month,No,Electronic check,88.76,1859.73,2,125.5,1
CUST-001058,Male,1,Yes,No,15,Yes,No,DSL,No,No internet service,No internet service,Yes,Month-to-month,No,Mailed check,66.21,1009.47,1,119.4,0
CUST-001059,Male,0,Yes,No,36,Yes,Yes,DSL,No,No,No,Yes,Two year,Yes,Mailed check,75.09,2598.99,0,245.5,0
CUST-001060,Male,0,Yes,No,38,Yes,Yes,Fiber optic,No,No,No,No,Month-to-month,Yes,Bank transfer,146.1,5130.47,0,326.9,1
CUST-001061,Female,0,Yes,No,28,Yes,No,Fiber optic,No,No internet service,No,Yes,Month-to-month,Yes,Electronic check,122.46,3421.05,1,117.6,0
CUST-001062,Female,1,Yes,No,72,Yes,No phone service,No,Yes,Yes,No internet service,No,Month-to-month,Yes,Electronic check,94.76,6040.5,0,310.1,0
CUST-001063,Female,0,Yes,No,16,Yes,No,No,No,No internet service,Yes,Yes,Month-to-month,Yes,Credit card,56.39,941.84,1,284.1,1
CUST-001064,Male,0,No,Yes,13,Yes,Yes,No,Yes,No,No internet service,No,One year,Yes,Electronic check,43.05,539.82,0,89.4,0
CUST-001065,Male,0,Yes,Yes,22,No,No,No,No,No,Yes,Yes,Two year,Yes,Bank transfer,81.69,1564.97,3,199.7,1
CUST-001066,Male,1,No,No,29,No,No phone service,No,Yes,Yes,No internet service,No internet service,Month-to-month,No,Bank transfer,107.31,2907.51,1,79.8,0
CUST-001067,Male,0,Yes,Yes,14,Yes,No phone service,DSL,No,No,Yes,No internet service,Month-to-month,Yes,Credit card,121.7,1691.06,0,148.6,1
CUST-001068,Female,0,No,No,36,Yes,No,Fiber optic,No,Yes,No,Yes,Month-to-month,No,Credit card,21.42,665.98,4,50.4,1
CUST-001069,Male,0,No,No,38,No,No,No,No,No,Yes,No,Two year,Yes,Electronic check,143.39,4916.4,0,140.8,0
CUST-001070,Female,0,Yes,No,49,Yes,Yes,DSL,No,No,No,Yes,Month-to-month,Yes,Electronic check,82.51,4183.97,2,155.1,1
CUST-001071,Female,0,Yes,No,19,Yes,Yes,Fiber optic,Yes,No internet service,Yes,No,Month-to-month,No,Electronic check,122.27,2140.13,0,92.6,0
CUST-001072,Female,0,Yes,No,72,Yes,Yes,No,No,Yes,Yes,No,Two year,No,Bank transfer,18.0,1142.85,1,216.4,0
CUST-001073,Female,0,Yes,No,46,Yes,Yes,Fiber optic,No,No,No,No,Two year,Yes,Bank transfer,87.89,3516.16,1,281.9,1
CUST-001074,Male,0,Yes,Yes,16,Yes,Yes,No,No,Yes,No internet service,No,Month-to-month,Yes,Electronic check,94.69,1475.29,4,226.3,1
CUST-001075,Male,0,No,No,14,Yes,No,DSL,Yes,No,No,Yes,Month-to-month,Yes,Mailed check,34.76,467.93,2,63.8,1
CUST-001076,Female,0,No,Yes,24,Yes,No,Fiber optic,No,Yes,No internet service,No,One year,No,Bank transfer,18.0,423.16,0,290.4,1
CUST-001077,Male,0,Yes,No,38,Yes,No,No,Yes,Yes,Yes,No internet service,Two year,No,Electronic check,80.07,3169.07,2,196.3,0
CUST-001078,Female,0,No,Yes,43,Yes,Yes,DSL,Yes,No,No,Yes,Month-to-month,No,Bank transfer,68.51,2539.33,4,104.9,0
CUST-001079,Male,0,No,No,46,Yes,Yes,DSL,No internet service,Yes,No,Yes,Month-to-month,No,Electronic check,113.24,4633.62,1,162.5,1
CUST-001080,Female,0,Yes,Yes,72,Yes,No phone service,DSL,Yes,No,No internet service,Yes,Month-to-month,No,Bank transfer,65.2,4209.93,2,294.0,1
CUST-001081,Female,0,No,Yes,5,Yes,No phone service,Fiber optic,No,Yes,No,No,Month-to-month,No,Bank transfer,92.4,432.16,1,177.5,1
CUST-001082,Male,0,Yes,No,27,Yes,No phone service,Fiber optic,No,No,No internet service,No internet service,Month-to-month,No,Bank transfer,115.93,2736.37,2,128.5,1
CUST-001083,Female,0,No,No,72,Yes,No phone service,Fiber optic,Yes,Yes,No internet service,Yes,One year,No,Electronic check,126.01,8455.24,0,168.2,1
CUST-001084,Female,0,No,Yes,50,Yes,Yes,Fiber optic,No,No,Yes,Yes,Month-to-month,Yes,Electronic check,73.74,3735.69,1,54.7,1
CUST-001085,Female,0,Yes,No,12,Yes,No,Fiber optic,Yes,Yes,No,No internet service,Month-to-month,No,Credit card,123.33,1306.46,0,105.0,1
CUST-001086,Male,0,Yes,Yes,34,Yes,Yes,DSL,No internet service,No,No internet service,No,Two year,Yes,Electronic check,54.35,1909.39,2,234.7,0
CUST-001087,Female,0,No,No,26,Yes,Yes,Fiber optic,Yes,Yes,Yes,Yes,Month-to-month,No,Electronic check,95.5,2562.96,1,164.4,1
CUST-001088,Male,0,Yes,No,25,Yes,No,DSL,No,No,No,No,Month-to-month,Yes,Electronic check,90.12,2146.28,0,145.8,1
CUST-001089,Male,0,No,Yes,19,Yes,No,Fiber optic,No internet service,No,Yes,Yes,Two year,Yes,Bank transfer,120.35,2337.11,0,176.3,0
CUST-001090,Female,0,No,Yes,32,Yes,No,Fiber optic,Yes,No,No,No,Month-to-month,No,Credit card,104.55,3319.82,2,246.2,1
CUST-001091,Male,0,Yes,No,63,No,Yes,No,No,Yes,No,Yes,Two year,No,Credit card,37.58,2181.52,0,416.8,0
CUST-001092,Male,0,Yes,No,21,Yes,No phone service,No,No,No,Yes,No,Month-to-month,Yes,Bank transfer,18.0,363.77,0,0.0,0
CUST-001093,Male,0,No,No,47,No,Yes,No,No internet service,No,No internet service,No,Month-to-month,No,Mailed check,64.36,2641.79,0,173.0,1
CUST-001094,Female,0,No,No,52,Yes,No,Fiber optic,No,Yes,No,No,One year,Yes,Electronic check,124.14,6126.97,2,148.1,0
CUST-001095,Female,0,No,Yes,71,Yes,No,DSL,No,No,No,No,Month-to-month,No,Mailed check,83.49,6022.68,3,292.4,1
CUST-001096,Female,0,Yes,No,14,Yes,Yes,Fiber optic,No internet service,No internet service,No internet service,No internet service,Month-to-month,Yes,Electronic check,102.26,1384.48,0,165.9,1
CUST-001097,Female,0,No,No,30,Yes,No,DSL,No,No,No,No,Month-to-month,Yes,Electronic check,69.79,1939.59,2,134.6,0
CUST-001098,Male,0,Yes,No,17,Yes,Yes,No,No,No,Yes,Yes,One year,Yes,Mailed check,79.27,1324.34,0,152.7,0
CUST-001099,Female,0,Yes,No,32,Yes,No,Fiber optic,No,No,No internet service,Yes,Month-to-month,No,Credit card,65.18,2180.3,4,306.6,1
CUST-001100,Male,0,Yes,No,32,Yes,No,No,No,No,No,Yes,One year,No,Mailed check,93.41,2580.99,1,17.4,0
CUST-001101,Male,1,No,No,11,Yes,Yes,DSL,No internet service,Yes,Yes,No,One year,Yes,Electronic check,95.39,961.22,0,201.9,1
CUST-001102,Female,0,No,No,34,Yes,No,Fiber optic,No,No,No internet service,Yes,Month-to-month,No,Bank transfer,84.34,2526.92,1,214.7,1
CUST-001103,Female,0,No,No,72,Yes,Yes,Fiber optic,No,Yes,No,Yes,Month-to-month,No,Bank transfer,108.11,8106.11,1,326.1,0
CUST-001104,Male,0,No,No,43,Yes,No,No,No internet service,No,Yes,No internet service,Month-to-month,No,Electronic check,18.5,763.17,1,64.8,0
CUST-001105,Male,1,Yes,Yes,9,Yes,No,DSL,No,No internet service,No internet service,No,One year,Yes,Mailed check,75.4,594.42,2,126.7,0
CUST-001106,Male,1,No,No,13,Yes,No,Fiber optic,No,Yes,Yes,No,Month-to-month,No,Credit card,91.01,1150.47,0,220.6,0
CUST-001107,Male,1,No,No,29,Yes,No,Fiber optic,Yes,No,No,No,One year,No,Electronic check,132.78,3658.33,1,143.9,1
CUST-001108,Male,0,No,No,14,Yes,No,No,Yes,Yes,No,No,Month-to-month,No,Mailed check,64.04,772.72,3,32.2,0
CUST-001109,Male,1,No,No,69,No,Yes,Fiber optic,No,No,No,No,Month-to-month,No,Electronic check,121.06,8544.45,1,261.4,1
CUST-001110,Male,0,Yes,No,8,Yes,No,No,No internet service,No,Yes,No internet service,One year,No,Mailed check,58.26,462.31,1,181.8,0
CUST-001111,Male,0,Yes,No,43,Yes,Yes,DSL,No,No,No,No,Month-to-month,No,Mailed check,18.0,658.71,0,102.9,1
CUST-001112,Male,0,No,Yes,6,Yes,No,Fiber optic,No,No,No,No,Month-to-month,Yes,Mailed check,88.23,551.6,1,83.2,1
CUST-001113,Male,0,Yes,No,29,Yes,Yes,Fiber optic,Yes,No,Yes,Yes,One year,No,Bank transfer,100.9,2580.46,1,207.9,0
CUST-001114,Female,0,Yes,No,12,Yes,No phone service,DSL,Yes,Yes,No,Yes,One year,No,Credit card,74.53,760.2,3,64.3,0
CUST-001115,Male,0,No,No,49,Yes,Yes,Fiber optic,Yes,Yes,Yes,No,Month-to-month,Yes,Bank transfer,99.98,4582.74,2,214.9,1
CUST-001116,Female,0,No,Yes,61,Yes,No phone service,Fiber optic,Yes,No internet service,No internet service,Yes,Month-to-month,Yes,Electronic check,79.81,4275.03,1,447.0,1
CUST-001117,Female,0,Yes,No,38,Yes,Yes,Fiber optic,Yes,No internet service,No internet service,No internet service,Month-to-month,Yes,Electronic check,85.29,3124.37,0,70.2,1
CUST-001118,Male,0,Yes,Yes,63,Yes,No,No,Yes,Yes,No,No,One year,No,Credit card,36.21,2081.12,0,332.8,0
CUST-001119,Female,0,Yes,No,2,Yes,Yes,DSL,No,No internet service,Yes,Yes,Month-to-month,Yes,Bank transfer,18.0,31.93,1,290.8,1
CUST-001120,Male,0,Yes,Yes,33,Yes,No phone service,DSL,No,No internet service,No,Yes,One year,Yes,Credit card,66.81,2308.37,1,127.3,0
CUST-001121,Female,0,Yes,No,43,Yes,No,Fiber optic,No,No,No,Yes,One year,No,Mailed check,72.64,2863.0,3,149.8,0
CUST-001122,Male,0,Yes,No,46,Yes,Yes,DSL,No,No,Yes,No,Two year,No,Credit card,102.4,4394.34,2,134.3,0
CUST-001123,Female,0,No,No,41,Yes,Yes,DSL,No,Yes,Yes,No,Month-to-month,Yes,Bank transfer,18.0,670.73,1,210.7,1
CUST-001124,Female,1,Yes,Yes,47,Yes,No,Fiber optic,Yes,No internet service,No,No,Month-to-month,No,Mailed check,103.73,4960.15,0,185.2,1
CUST-001125,Female,0,Yes,No,33,Yes,No,No,No,No,No,No,Month-to-month,No,Credit card,133.64,3922.31,1,145.2,0
CUST-001126,Male,0,No,Yes,9,Yes,No,No,Yes,Yes,Yes,No,Month-to-month,Yes,Mailed check,64.51,508.36,1,116.4,1
CUST-001127,Female,0,Yes,Yes,19,Yes,No,Fiber optic,No internet service,No,Yes,Yes,Month-to-month,No,Mailed check,94.92,1850.85,0,114.0,1
CUST-001128,Female,0,No,No,69,No,No phone service,No,Yes,No internet service,No internet service,Yes,Two year,Yes,Bank transfer,82.79,5065.15,1,255.1,0
CUST-001129,Male,0,Yes,No,64,Yes,No,DSL,Yes,No internet service,No internet service,Yes,Month-to-month,No,Bank transfer,85.14,5566.3,0,91.9,0
CUST-001130,Male,0,Yes,No,42,Yes,Yes,DSL,Yes,No internet service,No,No,Month-to-month,Yes,Electronic check,57.74,2341.94,0,122.5,0
CUST-001131,Female,1,Yes,No,49,Yes,Yes,Fiber optic,Yes,No,No,No,Month-to-month,Yes,Electronic check,64.75,3219.36,3,248.1,0
CUST-001132,Female,0,Yes,No,59,Yes,No,No,Yes,No,Yes,Yes,Two year,No,Electronic check,89.58,4566.68,0,141.8,0
CUST-001133,Male,1,Yes,Yes,42,Yes,No,DSL,No internet service,No internet service,No internet service,No,Month-to-month,Yes,Mailed check,18.0,788.3,1,115.2,1
CUST-001134,Female,0,No,No,68,Yes,No,No,Yes,No internet service,No internet service,Yes,One year,Yes,Bank transfer,94.97,5876.24,0,143.5,0
CUST-001135,Male,0,No,Yes,66,Yes,Yes,Fiber optic,No,No,Yes,Yes,Two year,No,Mailed check,83.25,4734.53,0,345.4,0
CUST-001136,Female,0,No,No,72,Yes,No,Fiber optic,No,No,No,No,Month-to-month,Yes,Mailed check,95.09,6867.05,1,89.8,0
CUST-001137,Female,0,No,No,20,Yes,Yes,No,No,No internet service,Yes,No,One year,No,Electronic check,54.23,960.65,1,288.1,0
CUST-001138,Female,0,Yes,No,20,Yes,No phone service,DSL,No,No,No,No,Month-to-month,Yes,Mailed check,112.93,2078.35,1,123.9,1
CUST-001139,Male,0,No,Yes,39,Yes,Yes,Fiber optic,Yes,Yes,Yes,No,Month-to-month,Yes,Bank transfer,102.47,3872.18,4,213.7,1
CUST-001140,Female,0,No,Yes,72,No,No phone service,No,Yes,No,No internet service,No,Month-to-month,Yes,Bank transfer,60.35,3752.92,2,130.6,0
CUST-001141,Male,0,Yes,No,71,Yes,Yes,Fiber optic,No,No internet service,No,No,Month-to-month,Yes,Bank transfer,84.5,5342.06,1,258.9,0
CUST-001142,Male,0,No,Yes,54,Yes,No,No,No,Yes,No internet service,No,One year,Yes,Mailed check,65.56,3355.25,1,59.4,0
CUST-001143,Male,0,No,Yes,72,Yes,No,No,No,No,No,No,Two year,No,Credit card,141.91,9546.93,2,103.8,0
CUST-001144,Female,1,No,No,43,Yes,No,Fiber optic,No,No internet service,No,No,Month-to-month,No,Credit card,55.49,2294.13,0,121.0,0
CUST-001145,Female,1,No,Yes,24,Yes,No,DSL,No internet service,No,No,Yes,One year,Yes,Credit card,102.49,2449.16,1,205.4,1
CUST-001146,Female,0,No,Yes,72,Yes,No,No,No,No,Yes,No,Month-to-month,Yes,Electronic check,87.04,5769.49,2,181.2,0
CUST-001147,Female,0,No,No,41,Yes,Yes,No,No,No,No,Yes,Month-to-month,Yes,Electronic check,116.19,4434.69,2,22.5,1
CUST-001148,Female,1,No,No,65,Yes,Yes,DSL,No internet service,No,Yes,Yes,One year,No,Bank transfer,88.87,5224.87,2,84.7,0
CUST-001149,Male,0,No,No,2,Yes,No,DSL,No,No,No,No internet service,Month-to-month,No,Mailed check,70.1,128.7,2,333.4,0
CUST-001150,Female,1,Yes,No,2,Yes,Yes,DSL,No internet service,Yes,No internet service,No,One year,Yes,Electronic check,100.6,173.07,0,180.7,0
CUST-001151,Male,0,No,Yes,34,Yes,No,Fiber optic,No,No internet service,No,No,Month-to-month,Yes,Electronic check,101.89,3346.66,1,0.0,1
CUST-001152,Female,0,No,No,14,Yes,No,DSL,No,Yes,No internet service,No,Two year,No,Electronic check,92.65,1147.34,3,234.0,0
CUST-001153,Female,0,Yes,No,36,Yes,Yes,Fiber optic,No internet service,No,Yes,No,Month-to-month,Yes,Bank transfer,137.85,4929.02,0,184.3,0
CUST-001154,Male,0,No,No,20,Yes,Yes,Fiber optic,No,No,Yes,Yes,Month-to-month,No,Mailed check,97.78,1678.69,0,209.1,1
CUST-001155,Male,0,Yes,Yes,72,No,No,Fiber optic,Yes,Yes,No,No,One year,Yes,Mailed check,82.27,5105.76,1,227.2,0
CUST-001156,Male,0,Yes,No,62,Yes,Yes,No,No,Yes,Yes,No,Month-to-month,Yes,Electronic check,50.69,2850.06,2,90.9,1
CUST-001157,Male,0,No,No,72,Yes,Yes,Fiber optic,No,No,No,No,Month-to-month,Yes,Electronic check,108.52,7326.26,2,216.9,1
CUST-001158,Female,0,No,No,3,Yes,No,Fiber optic,No,Yes,No,Yes,Two year,No,Bank transfer,68.65,203.64,1,260.1,0
CUST-001159,Male,0,Yes,No,53,Yes,Yes,Fiber optic,Yes,No internet service,Yes,No internet service,Month-to-month,No,Electronic check,84.51,4427.02,3,151.5,0
CUST-001160,Male,0,No,Yes,26,Yes,Yes,Fiber optic,Yes,No internet service,No,Yes,Month-to-month,Yes,Credit card,65.97,1791.93,0,289.2,1
CUST-001161,Female,0,Yes,No,72,Yes,Yes,No,No,No internet service,No internet service,No,Month-to-month,No,Electronic check,85.25,5648.99,1,23.8,0
CUST-001162,Male,0,No,Yes,48,Yes,Yes,Fiber optic,No,No internet service,Yes,No,One year,No,Credit card,72.44,2996.63,3,238.3,1
CUST-001163,Male,0,No,Yes,29,Yes,No phone service,Fiber optic,Yes,Yes,No,No,One year,Yes,Mailed check,56.4,1671.94,0,80.5,0
CUST-001164,Male,1,No,Yes,10,Yes,No,No,Yes,No,No internet service,No,Two year,Yes,Credit card,36.68,365.35,1,0.0,0
CUST-001165,Male,0,Yes,No,34,Yes,Yes,Fiber optic,No,No,No,No internet service,Month-to-month,Yes,Credit card,77.87,2286.44,0,62.1,0
CUST-001166,Male,0,No,No,68,Yes,No,DSL,No,Yes,No,No internet service,Month-to-month,Yes,Credit card,55.59,3276.17,2,13.1,0
CUST-001167,Male,1,No,No,72,No,No,No,Yes,No,Yes,Yes,Month-to-month,Yes,Electronic check,77.54,5277.89,1,307.1,0
CUST-001168,Male,1,Yes,Yes,23,No,No,DSL,Yes,Yes,Yes,No internet service,Month-to-month,No,Electronic check,65.15,1376.1,2,108.8,1
CUST-001169,Female,0,Yes,No,72,Yes,No,Fiber optic,No,No internet service,No,No,One year,Yes,Bank transfer,106.11,7405.13,2,219.1,0
CUST-001170,Male,0,No,No,64,Yes,No,DSL,No internet service,No internet service,No,No,Month-to-month,Yes,Electronic check,83.52,4777.69,0,126.0,0
CUST-001171,Male,0,Yes,No,14,Yes,No,DSL,Yes,No internet service,No,No,One year,No,Electronic check,92.21,1345.06,1,328.4,0
CUST-001172,Female,0,No,No,11,Yes,Yes,DSL,No internet service,Yes,Yes,No,One year,No,Electronic check,18.0,188.58,2,130.3,0
CUST-001173,Female,0,Yes,No,27,No,No,Fiber optic,No internet service,Yes,Yes,No,One year,Yes,Bank transfer,61.18,1652.19,0,203.8,0
CUST-001174,Female,1,No,Yes,22,Yes,No,No,No,Yes,No,No,Month-to-month,No,Credit card,86.65,1668.25,2,106.4,0
CUST-001175,Female,0,Yes,No,43,Yes,Yes,DSL,No internet service,No internet service,Yes,No,Month-to-month,No,Electronic check,76.34,3195.35,2,242.9,0
CUST-001176,Male,0,Yes,No,31,Yes,No phone service,DSL,No,No,No,No,Two year,Yes,Credit card,99.31,3149.46,1,162.5,0
CUST-001177,Male,1,Yes,No,24,Yes,No phone service,No,No,No,Yes,Yes,One year,Yes,Bank transfer,23.68,485.67,0,229.5,0
CUST-001178,Female,1,No,No,7,Yes,No,No,No,Yes,Yes,No,Month-to-month,Yes,Electronic check,55.75,373.83,1,39.6,0
CUST-001179,Male,0,No,No,49,Yes,Yes,DSL,Yes,No,No,No,One year,No,Bank transfer,61.11,2692.95,0,219.2,0
CUST-001180,Female,0,Yes,No,6,Yes,Yes,Fiber optic,No,No,No,Yes,Two year,Yes,Bank transfer,100.0,567.39,1,186.1,1
CUST-001181,Male,0,No,No,64,Yes,Yes,Fiber optic,No internet service,No internet service,No,No,Month-to-month,Yes,Credit card,96.08,6230.04,2,29.7,1
CUST-001182,Male,0,Yes,No,4,Yes,No,DSL,No,No,Yes,No internet service,Two year,Yes,Bank transfer,84.07,332.26,2,0.0,0
CUST-001183,Female,0,Yes,Yes,6,Yes,Yes,Fiber optic,Yes,Yes,No,No,Month-to-month,Yes,Mailed check,91.56,549.86,1,299.4,1
CUST-001184,Female,0,No,No,14,Yes,No,DSL,Yes,No,No,Yes,Two year,Yes,Electronic check,111.17,1388.82,0,223.5,0
CUST-001185,Female,0,Yes,Yes,21,Yes,No phone service,DSL,Yes,No,Yes,Yes,Month-to-month,Yes,Credit card,120.74,2577.31,1,224.8,0
CUST-001186,Male,0,Yes,No,17,Yes,Yes,DSL,Yes,No,Yes,Yes,Month-to-month,Yes,Credit card,36.46,603.01,1,319.4,1
CUST-001187,Female,0,No,Yes,21,Yes,No phone service,Fiber optic,No internet service,No,No,Yes,Month-to-month,No,Credit card,96.35,1747.95,0,254.8,0
CUST-001188,Male,0,No,No,37,No,No,No,Yes,No internet service,No,Yes,Two year,Yes,Bank transfer,93.94,3554.12,2,299.8,0
CUST-001189,Female,0,Yes,No,14,Yes,Yes,DSL,No internet service,No,No internet service,Yes,Two year,Yes,Credit card,87.56,1055.63,1,78.0,0
CUST-001190,Female,0,Yes,No,37,No,Yes,DSL,No,Yes,No,No,Month-to-month,No,Bank transfer,57.76,1829.0,0,179.7,0
CUST-001191,Female,1,No,No,2,Yes,Yes,DSL,No,No internet service,Yes,No internet service,Month-to-month,Yes,Credit card,77.65,157.89,0,416.5,1
CUST-001192,Male,0,No,No,14,Yes,No,Fiber optic,No,No internet service,No,No,Month-to-month,No,Mailed check,47.5,566.94,0,237.5,1
CUST-001193,Female,0,Yes,No,5,Yes,No,DSL,Yes,Yes,Yes,No,Month-to-month,Yes,Bank transfer,69.43,301.2,0,0.0,1
CUST-001194,Female,0,No,No,64,No,No,Fiber optic,No,No,No,No,One year,Yes,Bank transfer,51.19,2795.89,1,199.1,0
CUST-001195,Male,0,No,No,16,Yes,Yes,DSL,No,No,No internet service,No internet service,Month-to-month,Yes,Electronic check,85.24,1399.37,2,125.8,1
CUST-001196,Female,0,Yes,No,47,No,No,Fiber optic,Yes,No,Yes,Yes,Two year,Yes,Electronic check,61.52,2483.62,1,96.7,0
CUST-001197,Female,0,Yes,No,4,Yes,No,Fiber optic,No internet service,No internet service,Yes,No internet service,Two year,No,Mailed check,99.89,369.41,0,285.5,0
CUST-001198,Female,1,No,No,72,Yes,Yes,Fiber optic,No,No internet service,Yes,No,Month-to-month,No,Electronic check,104.58,6726.81,1,136.4,1
CUST-001199,Female,0,Yes,No,32,Yes,Yes,Fiber optic,No,Yes,Yes,No,Month-to-month,Yes,Electronic check,97.28,2858.61,1,205.3,0
CUST-001200,Female,1,Yes,No,30,Yes,No,No,Yes,No,Yes,No internet service,Two year,Yes,Electronic check,51.04,1390.55,0,112.8,0
CUST-001201,Female,0,No,No,7,No,No phone service,No,Yes,Yes,Yes,No internet service,Two year,No,Mailed check,63.69,458.12,0,205.6,0
CUST-001202,Female,0,No,No,12,Yes,No,Fiber optic,No,No,No,No internet service,One year,Yes,Electronic check,130.43,1571.04,1,237.9,1
CUST-001203,Female,1,No,Yes,25,Yes,No phone service,Fiber optic,Yes,No internet service,No internet service,No,Month-to-month,Yes,Credit card,82.26,2112.08,2,208.7,1
CUST-001204,Female,0,No,No,12,Yes,Yes,DSL,No,Yes,Yes,No internet service,Month-to-month,Yes,Mailed check,70.64,842.64,0,147.9,1
CUST-001205,Female,0,No,Yes,60,Yes,No,Fiber optic,Yes,No,Yes,No,One year,Yes,Credit card,78.3,4303.49,2,208.3,0
CUST-001206,Female,0,No,Yes,32,Yes,Yes,DSL,No,No internet service,Yes,Yes,Month-to-month,Yes,Mailed check,100.61,2856.34,2,361.2,1
CUST-001207,Female,0,No,No,13,Yes,Yes,Fiber optic,No,No,No,Yes,One year,Yes,Mailed check,97.33,1209.62,2,262.5,0
CUST-001208,Male,0,No,No,53,No,Yes,DSL,No,Yes,No internet service,No,One year,No,Bank transfer,47.08,2298.99,3,152.3,0
CUST-001209,Female,1,No,No,22,Yes,No,No,No,No,No,No,Month-to-month,Yes,Credit card,70.21,1511.77,1,82.4,0
CUST-001210,Male,0,No,Yes,52,Yes,No,Fiber optic,No,No,No internet service,No internet service,Month-to-month,Yes,Electronic check,87.77,3914.93,2,21.1,1
CUST-001211,Female,1,No,Yes,19,Yes,No,No,Yes,No,No internet service,Yes,Month-to-month,Yes,Mailed check,111.78,2108.05,3,32.3,1
CUST-001212,Male,0,Yes,Yes,44,Yes,No,No,No,No,Yes,Yes,Two year,No,Credit card,68.66,2748.86,1,27.0,0
CUST-001213,Male,0,Yes,No,21,Yes,Yes,No,No,Yes,Yes,No,Month-to-month,Yes,Electronic check,28.52,564.4,0,33.6,0
CUST-001214,Female,0,Yes,No,60,Yes,No,DSL,No,No,No internet service,Yes,Month-to-month,No,Credit card,84.96,5330.61,4,217.9,0
CUST-001215,Male,0,No,No,4,Yes,Yes,No,No,No,No internet service,No,Two year,Yes,Bank transfer,123.58,441.49,1,269.4,0
CUST-001216,Male,1,Yes,No,9,Yes,Yes,DSL,No,Yes,No,No,One year,No,Mailed check,105.91,832.62,0,135.4,0
CUST-001217,Female,0,Yes,No,27,Yes,No,No,No,No internet service,No,Yes,Month-to-month,Yes,Electronic check,36.91,888.95,0,186.7,0
CUST-001218,Female,0,Yes,No,16,Yes,No phone service,Fiber optic,No,No internet service,Yes,Yes,Two year,No,Bank transfer,86.94,1280.15,0,245.7,0
CUST-001219,Female,0,Yes,No,21,Yes,No phone service,DSL,Yes,No internet service,Yes,No,Month-to-month,Yes,Mailed check,69.08,1388.65,2,231.9,0
CUST-001220,Male,0,No,No,48,Yes,No,DSL,No,No,No,Yes,Two year,Yes,Bank transfer,69.44,3486.77,1,219.9,0
CUST-001221,Female,0,No,Yes,21,Yes,Yes,Fiber optic,No internet service,Yes,No,Yes,Two year,Yes,Electronic check,106.43,2288.59,0,274.2,0
CUST-001222,Female,0,No,Yes,38,Yes,No,Fiber optic,No,No internet service,Yes,Yes,Month-to-month,Yes,Electronic check,84.68,3195.17,0,233.8,1
CUST-001223,Male,0,No,No,13,Yes,No phone service,Fiber optic,Yes,Yes,No,No internet service,Month-to-month,Yes,Electronic check,67.53,872.73,1,100.9,0
CUST-001224,Female,0,Yes,No,3,Yes,Yes,Fiber optic,Yes,No,No,No,Month-to-month,Yes,Mailed check,123.55,336.1,0,205.8,1
CUST-001225,Female,1,No,No,51,Yes,No,Fiber optic,Yes,No internet service,No internet service,Yes,One year,No,Electronic check,61.29,3237.21,0,347.6,0
CUST-001226,Male,0,No,Yes,72,Yes,Yes,Fiber optic,Yes,No internet service,No,No,One year,Yes,Electronic check,70.94,4892.46,0,159.2,0
CUST-001227,Male,0,No,No,35,No,No,Fiber optic,No,No,No internet service,No,Month-to-month,Yes,Credit card,61.11,1887.44,3,244.2,1
CUST-001228,Female,0,No,No,28,Yes,No,DSL,No,No internet service,Yes,No internet service,Two year,Yes,Electronic check,88.37,2573.38,0,353.6,0
CUST-001229,Female,0,Yes,No,33,Yes,No phone service,Fiber optic,No,Yes,No internet service,No internet service,Month-to-month,No,Mailed check,98.19,3082.62,0,133.5,1
CUST-001230,Female,0,No,Yes,72,No,Yes,Fiber optic,No,Yes,No,No,One year,Yes,Mailed check,121.51,7708.21,3,62.4,0
CUST-001231,Female,0,No,Yes,36,Yes,Yes,Fiber optic,Yes,No,No,No,One year,Yes,Electronic check,71.44,2564.39,0,177.5,0
CUST-001232,Male,0,Yes,No,53,Yes,No,Fiber optic,No,No internet service,Yes,No,Month-to-month,Yes,Mailed check,57.41,2728.57,0,130.6,0
CUST-001233,Female,0,Yes,Yes,52,Yes,Yes,Fiber optic,No,Yes,Yes,Yes,Month-to-month,Yes,Credit card,81.68,3769.81,1,185.6,1
CUST-001234,Female,0,No,No,63,Yes,No phone service,No,No,No,Yes,No,One year,Yes,Bank transfer,64.53,3672.87,4,69.7,1
CUST-001235,Female,0,Yes,No,27,Yes,No,Fiber optic,No,No internet service,Yes,Yes,One year,No,Bank transfer,101.27,2640.46,0,75.5,0
CUST-001236,Male,0,No,No,19,Yes,No,Fiber optic,Yes,No internet service,No,No,Month-to-month,Yes,Credit card,44.53,768.64,1,164.8,1
CUST-001237,Female,0,No,No,45,Yes,Yes,DSL,No internet service,No,No,No,One year,Yes,Mailed check,84.36,3257.83,1,137.2,0
CUST-001238,Female,0,Yes,Yes,60,Yes,No,No,Yes,No internet service,Yes,Yes,Month-to-month,Yes,Bank transfer,43.17,2402.57,0,324.3,0
CUST-001239,Male,1,Yes,No,68,Yes,No phone service,DSL,No,No,Yes,No,Month-to-month,No,Electronic check,50.58,3084.61,1,116.4,1
CUST-001240,Male,0,No,No,72,Yes,No,Fiber optic,No,No,Yes,No internet service,Two year,Yes,Electronic check,130.21,8927.92,1,144.5,1
CUST-001241,Female,0,No,Yes,56,Yes,No,DSL,No,No,No internet service,No,Month-to-month,Yes,Mailed check,18.0,949.45,0,223.6,1
CUST-001242,Male,0,No,Yes,18,Yes,No,DSL,No internet service,Yes,Yes,No internet service,One year,No,Bank transfer,79.68,1241.43,1,420.7,1
CUST-001243,Male,0,Yes,No,35,Yes,No,Fiber optic,No,No,No,No internet service,One year,Yes,Bank transfer,104.56,3290.27,0,160.5,1
CUST-001244,Male,0,No,No,33,Yes,Yes,No,No,No,Yes,Yes,Month-to-month,No,Mailed check,45.44,1358.9,1,268.6,1
CUST-001245,Male,0,Yes,Yes,30,Yes,No,No,No,No,No,No,Month-to-month,Yes,Credit card,56.59,1607.63,0,142.2,0
CUST-001246,Male,0,Yes,No,45,Yes,Yes,DSL,No,No,Yes,No internet service,Month-to-month,Yes,Mailed check,106.63,4867.72,1,62.6,1
CUST-001247,Female,0,Yes,No,25,Yes,Yes,Fiber optic,No,No internet service,No internet service,Yes,Month-to-month,Yes,Mailed check,153.89,3438.32,1,108.4,1
CUST-001248,Female,0,No,No,25,Yes,No phone service,DSL,Yes,Yes,No,No,One year,Yes,Electronic check,101.94,2246.89,1,152.7,0
CUST-001249,Male,0,No,Yes,72,Yes,No,No,No internet service,No,Yes,Yes,Month-to-month,Yes,Credit card,126.58,7748.32,1,335.5,0
CUST-001250,Male,0,Yes,No,28,Yes,No,No,No,No internet service,Yes,No,Two year,Yes,Electronic check,49.26,1339.7,2,257.8,0
CUST-001251,Female,0,No,No,63,Yes,Yes,Fiber optic,No internet service,No,No internet service,Yes,Month-to-month,Yes,Bank transfer,47.6,2744.14,0,249.2,0
CUST-001252,Female,0,No,No,65,Yes,No,Fiber optic,No,Yes,Yes,Yes,Month-to-month,Yes,Electronic check,93.42,5975.42,3,140.8,0
CUST-001253,Male,0,No,No,36,Yes,No,Fiber optic,No,No,No,No internet service,Two year,No,Mailed check,119.15,4237.9,1,127.4,1
CUST-001254,Female,0,Yes,Yes,26,Yes,No,No,No,No internet service,No internet service,Yes,Month-to-month,Yes,Electronic check,18.0,401.98,1,97.7,0
CUST-001255,Male,0,Yes,Yes,14,Yes,Yes,DSL,No internet service,Yes,No internet service,Yes,One year,Yes,Mailed check,42.21,551.7,3,248.2,0
CUST-001256,Female,0,Yes,Yes,6,Yes,No,Fiber optic,No,No internet service,No internet service,No internet service,One year,Yes,Mailed check,70.54,441.68,0,270.6,1
CUST-001257,Male,0,No,No,47,Yes,Yes,Fiber optic,No,Yes,Yes,Yes,Two year,Yes,Credit card,105.7,4495.96,1,264.1,0
CUST-001258,Female,0,Yes,Yes,41,Yes,Yes,Fiber optic,Yes,No internet service,No,No,Month-to-month,Yes,Credit card,101.83,3990.9,1,61.2,0
CUST-001259,Male,0,Yes,No,52,Yes,No,No,No,No,No,No internet service,Month-to-month,Yes,Electronic check,46.75,2327.59,0,104.0,1
CUST-001260,Female,0,Yes,No,20,Yes,No,Fiber optic,Yes,Yes,No,No internet service,Two year,Yes,Electronic check,100.39,1811.34,1,365.8,1
CUST-001261,Male,0,Yes,No,72,No,Yes,Fiber optic,Yes,No,No,No internet service,Month-to-month,Yes,Credit card,60.66,4392.77,1,245.7,1
CUST-001262,Male,0,Yes,Yes,43,Yes,Yes,DSL,Yes,No,No,No internet service,One year,No,Bank transfer,57.21,2092.74,1,278.9,0
CUST-001263,Female,0,No,Yes,28,Yes,No,DSL,Yes,No,Yes,Yes,One year,Yes,Bank transfer,32.06,803.65,3,168.1,0
CUST-001264,Male,0,Yes,No,3,No,No,DSL,No,No,No,No internet service,One year,No,Electronic check,65.49,190.29,1,258.2,0
CUST-001265,Female,0,Yes,No,22,No,No,No,No,Yes,No,No,One year,Yes,Electronic check,45.99,1045.53,1,144.0,0
CUST-001266,Male,0,Yes,No,54,Yes,No,Fiber optic,Yes,Yes,No internet service,Yes,Two year,Yes,Credit card,115.71,5323.06,0,237.6,0
CUST-001267,Male,0,No,No,72,Yes,Yes,Fiber optic,No,No,No,No internet service,Month-to-month,Yes,Electronic check,94.21,6581.11,1,170.5,1
CUST-001268,Male,0,No,No,31,Yes,No,Fiber optic,No internet service,Yes,No internet service,Yes,One year,Yes,Electronic check,88.2,2325.85,0,170.9,0
CUST-001269,Female,1,No,No,72,Yes,No,DSL,No,No,No internet service,Yes,One year,No,Electronic check,123.04,8633.8,0,181.4,1
CUST-001270,Male,0,Yes,Yes,13,Yes,No,No,Yes,No,Yes,Yes,Month-to-month,Yes,Bank transfer,81.5,987.78,0,0.0,0
CUST-001271,Female,1,No,Yes,41,Yes,No,Fiber optic,No,Yes,Yes,Yes,Two year,No,Mailed check,83.96,3224.94,0,71.3,0
CUST-001272,Male,0,No,No,42,Yes,No,DSL,No,No,No internet service,No,Month-to-month,Yes,Bank transfer,52.49,2300.39,2,283.9,1
CUST-001273,Female,0,Yes,Yes,47,Yes,Yes,DSL,Yes,No,No,Yes,Month-to-month,No,Bank transfer,34.56,1602.53,1,235.9,0
CUST-001274,Male,0,No,Yes,34,Yes,Yes,No,No,No,Yes,No internet service,Two year,No,Bank transfer,68.02,2056.73,2,229.9,0
CUST-001275,Female,0,No,No,40,Yes,Yes,DSL,No internet service,No,No,No internet service,Two year,Yes,Credit card,79.23,3325.91,0,60.4,0
CUST-001276,Female,0,No,Yes,13,Yes,No phone service,Fiber optic,No,No,No,Yes,Month-to-month,Yes,Mailed check,37.57,440.21,3,133.4,0
CUST-001277,Female,0,Yes,No,72,Yes,No phone service,DSL,No internet service,Yes,Yes,No,One year,No,Electronic check,29.08,2066.96,0,280.9,0
CUST-001278,Male,0,Yes,Yes,59,Yes,Yes,No,No,No,No internet service,No internet service,Month-to-month,Yes,Mailed check,54.52,3171.66,1,50.9,0
CUST-001279,Male,0,No,No,39,Yes,Yes,DSL,Yes,Yes,Yes,Yes,Month-to-month,Yes,Electronic check,37.05,1473.95,3,115.5,0
CUST-001280,Female,0,Yes,Yes,60,Yes,No phone service,No,No,No,No,Yes,Month-to-month,Yes,Credit card,71.3,3977.44,1,44.5,0
CUST-001281,Male,0,Yes,No,72,Yes,No,Fiber optic,No internet service,No,No internet service,Yes,Two year,No,Mailed check,100.46,7155.28,0,234.1,0
CUST-001282,Male,0,No,Yes,47,Yes,No,DSL,Yes,No,No internet service,Yes,Month-to-month,Yes,Credit card,66.33,3040.19,2,118.0,1
CUST-001283,Male,1,Yes,No,72,Yes,Yes,Fiber optic,Yes,No,Yes,Yes,Month-to-month,Yes,Credit card,111.51,7524.87,0,291.9,0
CUST-001284,Male,0,Yes,No,50,Yes,Yes,Fiber optic,No,Yes,Yes,No internet service,One year,Yes,Mailed check,77.45,4001.17,1,193.7,0
CUST-001285,Female,0,Yes,No,15,Yes,Yes,Fiber optic,No internet service,No,Yes,Yes,Month-to-month,No,Electronic check,93.62,1264.45,2,215.3,1
CUST-001286,Female,0,Yes,No,37,Yes,No,Fiber optic,No internet service,No,Yes,Yes,Month-to-month,No,Bank transfer,64.9,2148.83,1,224.6,0
CUST-001287,Male,0,Yes,No,61,Yes,No phone service,Fiber optic,No,No,Yes,Yes,Month-to-month,Yes,Bank transfer,103.54,6164.76,0,315.1,0
CUST-001288,Female,0,No,No,72,Yes,No,DSL,No,No,No,Yes,One year,Yes,Bank transfer,72.28,4621.4,1,238.4,0
CUST-001289,Female,0,No,No,35,Yes,Yes,No,Yes,No internet service,Yes,Yes,One year,Yes,Mailed check,34.04,1210.6,1,282.5,0
CUST-001290,Female,0,Yes,No,14,Yes,Yes,Fiber optic,No,No internet service,Yes,Yes,One year,No,Electronic check,90.35,1161.07,0,124.7,0
CUST-001291,Male,0,No,No,26,Yes,No,Fiber optic,No,Yes,Yes,No,Month-to-month,Yes,Credit card,93.87,2279.96,0,116.8,0
CUST-001292,Male,0,Yes,No,8,Yes,No,Fiber optic,Yes,Yes,Yes,No,Month-to-month,No,Credit card,103.43,816.24,1,43.9,0
CUST-001293,Male,0,Yes,No,54,No,No,Fiber optic,Yes,No internet service,Yes,Yes,One year,Yes,Credit card,104.54,5797.89,2,227.0,0
CUST-001294,Male,1,No,No,22,Yes,Yes,Fiber optic,No,No,No,No internet service,Month-to-month,Yes,Bank transfer,73.36,1594.64,2,143.0,1
CUST-001295,Male,0,No,Yes,17,Yes,No,DSL,No internet service,Yes,No,No internet service,Month-to-month,Yes,Electronic check,92.91,1372.3,2,169.4,1
CUST-001296,Male,0,Yes,No,57,Yes,Yes,No,No internet service,No,No,No,Month-to-month,Yes,Electronic check,85.69,4482.01,0,181.7,0
CUST-001297,Female,0,No,Yes,72,Yes,Yes,DSL,No,Yes,No,Yes,Month-to-month,No,Electronic check,48.26,3474.95,1,223.3,0
CUST-001298,Male,0,Yes,No,17,Yes,No,DSL,No,No,No,No internet service,Month-to-month,No,Bank transfer,35.72,626.38,0,128.9,0
CUST-001299,Male,1,No,No,35,Yes,No,DSL,No,Yes,No internet service,Yes,Two year,No,Bank transfer,50.56,1728.33,1,210.0,0
CUST-001300,Male,0,No,No,27,Yes,Yes,Fiber optic,Yes,Yes,No,No,Month-to-month,Yes,Mailed check,50.85,1330.72,0,70.2,0
CUST-001301,Female,0,No,No,72,Yes,Yes,Fiber optic,No,Yes,No,No,One year,No,Mailed check,101.24,6748.75,2,288.4,0
CUST-001302,Female,1,No,No,29,Yes,Yes,Fiber optic,No,No internet service,No,No,Month-to-month,Yes,Bank transfer,130.51,3578.85,0,0.0,1
CUST-001303,Female,0,No,No,12,Yes,Yes,Fiber optic,Yes,Yes,Yes,No,One year,No,Electronic check,137.65,1546.78,1,81.9,0
CUST-001304,Male,0,No,No,30,Yes,Yes,No,No internet service,No,No internet service,No,One year,Yes,Credit card,37.32,964.01,1,239.9,0
CUST-001305,Male,0,Yes,Yes,68,Yes,No,DSL,No,Yes,No,No internet service,Two year,Yes,Electronic check,93.6,5438.14,1,233.3,0
CUST-001306,Male,0,No,No,25,Yes,Yes,DSL,No internet service,Yes,No,No,Month-to-month,No,Credit card,72.54,1765.29,0,235.2,1
CUST-001307,Female,0,No,No,18,Yes,No,Fiber optic,No,Yes,No,No,One year,Yes,Electronic check,23.12,396.2,1,62.1,0
CUST-001308,Male,0,No,No,28,Yes,No,Fiber optic,No,Yes,Yes,Yes,Month-to-month,Yes,Bank transfer,85.03,2140.27,1,0.0,1
CUST-001309,Female,0,No,No,13,Yes,No phone service,No,No,No,Yes,No,One year,No,Credit card,56.69,758.0,1,302.9,0
CUST-001310,Female,0,No,No,27,Yes,No,Fiber optic,No internet service,No,No,Yes,Two year,Yes,Electronic check,131.32,3160.41,0,181.2,0
CUST-001311,Female,1,No,Yes,20,Yes,No,DSL,No,Yes,No,Yes,One year,Yes,Bank transfer,43.87,868.74,3,234.2,0
CUST-001312,Female,0,Yes,No,72,Yes,No phone service,Fiber optic,No,No internet service,No internet service,No,One year,No,Electronic check,111.89,8118.03,3,100.6,0
CUST-001313,Male,0,Yes,No,4,Yes,No,Fiber optic,No,No,No,No,Two year,Yes,Electronic check,91.79,373.77,1,176.8,0
CUST-001314,Female,0,Yes,No,15,Yes,Yes,Fiber optic,No internet service,No internet service,Yes,Yes,Two year,Yes,Electronic check,51.63,788.25,1,34.9,0
CUST-001315,Female,0,Yes,No,18,Yes,Yes,No,No internet service,No,No,Yes,Month-to-month,No,Mailed check,53.43,970.32,1,153.5,0
CUST-001316,Female,0,Yes,Yes,13,No,No,Fiber optic,No,Yes,Yes,Yes,Month-to-month,No,Electronic check,140.95,1725.25,0,257.4,0
CUST-001317,Female,1,No,No,42,Yes,Yes,DSL,Yes,Yes,No,No,One year,Yes,Credit card,64.8,2652.92,1,0.0,0
CUST-001318,Male,0,Yes,No,16,Yes,Yes,Fiber optic,Yes,Yes,No,Yes,Two year,Yes,Credit card,122.18,1996.93,1,376.2,0
CUST-001319,Female,0,Yes,No,8,Yes,Yes,DSL,No,No,Yes,No,Month-to-month,Yes,Electronic check,95.53,713.86,0,56.7,1
CUST-001320,Female,1,Yes,No,33,Yes,Yes,DSL,Yes,No,Yes,No internet service,Month-to-month,No,Bank transfer,56.55,1836.68,1,124.0,0
CUST-001321,Male,0,Yes,No,24,Yes,Yes,DSL,No internet service,Yes,No,Yes,Month-to-month,Yes,Bank transfer,31.5,666.67,1,148.6,0
CUST-001322,Female,0,No,No,17,Yes,No phone service,Fiber optic,No internet service,No internet service,No internet service,No,Month-to-month,No,Electronic check,60.45,989.49,1,373.3,0
CUST-001323,Female,1,Yes,No,72,Yes,Yes,Fiber optic,No,No internet service,No,No,Month-to-month,Yes,Electronic check,138.55,8760.66,0,158.5,0
CUST-001324,Male,0,No,No,43,Yes,Yes,No,Yes,Yes,No,Yes,Month-to-month,Yes,Bank transfer,74.55,3148.22,0,234.6,0
CUST-001325,Female,0,No,No,39,Yes,No phone service,DSL,Yes,No,No,No,Month-to-month,No,Electronic check,18.0,649.61,0,75.4,0
CUST-001326,Male,1,No,Yes,43,Yes,No,Fiber optic,No,No internet service,No,No,One year,No,Electronic check,120.02,4621.86,2,131.0,0
CUST-001327,Male,1,Yes,Yes,42,Yes,No phone service,Fiber optic,No,No internet service,No,No internet service,Month-to-month,No,Electronic check,41.39,1603.22,4,184.0,1
CUST-001328,Male,1,No,Yes,25,Yes,No,Fiber optic,No,No,No internet service,Yes,Month-to-month,No,Bank transfer,70.22,1738.35,3,11.6,0
CUST-001329,Female,0,No,No,17,Yes,No,DSL,No internet service,No internet service,Yes,Yes,Month-to-month,No,Electronic check,72.44,1270.38,2,70.7,0
CUST-001330,Male,1,No,No,33,Yes,Yes,Fiber optic,Yes,No internet service,No,No internet service,Month-to-month,Yes,Electronic check,170.61,4798.39,2,130.4,1
CUST-001331,Male,0,No,No,25,Yes,No,Fiber optic,No internet service,No internet service,Yes,No internet service,Month-to-month,Yes,Electronic check,119.48,2639.22,3,223.6,0
CUST-001332,Female,0,No,Yes,4,Yes,Yes,Fiber optic,No internet service,No,No,Yes,Month-to-month,Yes,Electronic check,80.53,319.26,1,176.1,1
CUST-001333,Male,0,No,No,12,Yes,Yes,DSL,No internet service,No,Yes,Yes,Month-to-month,Yes,Bank transfer,70.85,819.37,3,241.7,1
CUST-001334,Male,0,No,No,22,Yes,No,No,No,No,Yes,No,One year,Yes,Bank transfer,97.59,1962.01,1,100.1,0
CUST-001335,Female,0,No,Yes,58,No,Yes,DSL,No,No,No,Yes,Month-to-month,Yes,Credit card,112.66,6405.67,0,294.9,1
CUST-001336,Male,1,Yes,No,34,Yes,Yes,DSL,No,Yes,No,No,Month-to-month,Yes,Mailed check,62.57,2177.27,1,240.8,0
CUST-001337,Male,0,No,No,14,Yes,No,DSL,No,No,Yes,Yes,Month-to-month,No,Mailed check,63.44,800.78,1,147.4,0
CUST-001338,Female,0,No,No,11,Yes,Yes,Fiber optic,Yes,No,No,No,Month-to-month,No,Mailed check,70.1,730.32,1,135.5,0
CUST-001339,Male,0,No,No,67,Yes,Yes,DSL,No,No,No internet service,Yes,Month-to-month,No,Electronic check,89.95,5147.96,2,134.9,1
CUST-001340,Male,0,No,No,26,Yes,No,Fiber optic,No internet service,No internet service,No,No,Month-to-month,No,Credit card,125.78,3398.45,3,96.5,1
CUST-001341,Female,0,Yes,No,1,Yes,Yes,Fiber optic,Yes,No internet service,No,No,Month-to-month,No,Electronic check,36.84,37.22,2,132.5,0
CUST-001342,Female,0,No,Yes,27,Yes,No phone service,DSL,Yes,No,No,No internet service,Month-to-month,Yes,Bank transfer,58.1,1491.75,2,171.3,1
CUST-001343,Female,0,No,Yes,50,Yes,Yes,Fiber optic,Yes,No,Yes,Yes,Two year,Yes,Mailed check,58.6,3071.63,2,199.7,0
CUST-001344,Female,0,No,No,11,Yes,Yes,DSL,No,No,Yes,Yes,Month-to-month,No,Credit card,74.53,732.94,0,256.2,1
CUST-001345,Male,0,Yes,No,32,Yes,No,DSL,No,No,Yes,No internet service,Month-to-month,No,Electronic check,32.86,1050.3,0,197.7,0
CUST-001346,Male,0,Yes,No,34,Yes,Yes,Fiber optic,Yes,No,No,No,Month-to-month,No,Bank transfer,55.4,1890.8,0,57.9,1
CUST-001347,Male,0,Yes,No,11,Yes,No,Fiber optic,No,No,Yes,No internet service,Month-to-month,No,Mailed check,128.71,1438.66,1,166.4,1
CUST-001348,Female,0,Yes,Yes,71,No,No,DSL,Yes,No internet service,No,No internet service,One year,Yes,Electronic check,65.03,4557.35,0,242.1,0
CUST-001349,Male,0,Yes,No,34,Yes,Yes,DSL,No,No,No internet service,No,Month-to-month,No,Mailed check,68.2,2059.45,0,348.1,0
CUST-001350,Female,0,No,No,22,Yes,No,No,No internet service,No internet service,Yes,Yes,Month-to-month,Yes,Mailed check,82.95,1584.51,2,174.6,1
CUST-001351,Male,0,Yes,No,26,Yes,Yes,Fiber optic,Yes,Yes,Yes,Yes,Two year,No,Bank transfer,124.12,2859.56,0,175.2,1
CUST-001352,Male,0,No,No,9,Yes,No phone service,No,No,No,No,No,Month-to-month,Yes,Bank transfer,57.44,528.18,1,166.3,1
CUST-001353,Female,0,Yes,No,9,Yes,No phone service,Fiber optic,No,No,Yes,No,Month-to-month,No,Bank transfer,83.11,695.93,2,201.1,1
CUST-001354,Male,0,Yes,Yes,20,Yes,Yes,Fiber optic,No,No,Yes,Yes,One year,No,Bank transfer,83.24,1596.89,1,108.9,0
CUST-001355,Male,0,Yes,No,22,Yes,No phone service,DSL,No,Yes,No,No,Two year,Yes,Mailed check,102.45,1927.16,1,265.6,1
CUST-001356,Female,0,Yes,No,25,Yes,Yes,Fiber optic,No,No,No internet service,Yes,Month-to-month,Yes,Bank transfer,92.96,2203.72,3,202.2,1
CUST-001357,Female,0,No,No,72,Yes,No,Fiber optic,No,No,No,Yes,One year,No,Mailed check,86.27,5787.96,0,385.3,0
CUST-001358,Female,0,No,No,48,Yes,Yes,Fiber optic,No,No internet service,Yes,Yes,Month-to-month,Yes,Mailed check,106.73,4902.16,0,174.2,1
CUST-001359,Male,0,No,No,5,Yes,Yes,No,Yes,No internet service,No,Yes,One year,Yes,Credit card,124.94,577.87,0,252.8,1
CUST-001360,Female,0,No,No,66,Yes,Yes,No,No,No,Yes,Yes,Month-to-month,Yes,Electronic check,72.23,4123.95,0,140.7,1
CUST-001361,Female,1,No,No,20,Yes,No,No,No internet service,No,Yes,No,One year,Yes,Credit card,61.92,1063.47,1,206.5,0
CUST-001362,Male,0,No,Yes,51,Yes,Yes,Fiber optic,No,No,No,No internet service,Month-to-month,No,Credit card,153.29,8130.18,2,232.5,1
CUST-001363,Male,0,No,Yes,22,Yes,No,DSL,No internet service,No,No,No internet service,Month-to-month,No,Bank transfer,109.89,2346.99,0,345.1,1
CUST-001364,Male,1,Yes,No,33,Yes,No phone service,No,Yes,No,No internet service,No,Month-to-month,Yes,Credit card,105.54,3408.72,0,145.6,0
CUST-001365,Female,0,No,No,10,Yes,No,Fiber optic,No,No internet service,No,No internet service,One year,Yes,Electronic check,79.98,826.25,1,142.2,0
CUST-001366,Female,0,Yes,No,38,Yes,Yes,Fiber optic,No,No,No,Yes,One year,No,Mailed check,77.01,2809.65,0,182.6,0
CUST-001367,Female,0,No,Yes,55,Yes,Yes,Fiber optic,Yes,Yes,No internet service,No,Two year,Yes,Mailed check,39.98,2139.52,1,24.2,1
CUST-001368,Male,0,No,No,6,Yes,No,DSL,No,No internet service,Yes,No,Two year,No,Bank transfer,98.95,566.74,0,256.6,0
CUST-001369,Female,0,Yes,No,56,No,No,DSL,Yes,No,No,No,Month-to-month,Yes,Electronic check,72.31,3584.47,0,174.7,0
CUST-001370,Male,0,No,Yes,17,No,Yes,Fiber optic,Yes,Yes,No internet service,Yes,One year,No,Bank transfer,40.97,635.46,2,220.8,0
CUST-001371,Male,1,Yes,No,72,Yes,Yes,Fiber optic,No,Yes,No,Yes,Month-to-month,Yes,Mailed check,131.06,9689.52,0,137.3,0
CUST-001372,Female,0,No,No,52,Yes,No phone service,DSL,Yes,No,Yes,Yes,Two year,Yes,Electronic check,59.88,2923.09,0,170.5,0
CUST-001373,Female,0,No,No,45,Yes,No,DSL,No,No,No internet service,No internet service,One year,Yes,Bank transfer,63.58,2548.66,2,236.4,0
CUST-001374,Male,0,No,No,26,Yes,Yes,Fiber optic,No,Yes,Yes,No internet service,Month-to-month,Yes,Electronic check,49.61,1310.02,1,222.1,0
CUST-001375,Male,1,Yes,No,72,Yes,No,Fiber optic,No,No,Yes,Yes,Month-to-month,No,Bank transfer,109.77,6855.67,1,89.8,0
CUST-001376,Male,0,Yes,Yes,20,No,No,No,Yes,Yes,No,No,One year,No,Bank transfer,85.05,1663.48,2,257.3,0
CUST-001377,Female,0,Yes,No,12,Yes,No,DSL,No,No,Yes,No internet service,Two year,Yes,Credit card,68.56,814.52,2,199.1,0
CUST-001378,Male,0,Yes,No,17,Yes,Yes,DSL,No internet service,No,No,Yes,Two year,Yes,Bank transfer,57.45,889.53,0,156.0,0
CUST-001379,Female,0,Yes,Yes,62,No,No phone service,DSL,No internet service,No internet service,Yes,No,Month-to-month,Yes,Electronic check,148.79,8149.36,1,141.9,1
CUST-001380,Male,0,Yes,No,32,No,No,No,No internet service,No,Yes,Yes,Month-to-month,No,Electronic check,33.9,1019.31,1,232.6,1
CUST-001381,Male,0,No,No,29,Yes,No,Fiber optic,No,Yes,Yes,Yes,Two year,No,Credit card,73.36,2129.49,0,83.9,0
CUST-001382,Male,0,No,No,21,No,No phone service,Fiber optic,No,No,Yes,No,One year,Yes,Electronic check,116.25,2507.94,2,76.7,0
CUST-001383,Female,0,Yes,No,28,Yes,No,Fiber optic,No,Yes,No,Yes,Month-to-month,Yes,Mailed check,64.57,1831.49,1,278.2,0
CUST-001384,Male,0,Yes,Yes,20,Yes,No,No,No,No,No internet service,No internet service,One year,No,Bank transfer,37.35,651.38,1,205.4,0
CUST-001385,Male,1,No,Yes,49,Yes,No,Fiber optic,Yes,Yes,Yes,No internet service,One year,Yes,Electronic check,128.95,5652.1,1,223.7,0
CUST-001386,Female,0,No,Yes,24,Yes,No,Fiber optic,Yes,Yes,No,Yes,One year,No,Electronic check,113.16,2643.49,0,157.6,0
CUST-001387,Female,0,Yes,No,17,Yes,No,Fiber optic,Yes,No,No internet service,Yes,One year,Yes,Bank transfer,109.52,1846.98,0,229.5,0
CUST-001388,Male,1,No,Yes,59,Yes,No phone service,DSL,No,No internet service,No,Yes,Two year,No,Mailed check,75.45,3791.84,1,116.9,0
CUST-001389,Male,0,Yes,Yes,12,Yes,No,DSL,Yes,Yes,No internet service,No,Two year,Yes,Electronic check,49.24,519.05,1,220.7,0
CUST-001390,Male,0,Yes,Yes,33,Yes,No,Fiber optic,Yes,No,No,Yes,Month-to-month,Yes,Bank transfer,87.42,2506.37,1,82.2,1
CUST-001391,Male,0,No,No,4,Yes,Yes,Fiber optic,Yes,No,No internet service,No,Month-to-month,No,Electronic check,92.63,340.21,1,273.3,1
CUST-001392,Male,0,Yes,No,8,Yes,No,DSL,No internet service,No internet service,Yes,No,One year,Yes,Bank transfer,95.39,752.53,2,265.2,1
CUST-001393,Female,0,Yes,No,22,Yes,No,Fiber optic,No,No,No,Yes,One year,No,Electronic check,107.78,2462.68,1,152.2,0
CUST-001394,Female,1,No,No,19,Yes,No phone service,DSL,No,No,Yes,No,Month-to-month,Yes,Mailed check,42.16,695.3,0,137.7,1
CUST-001395,Female,0,No,No,19,Yes,No phone service,Fiber optic,Yes,No,No internet service,Yes,Two year,Yes,Bank transfer,118.69,2145.03,1,232.5,1
CUST-001396,Male,1,Yes,Yes,52,Yes,No,No,No,No,Yes,No,Month-to-month,No,Electronic check,19.64,944.4,0,92.0,0
CUST-001397,Male,0,No,No,54,No,Yes,Fiber optic,No,Yes,Yes,No internet service,Month-to-month,No,Mailed check,85.39,4286.6,1,122.6,1
CUST-001398,Male,1,No,Yes,37,No,No,DSL,Yes,Yes,No,Yes,Two year,No,Mailed check,35.74,1141.97,0,284.1,0
CUST-001399,Male,0,No,Yes,12,Yes,No,Fiber optic,No,No,Yes,No,Two year,No,Credit card,69.29,754.67,0,155.9,0
CUST-001400,Female,0,Yes,No,27,Yes,Yes,Fiber optic,No,No,Yes,No internet service,Month-to-month,No,Bank transfer,152.8,3715.01,1,203.2,1
CUST-001401,Female,1,Yes,Yes,72,Yes,Yes,DSL,No internet service,No,No,Yes,Month-to-month,Yes,Electronic check,25.88,1851.53,2,60.4,0
CUST-001402,Male,0,No,No,72,Yes,No,DSL,Yes,No,Yes,No,Month-to-month,Yes,Mailed check,45.42,3199.8,0,226.4,1
CUST-001403,Female,0,No,No,59,Yes,No,DSL,No,Yes,Yes,Yes,Month-to-month,No,Bank transfer,85.31,4918.96,0,317.9,0
CUST-001404,Female,0,No,No,12,Yes,No phone service,DSL,No,No,Yes,No,Month-to-month,No,Mailed check,55.9,639.84,1,204.3,1
CUST-001405,Male,0,No,No,28,Yes,Yes,DSL,No,No,Yes,No,Month-to-month,No,Credit card,74.67,1920.11,2,293.0,1
CUST-001406,Female,0,No,No,36,Yes,No phone service,No,No,Yes,No,No internet service,Month-to-month,Yes,Mailed check,112.89,3652.48,0,119.4,0
CUST-001407,Male,0,Yes,No,32,Yes,No,Fiber optic,No internet service,No internet service,Yes,No internet service,One year,Yes,Electronic check,114.64,3126.46,2,377.7,0
CUST-001408,Male,0,Yes,No,63,Yes,No,No,No,No,No,No internet service,One year,No,Credit card,55.94,3099.83,1,172.9,0
CUST-001409,Female,0,No,No,50,Yes,No,Fiber optic,No,No internet service,No,No internet service,One year,Yes,Credit card,90.99,4067.07,1,93.8,0
CUST-001410,Male,0,Yes,No,12,Yes,No,Fiber optic,No,No,No,Yes,Month-to-month,No,Electronic check,110.92,1391.06,1,32.1,0
CUST-001411,Male,0,No,No,18,Yes,No,DSL,Yes,No internet service,No,No,Month-to-month,Yes,Bank transfer,89.05,1673.57,2,241.7,1
CUST-001412,Male,0,Yes,Yes,59,Yes,Yes,Fiber optic,No,Yes,No,No,Month-to-month,Yes,Electronic check,95.62,5661.67,1,284.7,1
CUST-001413,Female,0,Yes,Yes,72,Yes,No,Fiber optic,Yes,No internet service,No,Yes,Two year,Yes,Credit card,105.82,7406.08,2,22.4,0
CUST-001414,Female,0,No,No,36,Yes,No phone service,Fiber optic,Yes,No internet service,No,Yes,Month-to-month,Yes,Credit card,105.85,3748.63,1,228.4,0
CUST-001415,Female,0,Yes,No,72,Yes,No,DSL,Yes,Yes,Yes,Yes,One year,Yes,Electronic check,67.23,4696.1,0,159.4,0
CUST-001416,Female,0,No,No,33,Yes,No phone service,DSL,No internet service,No,Yes,No,Month-to-month,Yes,Electronic check,51.84,1675.51,2,276.5,1
CUST-001417,Female,0,Yes,No,14,Yes,No,Fiber optic,No internet service,Yes,Yes,No,Two year,Yes,Electronic check,117.28,1467.6,1,113.2,0
CUST-001418,Female,0,No,Yes,47,Yes,No,Fiber optic,Yes,No,No,No internet service,Month-to-month,Yes,Credit card,103.75,5097.53,1,241.6,1
CUST-001419,Male,0,Yes,Yes,72,Yes,No phone service,Fiber optic,No,No internet service,No,Yes,Month-to-month,Yes,Mailed check,32.57,2348.2,0,353.2,0
CUST-001420,Male,1,Yes,No,9,Yes,No,Fiber optic,No,Yes,No,No,Two year,Yes,Mailed check,70.22,566.83,2,131.2,0
CUST-001421,Male,0,Yes,No,72,Yes,Yes,Fiber optic,No,No,No,Yes,Month-to-month,Yes,Bank transfer,80.58,5527.5,0,99.9,0
CUST-001422,Female,1,Yes,No,45,Yes,No,Fiber optic,Yes,Yes,No,No internet service,One year,Yes,Mailed check,88.97,4034.87,2,353.2,0
CUST-001423,Female,0,No,No,17,Yes,Yes,No,No internet service,No,No,No,Month-to-month,Yes,Bank transfer,106.12,1862.16,2,189.0,1
CUST-001424,Female,0,Yes,No,4,Yes,Yes,DSL,No,Yes,Yes,Yes,Two year,Yes,Credit card,166.07,615.63,0,164.4,1
CUST-001425,Male,0,Yes,No,2,Yes,No,Fiber optic,No,No internet service,No,Yes,One year,No,Electronic check,21.24,40.21,0,120.7,0
CUST-001426,Female,0,No,No,19,Yes,No phone service,Fiber optic,No internet service,No,Yes,Yes,Month-to-month,Yes,Mailed check,104.13,1804.36,1,287.2,1
CUST-001427,Male,1,No,No,40,Yes,Yes,Fiber optic,No internet service,Yes,Yes,Yes,Two year,Yes,Mailed check,97.09,3593.47,1,160.8,1
CUST-001428,Male,0,No,Yes,56,Yes,No,Fiber optic,Yes,No internet service,No internet service,No,One year,No,Bank transfer,89.59,4492.73,2,164.0,0
CUST-001429,Male,0,No,Yes,65,Yes,No,Fiber optic,No,No,No internet service,Yes,One year,No,Mailed check,111.29,6191.95,1,134.3,0
CUST-001430,Female,0,No,No,38,Yes,No,No,No,No,Yes,No,Month-to-month,No,Mailed check,74.49,2641.85,0,184.2,0
CUST-001431,Male,0,Yes,No,33,Yes,No,DSL,No,No,No,Yes,Month-to-month,Yes,Credit card,59.16,1843.08,1,211.8,1
CUST-001432,Male,0,No,No,23,Yes,No,DSL,No internet service,No internet service,No internet service,No,One year,No,Credit card,70.88,1639.92,0,291.6,0
CUST-001433,Male,0,Yes,No,41,Yes,No,Fiber optic,No,No internet service,Yes,Yes,Month-to-month,Yes,Credit card,111.7,4371.32,2,74.5,0
CUST-001434,Female,1,No,No,17,Yes,Yes,DSL,No,No,No,Yes,Two year,No,Electronic check,83.84,1304.59,4,142.8,0
CUST-001435,Male,0,Yes,No,10,Yes,No,No,No,No,Yes,No,Month-to-month,No,Mailed check,75.66,713.2,3,340.1,0
CUST-001436,Male,0,Yes,Yes,32,Yes,No,Fiber optic,No,No,No,No internet service,One year,Yes,Credit card,77.5,2502.77,0,189.8,0
CUST-001437,Male,0,No,Yes,53,Yes,Yes,No,Yes,No,Yes,Yes,Month-to-month,Yes,Bank transfer,154.57,7751.6,2,237.1,1
CUST-001438,Male,1,Yes,No,8,Yes,No,Fiber optic,No,No,Yes,No,One year,Yes,Mailed check,105.79,813.31,2,151.4,1
CUST-001439,Female,1,Yes,No,19,Yes,No,DSL,No,Yes,Yes,No,Month-to-month,No,Mailed check,92.87,1560.97,0,153.6,0
CUST-001440,Male,1,No,Yes,31,Yes,Yes,Fiber optic,Yes,No,No internet service,Yes,Month-to-month,Yes,Bank transfer,79.77,2105.61,0,256.7,0
CUST-001441,Male,0,No,No,30,Yes,Yes,DSL,No,No internet service,Yes,Yes,Month-to-month,No,Bank transfer,75.69,2352.21,1,152.8,1
CUST-001442,Male,0,No,No,44,Yes,Yes,Fiber optic,No,Yes,Yes,No,One year,No,Credit card,100.45,3993.63,2,241.5,0
CUST-001443,Female,0,No,No,72,Yes,No,DSL,Yes,No,No,Yes,Month-to-month,Yes,Electronic check,18.0,1191.69,1,275.1,0
CUST-001444,Female,0,Yes,No,2,Yes,No,DSL,No,Yes,No,No,One year,No,Mailed check,48.5,84.68,1,43.8,0
CUST-001445,Female,0,No,Yes,72,Yes,Yes,DSL,No,No,Yes,No,Month-to-month,No,Bank transfer,47.95,3288.46,2,186.7,0
CUST-001446,Female,1,Yes,No,72,Yes,No,DSL,Yes,No internet service,No,No,One year,Yes,Bank transfer,51.99,3733.36,1,174.3,0
CUST-001447,Female,0,Yes,No,57,Yes,Yes,Fiber optic,Yes,Yes,No,No internet service,One year,No,Electronic check,62.9,3539.73,0,230.0,0
CUST-001448,Male,0,No,Yes,36,Yes,No,DSL,No,No,Yes,Yes,Month-to-month,No,Bank transfer,71.32,2621.59,0,289.0,0
CUST-001449,Female,0,No,Yes,17,Yes,Yes,Fiber optic,No,No,No internet service,No,Month-to-month,Yes,Electronic check,136.92,2111.91,2,138.3,1
CUST-001450,Female,0,Yes,Yes,56,No,No,DSL,No,No internet service,No internet service,Yes,Month-to-month,Yes,Mailed check,73.91,3778.83,0,265.1,0
CUST-001451,Female,1,Yes,No,37,Yes,No,Fiber optic,No,Yes,Yes,Yes,One year,No,Electronic check,59.56,2298.81,1,261.7,0
CUST-001452,Male,0,No,No,23,Yes,Yes,DSL,No,No internet service,Yes,Yes,Two year,Yes,Electronic check,39.07,845.94,0,194.1,0
CUST-001453,Male,0,Yes,Yes,55,Yes,Yes,Fiber optic,No,No internet service,Yes,Yes,Month-to-month,Yes,Electronic check,83.69,4680.67,0,204.7,1
CUST-001454,Female,0,Yes,Yes,62,Yes,No,No,No,No internet service,No internet service,No internet service,One year,No,Bank transfer,27.53,1659.69,1,162.4,0
CUST-001455,Male,0,Yes,No,72,Yes,Yes,DSL,Yes,No,No,No,One year,No,Mailed check,79.13,5049.08,0,106.6,0
CUST-001456,Male,0,Yes,No,16,Yes,No phone service,Fiber optic,Yes,Yes,No,No,One year,Yes,Credit card,135.59,2259.49,3,245.5,0
CUST-001457,Female,0,Yes,No,70,Yes,Yes,DSL,No,No,No internet service,Yes,Month-to-month,Yes,Electronic check,52.72,3376.49,1,207.7,0
CUST-001458,Female,0,No,Yes,24,Yes,Yes,Fiber optic,No,Yes,Yes,No internet service,Two year,No,Electronic check,97.28,2284.29,2,206.2,0
CUST-001459,Female,0,Yes,No,36,Yes,No,Fiber optic,Yes,Yes,No internet service,Yes,Month-to-month,No,Mailed check,82.13,2663.72,0,292.9,1
CUST-001460,Male,0,Yes,Yes,41,Yes,Yes,Fiber optic,No,No internet service,No internet service,Yes,Two year,Yes,Bank transfer,76.11,3011.76,2,125.0,1
CUST-001461,Male,0,Yes,No,66,Yes,No,DSL,No internet service,No internet service,No,No internet service,Month-to-month,No,Electronic check,75.69,4786.67,1,156.2,0
CUST-001462,Male,1,Yes,No,51,Yes,No,No,Yes,Yes,No,No,Two year,Yes,Electronic check,50.1,2305.27,1,0.0,0
CUST-001463,Female,0,Yes,No,23,Yes,No,No,No,No,No internet service,No,Two year,Yes,Bank transfer,45.75,1102.45,1,222.9,0
CUST-001464,Female,0,No,No,3,Yes,Yes,Fiber optic,No,Yes,Yes,No internet service,Two year,Yes,Electronic check,46.42,122.29,0,90.7,0
CUST-001465,Female,1,Yes,No,44,Yes,No,Fiber optic,No,No,Yes,No,Month-to-month,No,Mailed check,96.94,4003.38,2,195.4,1
CUST-001466,Female,0,Yes,No,34,Yes,Yes,No,Yes,No internet service,Yes,Yes,Two year,Yes,Mailed check,102.01,2969.86,0,36.3,0
CUST-001467,Female,0,No,No,9,Yes,No,Fiber optic,No internet service,No internet service,No,Yes,Month-to-month,No,Electronic check,116.22,1031.9,1,193.1,1
CUST-001468,Male,0,Yes,No,38,Yes,No phone service,DSL,No,No,No,Yes,One year,No,Credit card,114.76,4109.78,0,200.5,0
CUST-001469,Male,1,No,Yes,31,Yes,Yes,No,No,No internet service,No,No internet service,Month-to-month,No,Bank transfer,49.76,1484.11,0,166.9,1
CUST-001470,Female,0,No,No,72,Yes,No phone service,Fiber optic,No,Yes,No,Yes,One year,Yes,Electronic check,120.52,8588.38,0,159.0,1
CUST-001471,Female,0,Yes,No,72,No,No,Fiber optic,No,No,No,Yes,Month-to-month,Yes,Mailed check,61.92,4470.8,0,124.3,0
CUST-001472,Male,1,Yes,No,61,Yes,Yes,No,No,Yes,Yes,No,Month-to-month,No,Bank transfer,91.28,5808.29,0,309.4,0
CUST-001473,Male,0,Yes,No,29,Yes,No,DSL,No,No,Yes,No internet service,Month-to-month,No,Bank transfer,119.33,3539.34,2,92.1,1
CUST-001474,Female,0,No,No,33,Yes,No phone service,No,No,No,Yes,No,Month-to-month,Yes,Mailed check,84.95,2564.44,1,335.7,0
CUST-001475,Male,0,No,Yes,15,Yes,No,DSL,No,Yes,No internet service,Yes,Month-to-month,No,Mailed check,119.85,1789.64,1,156.5,0
CUST-001476,Female,0,Yes,Yes,18,Yes,Yes,Fiber optic,No,Yes,Yes,Yes,Two year,No,Electronic check,77.04,1199.75,2,314.6,1
CUST-001477,Male,1,Yes,No,28,Yes,No,No,No,No,Yes,No,One year,Yes,Electronic check,65.97,1620.48,1,189.0,1
CUST-001478,Male,0,Yes,No,26,Yes,Yes,DSL,No internet service,No,No,No,One year,Yes,Electronic check,42.53,1041.55,1,254.2,0
CUST-001479,Male,0,No,Yes,9,Yes,Yes,No,No internet service,Yes,No,Yes,Two year,Yes,Mailed check,71.04,602.26,1,78.5,0
CUST-001480,Female,0,No,Yes,72,Yes,Yes,DSL,Yes,No,No,No internet service,Month-to-month,No,Electronic check,78.09,5347.84,1,27.1,1
CUST-001481,Female,1,Yes,No,72,No,No,DSL,No internet service,Yes,No,No,Month-to-month,Yes,Electronic check,70.78,4816.14,1,300.7,0
CUST-001482,Male,0,Yes,Yes,72,Yes,Yes,Fiber optic,No,Yes,No,No,Month-to-month,Yes,Credit card,80.78,5689.51,1,317.3,0
CUST-001483,Female,1,No,No,72,Yes,No,Fiber optic,No,No,No,No,Month-to-month,Yes,Bank transfer,80.28,6016.28,2,112.0,1
CUST-001484,Female,0,No,No,72,Yes,Yes,No,No,Yes,Yes,Yes,One year,Yes,Credit card,80.36,5117.55,1,341.2,0
CUST-001485,Female,1,Yes,No,15,Yes,Yes,No,No,No,No,No,One year,Yes,Mailed check,65.22,901.52,1,7.7,0
CUST-001486,Female,0,No,Yes,72,Yes,No,DSL,No,Yes,No,No,One year,Yes,Bank transfer,35.45,2207.2,1,179.0,0
CUST-001487,Male,1,No,No,23,Yes,No,No,No,Yes,Yes,Yes,One year,No,Bank transfer,18.0,368.46,3,128.5,0
CUST-001488,Male,0,Yes,No,49,Yes,Yes,Fiber optic,No internet service,No,No internet service,Yes,Month-to-month,Yes,Mailed check,77.14,3959.02,2,168.7,0
CUST-001489,Female,0,Yes,Yes,6,Yes,No,No,No,Yes,No internet service,No internet service,One year,No,Electronic check,28.53,146.87,1,295.8,1
CUST-001490,Female,0,Yes,No,20,Yes,Yes,DSL,Yes,Yes,No,No internet service,Month-to-month,No,Bank transfer,44.93,802.26,2,27.6,0
CUST-001491,Female,0,Yes,No,62,Yes,No,DSL,No,No,No,Yes,Two year,No,Electronic check,57.3,3322.8,1,201.3,0
CUST-001492,Male,0,Yes,No,51,No,No,DSL,No,Yes,No internet service,Yes,Month-to-month,Yes,Electronic check,65.62,3040.38,1,37.7,0
CUST-001493,Female,0,No,Yes,23,Yes,No,DSL,No,No,Yes,No,Month-to-month,Yes,Bank transfer,50.02,1103.34,1,104.6,1
CUST-001494,Male,0,No,Yes,33,Yes,No,No,Yes,No,No,No,Month-to-month,No,Bank transfer,135.74,4694.7,1,220.8,0
CUST-001495,Male,0,No,No,19,No,Yes,Fiber optic,No,No,Yes,No,Month-to-month,No,Electronic check,57.17,1076.16,2,182.4,1
CUST-001496,Male,0,No,Yes,62,Yes,Yes,No,No internet service,Yes,No internet service,Yes,Month-to-month,Yes,Mailed check,106.28,6135.62,0,195.8,0
CUST-001497,Male,0,No,Yes,72,No,No,Fiber optic,Yes,Yes,No,No internet service,Month-to-month,Yes,Bank transfer,90.12,6401.82,2,60.1,0
CUST-001498,Female,0,No,Yes,16,Yes,No phone service,Fiber optic,No,No,No,Yes,One year,Yes,Mailed check,75.27,1233.84,0,287.7,0
CUST-001499,Female,0,No,Yes,30,Yes,Yes,DSL,Yes,No,No,No internet service,Two year,Yes,Electronic check,87.63,2354.9,2,109.3,0
CUST-001500,Female,0,No,No,8,Yes,No,DSL,No,Yes,No,No,Month-to-month,Yes,Bank transfer,56.41,448.32,2,266.3,0
CUST-001501,Female,0,Yes,Yes,37,Yes,No,No,No,Yes,Yes,Yes,Month-to-month,No,Credit card,45.79,1648.17,0,168.4,0
CUST-001502,Female,1,No,Yes,45,Yes,No phone service,Fiber optic,No internet service,No,No,No,Two year,No,Credit card,148.69,6669.59,1,262.8,0
CUST-001503,Female,0,No,Yes,39,Yes,Yes,Fiber optic,No,Yes,Yes,No internet service,Month-to-month,Yes,Credit card,29.17,986.01,2,342.6,0
CUST-001504,Male,0,Yes,No,43,Yes,Yes,DSL,No internet service,No,Yes,No internet service,Two year,No,Credit card,62.65,2684.92,3,166.0,0
CUST-001505,Male,0,No,No,28,Yes,Yes,No,No internet service,No internet service,Yes,No,Month-to-month,Yes,Credit card,75.7,2135.78,1,353.7,1
CUST-001506,Female,0,Yes,Yes,28,Yes,No,No,No internet service,No,Yes,No,Month-to-month,Yes,Electronic check,112.24,3103.29,0,240.2,1
CUST-001507,Male,0,Yes,No,27,Yes,No,No,No,Yes,No,Yes,Month-to-month,Yes,Credit card,58.05,1394.01,0,204.8,1
CUST-001508,Male,0,No,Yes,20,Yes,No phone service,DSL,Yes,Yes,Yes,Yes,Month-to-month,No,Bank transfer,149.83,2643.82,1,74.2,1
CUST-001509,Male,0,Yes,No,22,Yes,Yes,No,No,No,Yes,No internet service,One year,Yes,Bank transfer,92.77,2036.27,2,133.9,1
CUST-001510,Female,0,No,No,44,Yes,No,Fiber optic,No,No internet service,No,No,Two year,Yes,Credit card,23.98,1033.59,1,213.9,0
CUST-001511,Male,1,No,No,72,Yes,No,No,No,Yes,Yes,No,Month-to-month,No,Electronic check,26.39,1988.83,1,154.0,0
CUST-001512,Female,1,Yes,No,13,Yes,Yes,DSL,No internet service,Yes,Yes,No,Two year,No,Mailed check,77.11,943.21,2,215.8,0
CUST-001513,Female,1,No,No,28,No,No,Fiber optic,Yes,No,No,No,Month-to-month,Yes,Bank transfer,60.68,1522.21,0,210.7,0
CUST-001514,Female,0,No,No,11,Yes,No,DSL,No internet service,No,No internet service,No internet service,Month-to-month,Yes,Electronic check,86.43,954.54,1,80.8,0
CUST-001515,Female,0,Yes,No,20,Yes,No,DSL,No internet service,No internet service,Yes,Yes,Two year,Yes,Electronic check,56.39,1127.43,3,135.0,0
CUST-001516,Male,1,Yes,No,23,Yes,No phone service,Fiber optic,No,No,Yes,Yes,Two year,Yes,Electronic check,59.12,1297.93,1,301.6,0
CUST-001517,Female,0,Yes,No,35,Yes,No,Fiber optic,No internet service,Yes,No,Yes,Month-to-month,Yes,Bank transfer,66.06,2310.35,1,134.8,0
CUST-001518,Male,0,Yes,Yes,34,Yes,No,DSL,Yes,No,No internet service,No internet service,Month-to-month,No,Mailed check,95.56,2963.43,3,65.8,1
CUST-001519,Male,1,No,No,30,Yes,No,No,No,Yes,No internet service,Yes,Month-to-month,Yes,Mailed check,18.0,482.3,2,104.0,0
CUST-001520,Male,0,Yes,No,41,Yes,Yes,DSL,Yes,No internet service,No,No internet service,Month-to-month,Yes,Credit card,101.36,3637.14,0,250.6,0
CUST-001521,Male,0,No,Yes,14,Yes,No,Fiber optic,No,No,Yes,Yes,One year,Yes,Bank transfer,127.24,1617.6,1,133.6,0
CUST-001522,Female,0,Yes,No,35,Yes,Yes,DSL,Yes,No internet service,No,Yes,Month-to-month,Yes,Mailed check,60.06,2061.9,0,57.9,1
CUST-001523,Female,0,No,Yes,52,Yes,No,Fiber optic,Yes,Yes,No internet service,No internet service,One year,Yes,Bank transfer,52.87,2478.8,3,148.0,0
CUST-001524,Female,0,Yes,Yes,14,No,No,Fiber optic,Yes,No,No,No,Month-to-month,No,Mailed check,111.68,1605.19,2,231.3,1
CUST-001525,Female,0,No,No,5,Yes,Yes,Fiber optic,No,No,Yes,No,Month-to-month,Yes,Mailed check,80.41,361.82,2,111.8,1
CUST-001526,Male,0,Yes,No,62,Yes,Yes,DSL,No,Yes,Yes,No,Month-to-month,No,Credit card,24.55,1501.93,3,223.7,1
CUST-001527,Female,0,Yes,No,11,Yes,Yes,Fiber optic,No,No,No,No,Month-to-month,Yes,Credit card,152.27,1600.5,2,209.6,1
CUST-001528,Female,0,Yes,No,19,Yes,Yes,Fiber optic,No,No,Yes,No,One year,Yes,Bank transfer,68.47,1160.79,0,197.4,0
CUST-001529,Female,1,No,Yes,51,Yes,Yes,Fiber optic,No,No,No,No,Two year,No,Mailed check,50.84,2492.12,2,98.4,0
CUST-001530,Male,0,No,No,13,Yes,Yes,DSL,No internet service,Yes,No internet service,No,Two year,No,Bank transfer,78.55,1062.98,2,75.7,0
CUST-001531,Female,0,No,No,59,Yes,No,Fiber optic,No,Yes,No,No,One year,Yes,Bank transfer,92.96,5697.92,0,282.1,1
CUST-001532,Female,0,Yes,Yes,17,Yes,Yes,Fiber optic,No,Yes,Yes,No,Month-to-month,Yes,Mailed check,139.59,2155.4,1,240.5,1
CUST-001533,Male,0,No,No,15,Yes,Yes,DSL,Yes,Yes,No,Yes,Two year,No,Mailed check,58.58,841.24,2,210.1,0
CUST-001534,Female,0,Yes,Yes,11,Yes,Yes,DSL,Yes,No,Yes,Yes,Two year,Yes,Credit card,58.9,570.28,0,212.5,0
CUST-001535,Female,0,No,No,17,Yes,No,No,No,Yes,Yes,Yes,Two year,No,Credit card,80.06,1284.49,3,245.2,0
CUST-001536,Male,0,Yes,No,46,Yes,Yes,DSL,No internet service,Yes,Yes,No internet service,Month-to-month,No,Electronic check,75.99,3195.78,2,128.6,1
CUST-001537,Female,0,No,No,19,Yes,No,DSL,No,Yes,No internet service,No,Month-to-month,No,Credit card,76.9,1513.57,4,267.6,1
CUST-001538,Female,0,No,No,62,Yes,No,No,No internet service,No internet service,No,Yes,One year,Yes,Mailed check,78.16,4732.13,3,153.1,1
CUST-001539,Male,0,Yes,No,31,Yes,No phone service,DSL,No internet service,No,Yes,No internet service,Month-to-month,Yes,Mailed check,74.94,2060.55,0,161.0,1
CUST-001540,Male,0,Yes,No,33,Yes,Yes,DSL,No internet service,No,No,Yes,Month-to-month,Yes,Electronic check,57.51,1989.66,2,323.8,1
CUST-001541,Male,0,No,No,15,Yes,Yes,Fiber optic,No,No internet service,Yes,Yes,Month-to-month,No,Mailed check,119.98,1779.61,0,238.7,1
CUST-001542,Male,0,No,Yes,68,Yes,Yes,Fiber optic,No internet service,No,Yes,Yes,One year,Yes,Credit card,84.2,5021.16,0,119.3,0
CUST-001543,Male,1,No,No,52,Yes,No,Fiber optic,No,Yes,No internet service,No,Month-to-month,Yes,Bank transfer,119.13,6256.18,0,226.7,1
CUST-001544,Male,1,No,No,51,Yes,No,Fiber optic,No,No,No internet service,Yes,One year,Yes,Mailed check,136.63,6700.08,3,148.5,1
CUST-001545,Female,0,Yes,No,27,Yes,No,No,Yes,No internet service,No,No,One year,Yes,Bank transfer,49.67,1247.38,1,180.5,0
CUST-001546,Female,0,No,No,9,Yes,No,Fiber optic,No internet service,No,Yes,No internet service,Month-to-month,Yes,Mailed check,167.13,1337.64,1,206.0,1
CUST-001547,Female,0,Yes,No,35,Yes,No,DSL,No,No internet service,Yes,No,Month-to-month,No,Mailed check,48.62,1541.09,1,29.7,0
CUST-001548,Female,0,No,No,45,Yes,No phone service,No,Yes,No,Yes,No internet service,Two year,No,Credit card,48.84,1941.58,2,139.6,1
CUST-001549,Male,0,Yes,Yes,45,Yes,Yes,DSL,No,No,Yes,Yes,Month-to-month,Yes,Mailed check,86.2,3920.38,0,150.1,0
CUST-001550,Female,0,Yes,Yes,41,Yes,Yes,Fiber optic,No,No,No internet service,No,Month-to-month,Yes,Bank transfer,108.25,4014.7,0,194.0,1
CUST-001551,Male,0,No,No,39,Yes,No phone service,No,No,No,Yes,No internet service,Month-to-month,Yes,Bank transfer,72.15,2656.42,0,55.2,0
CUST-001552,Male,0,Yes,Yes,17,Yes,Yes,Fiber optic,No internet service,No,No,No,Month-to-month,Yes,Bank transfer,119.55,2120.88,1,40.3,1
CUST-001553,Female,0,No,No,18,Yes,Yes,Fiber optic,No,No,Yes,No,One year,Yes,Bank transfer,102.58,1936.73,1,193.9,0
CUST-001554,Male,0,No,No,11,Yes,Yes,Fiber optic,Yes,No internet service,No,No,Month-to-month,No,Electronic check,156.97,1740.95,0,285.7,1
CUST-001555,Male,0,No,Yes,62,Yes,No,Fiber optic,Yes,No,No internet service,Yes,Two year,No,Credit card,93.4,5847.65,0,205.6,0
CUST-001556,Female,0,No,No,72,Yes,No phone service,No,No,No,Yes,No internet service,Month-to-month,Yes,Electronic check,44.37,3318.77,1,410.5,1
CUST-001557,Male,0,No,Yes,72,Yes,No,Fiber optic,Yes,No,Yes,Yes,Two year,No,Bank transfer,78.45,5701.2,3,165.3,0
CUST-001558,Female,0,No,No,36,Yes,No phone service,No,Yes,Yes,No,No,One year,No,Mailed check,84.14,2847.86,0,171.5,0
CUST-001559,Female,0,Yes,No,40,Yes,Yes,Fiber optic,No,No,Yes,Yes,Month-to-month,Yes,Mailed check,109.58,3778.54,2,112.5,1
CUST-001560,Male,1,Yes,No,27,Yes,No,No,Yes,No,Yes,No,One year,Yes,Electronic check,76.19,1834.39,2,305.7,0
CUST-001561,Male,0,Yes,Yes,36,No,No,Fiber optic,No internet service,Yes,No internet service,No,Month-to-month,Yes,Bank transfer,69.51,2349.66,1,115.2,0
CUST-001562,Male,0,Yes,No,13,Yes,Yes,No,No,No,No,No,Two year,No,Electronic check,103.26,1212.27,2,189.0,1
CUST-001563,Male,0,Yes,No,27,Yes,No,Fiber optic,No,No,No,No,One year,Yes,Credit card,153.11,3786.03,2,0.0,1
CUST-001564,Female,0,Yes,No,15,No,No,No,No,No,No,Yes,Month-to-month,No,Bank transfer,70.88,916.21,2,300.4,1
CUST-001565,Male,1,Yes,Yes,24,Yes,No,No,No,No,Yes,Yes,Month-to-month,No,Bank transfer,124.32,2865.56,1,250.9,0
CUST-001566,Female,1,Yes,Yes,17,Yes,No,DSL,No,No,No,No,Two year,No,Electronic check,95.99,1501.76,2,161.4,0
CUST-001567,Male,0,Yes,No,45,No,Yes,Fiber optic,Yes,No internet service,Yes,Yes,One year,Yes,Credit card,161.56,6556.06,0,164.7,0
CUST-001568,Male,0,Yes,No,49,Yes,Yes,DSL,No internet service,No,Yes,No,Month-to-month,Yes,Electronic check,84.18,4009.6,1,208.2,0
CUST-001569,Male,0,No,No,39,Yes,No phone service,DSL,Yes,No,No internet service,Yes,Month-to-month,Yes,Mailed check,74.1,2616.32,1,364.8,0
CUST-001570,Female,0,No,No,18,Yes,No,DSL,No,No,No internet service,No,Month-to-month,Yes,Mailed check,95.27,1621.01,4,138.8,1
CUST-001571,Male,1,No,No,10,Yes,Yes,DSL,No,No internet service,Yes,Yes,One year,Yes,Credit card,56.99,512.52,1,211.8,0
CUST-001572,Female,0,No,No,49,Yes,No,No,No,No,No,Yes,One year,No,Bank transfer,82.21,3972.48,1,65.7,0
CUST-001573,Male,0,Yes,No,31,Yes,No,No,No,Yes,No,No,Two year,No,Electronic check,109.92,3478.55,2,268.6,0
CUST-001574,Female,0,No,Yes,5,Yes,Yes,DSL,Yes,No,Yes,No,One year,No,Bank transfer,94.59,409.72,3,289.7,0
CUST-001575,Female,0,Yes,No,34,No,Yes,Fiber optic,Yes,No,Yes,No,One year,No,Electronic check,94.07,3243.11,0,102.9,0
CUST-001576,Female,1,No,No,40,Yes,No,Fiber optic,No,No internet service,No,Yes,Month-to-month,Yes,Mailed check,101.01,4122.68,2,151.7,0
CUST-001577,Female,0,No,No,7,No,Yes,DSL,Yes,No,No,Yes,One year,No,Electronic check,92.73,677.01,4,297.2,1
CUST-001578,Male,0,No,Yes,45,Yes,No phone service,No,No internet service,No,No,Yes,Month-to-month,Yes,Electronic check,91.73,4192.27,2,200.3,1
CUST-001579,Male,0,Yes,Yes,8,Yes,Yes,Fiber optic,No,No,Yes,No internet service,Two year,No,Credit card,117.5,902.86,0,47.9,0
CUST-001580,Female,0,Yes,No,16,No,No,Fiber optic,Yes,No internet service,No,Yes,Month-to-month,Yes,Bank transfer,105.18,1454.14,1,279.1,1
CUST-001581,Female,0,No,No,8,No,No,Fiber optic,Yes,No,Yes,Yes,One year,Yes,Electronic check,70.26,486.16,1,146.6,1
CUST-001582,Female,0,No,No,15,No,Yes,Fiber optic,No,Yes,No,No,Two year,No,Mailed check,75.05,1001.11,2,82.4,0
CUST-001583,Male,0,Yes,Yes,10,Yes,Yes,No,No internet service,No,No,No,One year,Yes,Credit card,83.84,787.56,1,242.7,0
CUST-001584,Female,0,Yes,No,62,Yes,Yes,DSL,No,Yes,No,No,Month-to-month,Yes,Electronic check,94.94,6128.38,0,387.6,1
CUST-001585,Female,0,Yes,Yes,25,Yes,No,Fiber optic,Yes,No internet service,Yes,No internet service,One year,No,Credit card,116.06,2567.99,2,190.5,0
CUST-001586,Female,1,Yes,Yes,21,Yes,Yes,Fiber optic,No,No,No,No,Month-to-month,Yes,Electronic check,74.74,1503.31,1,163.6,1
CUST-001587,Male,0,No,No,66,Yes,No phone service,Fiber optic,No,Yes,No,Yes,Month-to-month,No,Electronic check,90.46,6266.92,3,34.1,1
CUST-001588,Male,0,Yes,No,64,No,No,DSL,No,No,Yes,No,One year,Yes,Bank transfer,34.77,1897.71,1,60.6,0
CUST-001589,Male,0,No,No,23,Yes,Yes,DSL,No,No,Yes,Yes,Two year,Yes,Mailed check,28.26,558.53,1,0.0,0
CUST-001590,Female,1,No,Yes,38,Yes,Yes,Fiber optic,No,No,No,No,Month-to-month,No,Bank transfer,97.44,3347.34,0,100.5,1
CUST-001591,Male,0,Yes,Yes,19,Yes,Yes,Fiber optic,No,Yes,Yes,No,Two year,Yes,Credit card,135.74,2308.41,2,108.9,0
CUST-001592,Male,0,Yes,Yes,29,Yes,No,No,No internet service,No,No,No,Month-to-month,No,Electronic check,72.99,2010.4,0,104.6,0
CUST-001593,Male,0,No,No,12,Yes,No,No,No,Yes,Yes,No internet service,Two year,No,Electronic check,127.24,1426.29,4,156.0,1
CUST-001594,Male,0,No,Yes,42,No,No,DSL,No,No internet service,Yes,No,One year,No,Credit card,65.08,2642.29,2,174.3,0
CUST-001595,Male,0,No,No,68,Yes,No,DSL,Yes,No internet service,Yes,No,Two year,Yes,Bank transfer,70.94,4242.02,0,81.0,0
CUST-001596,Female,0,No,No,60,Yes,No,No,Yes,No,Yes,Yes,Two year,No,Electronic check,40.27,2385.18,0,168.8,0
CUST-001597,Male,0,No,No,32,Yes,No,DSL,Yes,No,No,Yes,Two year,Yes,Bank transfer,59.58,1702.52,0,235.8,0
CUST-001598,Male,0,Yes,Yes,4,Yes,No,No,No internet service,Yes,No,No,One year,No,Electronic check,34.3,129.03,1,270.7,0
CUST-001599,Female,1,Yes,No,18,Yes,Yes,Fiber optic,No internet service,Yes,Yes,No internet service,Month-to-month,Yes,Credit card,48.64,750.03,4,221.0,0
CUST-001600,Female,0,Yes,Yes,29,Yes,No phone service,Fiber optic,No,No,Yes,Yes,Month-to-month,Yes,Credit card,59.81,1751.15,1,302.0,0
CUST-001601,Male,0,No,No,9,Yes,Yes,Fiber optic,No,No internet service,Yes,No internet service,One year,No,Electronic check,97.56,856.44,2,45.6,1
CUST-001602,Male,1,Yes,No,7,Yes,Yes,No,No,No,No internet service,No,Month-to-month,Yes,Mailed check,47.9,299.0,3,0.0,1
CUST-001603,Male,0,No,No,72,Yes,No,DSL,Yes,No internet service,Yes,No,Two year,No,Bank transfer,55.0,3842.85,1,228.1,0
CUST-001604,Female,0,Yes,No,55,No,No,Fiber optic,Yes,No internet service,No internet service,No,Month-to-month,Yes,Bank transfer,107.3,5531.87,2,320.0,1
CUST-001605,Female,0,No,No,45,Yes,Yes,No,Yes,No,No,No internet service,Two year,No,Mailed check,23.54,1075.28,0,44.0,0
CUST-001606,Female,0,No,No,51,Yes,Yes,No,No,Yes,No internet service,Yes,Month-to-month,Yes,Electronic check,72.43,3866.66,0,157.3,0
CUST-001607,Male,0,No,No,10,Yes,Yes,Fiber optic,No,No internet service,Yes,No internet service,Two year,No,Mailed check,120.44,1053.75,2,138.5,0
CUST-001608,Female,0,Yes,Yes,14,Yes,Yes,DSL,Yes,Yes,No internet service,Yes,Two year,No,Credit card,98.04,1301.17,1,332.4,0
CUST-001609,Male,0,Yes,Yes,36,Yes,No phone service,DSL,No,No internet service,No internet service,No internet service,Month-to-month,Yes,Mailed check,85.5,2775.04,1,225.0,0
CUST-001610,Male,0,Yes,Yes,39,Yes,No,Fiber optic,No internet service,Yes,Yes,No,One year,No,Bank transfer,93.43,3643.72,0,164.1,0
CUST-001611,Female,0,No,Yes,8,Yes,No,DSL,No,No,No internet service,No,Month-to-month,No,Electronic check,51.29,351.59,1,280.5,0
CUST-001612,Male,0,Yes,Yes,35,No,No,Fiber optic,No,Yes,Yes,No,Two year,No,Bank transfer,92.53,3105.47,3,195.8,0
CUST-001613,Male,0,No,Yes,29,Yes,Yes,No,No,Yes,Yes,No internet service,Two year,No,Bank transfer,119.6,3542.81,1,109.1,0
CUST-001614,Female,0,No,Yes,59,Yes,Yes,No,Yes,No,Yes,No,Month-to-month,Yes,Electronic check,78.19,4280.51,3,282.5,0
CUST-001615,Female,1,Yes,No,39,Yes,Yes,No,Yes,No,Yes,No internet service,Month-to-month,No,Credit card,66.79,2650.74,1,41.1,0
CUST-001616,Female,0,Yes,No,72,Yes,Yes,DSL,No,No,No,Yes,Month-to-month,Yes,Credit card,86.91,5502.78,1,155.9,0
CUST-001617,Male,0,Yes,No,23,No,Yes,Fiber optic,No,No,No,No,Month-to-month,Yes,Bank transfer,96.49,2294.02,2,149.7,1
CUST-001618,Male,0,No,No,11,Yes,No,Fiber optic,No internet service,No,Yes,Yes,Two year,No,Bank transfer,101.77,1128.79,1,398.0,0
CUST-001619,Male,0,Yes,Yes,72,Yes,Yes,DSL,No,No,Yes,Yes,Month-to-month,No,Mailed check,62.6,4183.57,0,35.8,0
CUST-001620,Male,0,No,No,40,Yes,Yes,Fiber optic,No,No internet service,Yes,No internet service,Two year,Yes,Electronic check,82.55,2893.03,0,84.4,0
CUST-001621,Female,1,Yes,No,29,Yes,No,DSL,No,No internet service,No,No,Two year,Yes,Mailed check,99.88,2763.53,0,256.1,0
CUST-001622,Female,0,Yes,No,15,Yes,No,Fiber optic,Yes,Yes,Yes,No internet service,Two year,No,Credit card,36.49,538.63,0,107.1,0
CUST-001623,Female,0,No,Yes,23,Yes,No phone service,Fiber optic,No,No,No,Yes,One year,Yes,Bank transfer,109.36,2202.81,3,208.9,0
CUST-001624,Female,0,Yes,No,22,Yes,No,DSL,No,Yes,No,No,Month-to-month,Yes,Credit card,55.7,1270.23,0,153.3,1
CUST-001625,Female,0,No,No,11,Yes,Yes,DSL,No,Yes,No,No internet service,Two year,No,Credit card,18.0,198.5,2,113.7,0
CUST-001626,Male,0,Yes,No,3,No,Yes,DSL,Yes,No,No,Yes,One year,No,Electronic check,40.76,127.22,3,190.4,1
CUST-001627,Male,0,No,No,22,Yes,No,DSL,No,No internet service,No internet service,No,Two year,Yes,Bank transfer,68.92,1379.52,2,233.2,0
CUST-001628,Male,0,No,Yes,52,Yes,No,Fiber optic,No,No,No,Yes,Month-to-month,Yes,Bank transfer,98.04,4775.51,1,100.3,1
CUST-001629,Female,0,Yes,No,72,Yes,No,DSL,Yes,No internet service,Yes,No,Month-to-month,Yes,Credit card,92.2,5961.44,1,70.7,0
CUST-001630,Female,0,No,No,60,Yes,No,DSL,No internet service,No,No internet service,Yes,Two year,No,Mailed check,94.24,5115.89,3,152.9,0
CUST-001631,Female,0,No,Yes,62,Yes,No,DSL,No internet service,No internet service,No,No,Two year,Yes,Electronic check,23.6,1286.16,2,127.7,0
CUST-001632,Female,0,Yes,Yes,12,Yes,No phone service,Fiber optic,No,No,Yes,Yes,Month-to-month,Yes,Electronic check,106.33,1116.47,1,230.5,0
CUST-001633,Male,0,No,No,37,Yes,Yes,DSL,No,Yes,No,No,One year,Yes,Mailed check,91.86,3344.84,1,190.2,0
CUST-001634,Female,0,Yes,Yes,45,Yes,No,Fiber optic,No,No,Yes,No,Month-to-month,No,Credit card,101.57,4028.43,1,212.8,1
CUST-001635,Female,1,No,Yes,47,No,No,DSL,No internet service,No,Yes,No,One year,Yes,Mailed check,85.07,3505.38,2,175.4,0
CUST-001636,Male,0,No,No,29,Yes,No,Fiber optic,Yes,No,Yes,Yes,Month-to-month,No,Credit card,37.02,1027.45,0,126.0,0
CUST-001637,Female,0,Yes,No,34,Yes,Yes,No,Yes,Yes,Yes,No,Month-to-month,No,Credit card,40.29,1357.38,0,314.2,1
CUST-001638,Male,0,No,No,59,No,Yes,No,No,No internet service,Yes,Yes,Month-to-month,Yes,Credit card,110.98,6584.62,2,204.5,0
CUST-001639,Female,0,No,Yes,44,Yes,Yes,DSL,Yes,No,No,No,Month-to-month,Yes,Electronic check,61.61,2618.75,1,34.1,0
CUST-001640,Female,0,Yes,No,50,Yes,Yes,No,No internet service,No,No,Yes,Month-to-month,No,Electronic check,136.69,6084.98,3,217.8,1
CUST-001641,Male,0,Yes,No,21,Yes,No,DSL,Yes,No,No,Yes,Month-to-month,Yes,Credit card,31.65,641.1,0,53.9,0
CUST-001642,Female,0,Yes,No,48,Yes,Yes,Fiber optic,No,No,No,No,Month-to-month,Yes,Mailed check,141.91,6642.62,2,215.3,0
CUST-001643,Female,0,No,Yes,33,Yes,No,DSL,Yes,No,Yes,No internet service,One year,Yes,Electronic check,51.68,1537.62,0,299.8,0
CUST-001644,Female,0,Yes,No,55,Yes,No,No,No,No internet service,No,No internet service,One year,Yes,Electronic check,95.87,4634.44,0,194.4,1
CUST-001645,Female,0,Yes,No,17,Yes,No,Fiber optic,Yes,No,No,Yes,One year,Yes,Electronic check,86.14,1515.8,1,373.6,0
CUST-001646,Female,0,Yes,No,52,No,Yes,Fiber optic,Yes,No internet service,Yes,No,Month-to-month,Yes,Credit card,98.47,4450.65,1,55.0,1
CUST-001647,Female,0,Yes,No,23,Yes,Yes,DSL,Yes,No,No,No internet service,Month-to-month,Yes,Credit card,87.87,1829.82,1,256.8,1
CUST-001648,Female,0,Yes,Yes,52,Yes,No,Fiber optic,No,No,Yes,No,Two year,Yes,Credit card,76.6,3570.07,0,152.9,0
CUST-001649,Female,0,Yes,No,37,Yes,Yes,DSL,Yes,No,No,No internet service,Two year,No,Electronic check,94.03,3578.03,0,83.2,1
CUST-001650,Male,0,Yes,No,32,Yes,No phone service,DSL,No,Yes,Yes,Yes,Two year,No,Bank transfer,62.02,1886.3,0,318.4,0
CUST-001651,Female,0,Yes,Yes,24,Yes,No,DSL,No internet service,No,Yes,No internet service,Two year,No,Electronic check,75.34,1882.9,0,159.2,0
CUST-001652,Male,0,No,No,29,Yes,Yes,Fiber optic,No,No,Yes,No,One year,Yes,Electronic check,18.0,530.17,0,180.9,0
CUST-001653,Female,0,No,No,22,Yes,No,Fiber optic,Yes,Yes,No,No,Two year,No,Electronic check,84.88,1869.18,2,176.8,0
CUST-001654,Female,0,No,No,24,Yes,No,No,No,No,No,No,Month-to-month,Yes,Credit card,107.91,2292.85,2,410.8,0
CUST-001655,Female,0,Yes,No,43,Yes,No phone service,Fiber optic,Yes,No,Yes,No internet service,One year,No,Electronic check,115.84,4577.02,1,243.0,0
CUST-001656,Male,0,No,No,6,Yes,No phone service,DSL,No,No internet service,Yes,Yes,Two year,Yes,Credit card,96.6,587.72,1,285.8,0
CUST-001657,Female,1,Yes,No,51,Yes,No,Fiber optic,No,No,No,Yes,One year,Yes,Electronic check,96.6,5156.68,2,103.0,1
CUST-001658,Female,0,No,No,52,Yes,Yes,Fiber optic,No internet service,No,No internet service,No,Month-to-month,No,Mailed check,145.29,7748.28,1,95.1,1
CUST-001659,Female,0,No,No,25,No,No,DSL,Yes,No internet service,No internet service,No internet service,Month-to-month,No,Credit card,78.65,2044.36,2,115.8,0
CUST-001660,Female,0,Yes,No,34,Yes,No,Fiber optic,No,Yes,No internet service,No internet service,Month-to-month,No,Electronic check,75.2,2501.4,1,142.1,1
CUST-001661,Female,0,Yes,No,13,Yes,No,DSL,No internet service,Yes,No,Yes,Month-to-month,Yes,Mailed check,95.65,1177.06,1,85.4,0
CUST-001662,Male,0,No,No,41,Yes,No,DSL,No,No,No,Yes,Two year,Yes,Electronic check,97.68,3816.35,0,152.4,0
CUST-001663,Female,0,No,No,15,No,No,No,Yes,Yes,No,No internet service,One year,Yes,Electronic check,88.89,1255.58,1,294.1,1
CUST-001664,Male,0,No,No,1,Yes,Yes,No,Yes,No,No,No,Month-to-month,No,Credit card,57.91,51.02,1,185.9,1
CUST-001665,Female,0,No,Yes,70,Yes,No,Fiber optic,No,Yes,No internet service,No,One year,No,Electronic check,103.44,6597.74,2,4.4,0
CUST-001666,Male,1,No,No,12,Yes,No phone service,Fiber optic,No,Yes,No,No,Month-to-month,Yes,Mailed check,136.8,1425.03,1,309.3,1
CUST-001667,Male,0,No,No,29,Yes,No,No,Yes,Yes,No,Yes,One year,No,Mailed check,84.33,2121.96,1,37.1,0
CUST-001668,Female,1,No,Yes,35,Yes,Yes,Fiber optic,No,Yes,No,No,Month-to-month,Yes,Electronic check,50.67,1617.95,1,288.9,0
CUST-001669,Female,1,No,No,43,No,No,Fiber optic,Yes,No,No internet service,No,Month-to-month,No,Credit card,76.14,3218.98,1,171.5,0
CUST-001670,Female,0,No,No,31,Yes,No,Fiber optic,No internet service,Yes,Yes,No,One year,Yes,Electronic check,74.74,2253.85,1,417.0,0
CUST-001671,Female,0,Yes,Yes,38,Yes,No phone service,DSL,No,No,No internet service,No,One year,Yes,Mailed check,47.37,1731.48,0,331.7,0
CUST-001672,Male,0,No,No,24,No,No,Fiber optic,No,No,Yes,No,One year,No,Electronic check,31.66,759.71,3,239.2,0
CUST-001673,Female,1,Yes,Yes,7,Yes,No,Fiber optic,No,No,Yes,No,Month-to-month,No,Electronic check,151.72,992.5,1,176.4,1
CUST-001674,Female,0,No,No,30,No,Yes,DSL,Yes,No,Yes,No,One year,No,Mailed check,43.71,1230.59,0,313.4,0
CUST-001675,Male,0,No,No,47,Yes,Yes,DSL,No,No,Yes,Yes,Month-to-month,Yes,Credit card,45.88,2056.38,2,192.8,0
CUST-001676,Male,0,Yes,No,13,Yes,Yes,Fiber optic,No internet service,No,No,No,Month-to-month,Yes,Credit card,36.75,412.44,1,231.1,0
CUST-001677,Female,0,No,No,36,Yes,No,DSL,No internet service,No,Yes,No,One year,Yes,Electronic check,95.99,3339.42,2,197.3,0
CUST-001678,Male,0,Yes,Yes,72,Yes,No phone service,DSL,Yes,Yes,Yes,No,One year,Yes,Credit card,67.27,4843.96,0,118.9,0
CUST-001679,Male,0,Yes,No,28,Yes,No,Fiber optic,No internet service,No,Yes,No,Two year,Yes,Bank transfer,84.47,2135.16,4,211.4,0
CUST-001680,Male,0,Yes,No,29,Yes,No,Fiber optic,No,No internet service,Yes,Yes,Month-to-month,Yes,Mailed check,86.06,2548.06,1,108.7,1
CUST-001681,Female,0,Yes,No,6,Yes,No,Fiber optic,No,No,No,No,Two year,No,Mailed check,112.63,610.42,1,248.1,1
CUST-001682,Male,0,Yes,No,11,Yes,No,Fiber optic,No internet service,Yes,Yes,No internet service,Month-to-month,No,Mailed check,80.6,844.61,3,179.9,0
CUST-001683,Female,0,No,No,15,Yes,No phone service,No,Yes,Yes,No internet service,Yes,One year,Yes,Electronic check,18.0,276.72,2,131.1,0
CUST-001684,Male,0,Yes,No,46,No,No,Fiber optic,Yes,Yes,Yes,Yes,Two year,No,Credit card,56.25,2581.54,0,118.7,1
CUST-001685,Female,0,No,No,14,Yes,No,No,No,No internet service,No,No internet service,One year,Yes,Electronic check,29.7,401.28,1,334.4,0
CUST-001686,Male,0,Yes,No,40,Yes,No,Fiber optic,No,No,No internet service,Yes,Two year,Yes,Mailed check,103.26,4025.25,0,81.6,1
CUST-001687,Female,0,Yes,Yes,16,Yes,No,Fiber optic,No,No internet service,Yes,Yes,Two year,Yes,Credit card,122.9,1714.27,1,208.5,0
CUST-001688,Female,0,Yes,No,7,No,No,DSL,No,No internet service,No,No internet service,Month-to-month,Yes,Mailed check,113.97,789.73,2,74.0,1
CUST-001689,Male,0,Yes,No,50,Yes,No phone service,No,No internet service,No,No,Yes,Two year,Yes,Electronic check,20.95,1018.73,2,219.9,0
CUST-001690,Female,0,No,No,22,Yes,No,Fiber optic,Yes,No,No,Yes,Two year,Yes,Mailed check,113.61,2166.73,1,149.9,0
CUST-001691,Female,0,No,Yes,43,Yes,No,Fiber optic,No internet service,No,No internet service,No,Month-to-month,Yes,Credit card,76.55,2879.66,1,187.8,0
CUST-001692,Male,0,Yes,No,7,No,Yes,DSL,Yes,No,Yes,No internet service,Month-to-month,No,Bank transfer,157.7,1152.72,2,142.2,1
CUST-001693,Female,0,Yes,No,2,Yes,No,Fiber optic,No internet service,Yes,No,Yes,Month-to-month,Yes,Electronic check,136.51,241.79,1,0.0,1
CUST-001694,Male,0,Yes,No,33,Yes,Yes,DSL,No,No,No,Yes,Two year,Yes,Bank transfer,121.06,4111.35,0,211.6,0
CUST-001695,Female,0,No,No,11,Yes,Yes,No,No internet service,No,No,Yes,Two year,No,Electronic check,94.07,936.67,2,204.7,0
CUST-001696,Male,0,Yes,No,33,Yes,No phone service,Fiber optic,No internet service,No,Yes,No internet service,Two year,Yes,Electronic check,106.46,3264.43,2,83.6,0
CUST-001697,Male,1,Yes,No,33,Yes,No phone service,No,Yes,Yes,Yes,Yes,Month-to-month,Yes,Bank transfer,57.92,1837.08,1,185.5,0
CUST-001698,Female,0,No,No,30,Yes,No phone service,Fiber optic,No,No,No,No internet service,Month-to-month,Yes,Electronic check,77.02,2253.25,0,205.7,0
CUST-001699,Female,0,No,No,62,No,Yes,No,No,Yes,No,No,Month-to-month,No,Electronic check,46.0,2707.95,0,214.8,1
CUST-001700,Female,0,Yes,No,40,Yes,No,No,No,No,No,No,Month-to-month,Yes,Bank transfer,88.53,3256.7,0,185.8,0
CUST-001701,Female,0,No,No,72,Yes,Yes,DSL,No,No,Yes,No,Month-to-month,Yes,Credit card,116.81,7987.74,1,116.1,0
CUST-001702,Female,0,No,Yes,23,Yes,No,No,No,No,Yes,No,Month-to-month,Yes,Electronic check,59.3,1350.35,0,251.4,1
CUST-001703,Female,0,Yes,No,9,Yes,Yes,No,No,Yes,Yes,Yes,Month-to-month,No,Credit card,48.33,404.21,3,210.0,0
CUST-001704,Male,0,No,No,17,Yes,No,Fiber optic,No,No,Yes,No internet service,Month-to-month,Yes,Mailed check,50.49,823.26,0,5.1,1
CUST-001705,Female,0,Yes,Yes,24,Yes,Yes,Fiber optic,Yes,Yes,Yes,Yes,One year,Yes,Credit card,102.34,2274.01,4,139.3,1
CUST-001706,Female,0,Yes,Yes,72,Yes,Yes,Fiber optic,No,No,No,No internet service,Month-to-month,Yes,Bank transfer,131.88,8697.48,3,238.7,0
CUST-001707,Female,0,Yes,No,32,Yes,No,DSL,No internet service,No,No,No internet service,Month-to-month,Yes,Mailed check,108.38,3155.2,1,333.6,0
CUST-001708,Male,0,No,No,64,Yes,Yes,DSL,No,No,No,No,One year,No,Electronic check,111.35,6376.82,2,198.7,0
CUST-001709,Female,0,Yes,No,21,Yes,No,DSL,No,Yes,Yes,Yes,Two year,No,Bank transfer,82.46,1735.44,1,64.5,0
CUST-001710,Male,0,No,No,19,Yes,Yes,DSL,Yes,No internet service,Yes,Yes,One year,Yes,Credit card,72.71,1446.03,2,28.9,0
CUST-001711,Male,0,Yes,Yes,6,Yes,No,Fiber optic,No internet service,No,Yes,No internet service,One year,No,Electronic check,133.47,685.33,0,187.2,1
CUST-001712,Male,0,No,No,72,Yes,Yes,Fiber optic,Yes,No,Yes,Yes,One year,No,Mailed check,61.7,3950.12,0,164.7,0
CUST-001713,Female,0,No,Yes,72,Yes,Yes,Fiber optic,No internet service,Yes,No internet service,No,One year,Yes,Mailed check,81.77,6140.07,0,212.7,0
CUST-001714,Male,0,Yes,No,36,Yes,Yes,No,No,No,No internet service,No,One year,Yes,Electronic check,121.33,4011.11,0,79.8,0
CUST-001715,Female,0,No,No,25,No,No phone service,Fiber optic,No,No internet service,Yes,Yes,Month-to-month,Yes,Electronic check,62.76,1455.75,0,200.5,1
CUST-001716,Male,0,No,Yes,32,Yes,No,Fiber optic,Yes,No internet service,No internet service,No,One year,No,Credit card,93.97,2954.58,3,171.8,1
CUST-001717,Female,1,No,No,9,No,No,Fiber optic,Yes,No,Yes,No,Month-to-month,Yes,Bank transfer,113.94,943.97,1,95.4,0
CUST-001718,Male,0,No,No,43,Yes,Yes,No,Yes,No,No,No,Month-to-month,No,Credit card,72.48,2956.3,0,322.9,0
CUST-001719,Male,0,No,No,72,Yes,No,Fiber optic,No,Yes,Yes,No,Month-to-month,Yes,Credit card,129.48,9603.77,3,257.4,1
CUST-001720,Female,0,No,No,72,Yes,No,DSL,No,Yes,No,Yes,Month-to-month,Yes,Credit card,115.77,8026.69,0,168.2,0
CUST-001721,Male,0,No,No,7,Yes,Yes,Fiber optic,No,No,No internet service,Yes,Month-to-month,Yes,Electronic check,109.39,753.0,3,58.6,1
CUST-001722,Male,1,No,No,63,Yes,Yes,Fiber optic,No,Yes,No internet service,No,One year,Yes,Mailed check,136.7,7694.3,3,224.0,0
CUST-001723,Female,0,Yes,Yes,9,Yes,No,DSL,Yes,Yes,No internet service,Yes,Month-to-month,No,Mailed check,42.14,342.2,0,118.5,1
CUST-001724,Female,0,No,No,3,Yes,No,DSL,No internet service,Yes,Yes,No,Month-to-month,No,Bank transfer,65.27,201.37,0,239.8,0
CUST-001725,Male,0,Yes,No,65,Yes,Yes,DSL,No,No,No,Yes,Month-to-month,Yes,Credit card,142.16,9549.82,0,216.7,1
CUST-001726,Male,0,Yes,Yes,20,Yes,Yes,Fiber optic,No,No,Yes,Yes,Month-to-month,Yes,Credit card,153.29,3100.7,1,87.5,1
CUST-001727,Male,0,No,Yes,59,No,No,No,No,No,Yes,No,One year,No,Electronic check,31.69,1634.99,1,177.2,0
CUST-001728,Male,0,Yes,No,55,Yes,Yes,DSL,No,No,Yes,Yes,Month-to-month,Yes,Bank transfer,69.62,3881.42,1,267.8,0
CUST-001729,Female,0,No,No,50,Yes,Yes,No,No internet service,No,Yes,No,Month-to-month,Yes,Bank transfer,74.08,3162.74,0,38.3,0
CUST-001730,Female,0,Yes,No,32,Yes,Yes,Fiber optic,Yes,No internet service,No,Yes,Month-to-month,Yes,Credit card,107.5,3334.3,3,210.5,1
CUST-001731,Male,0,No,Yes,10,Yes,No,Fiber optic,No,Yes,No,No internet service,Month-to-month,Yes,Electronic check,133.22,1312.3,0,330.3,1
CUST-001732,Male,0,Yes,No,24,Yes,Yes,Fiber optic,No,No,No,Yes,Month-to-month,No,Electronic check,150.17,3370.93,0,82.0,1
CUST-001733,Male,0,Yes,No,72,Yes,No,DSL,No internet service,No,No internet service,Yes,Month-to-month,No,Mailed check,71.12,4843.49,0,23.3,1
CUST-001734,Male,0,No,No,60,No,No,DSL,Yes,No,Yes,No,One year,Yes,Mailed check,103.66,6209.44,2,423.0,0
CUST-001735,Male,0,No,Yes,25,Yes,No,DSL,No,No internet service,No internet service,No internet service,Two year,No,Credit card,89.45,2300.94,2,0.0,0
CUST-001736,Female,0,No,Yes,25,No,No,Fiber optic,No,Yes,No,Yes,One year,Yes,Credit card,94.37,2094.61,0,173.0,0
CUST-001737,Male,0,No,Yes,47,Yes,No,Fiber optic,No,No internet service,Yes,Yes,Month-to-month,No,Credit card,44.06,1817.36,2,287.1,0
CUST-001738,Male,0,No,No,34,Yes,No,Fiber optic,No,No,No,No,Month-to-month,No,Electronic check,125.55,4166.38,1,301.1,1
CUST-001739,Male,0,Yes,Yes,26,Yes,Yes,No,No,No internet service,No,No,One year,Yes,Mailed check,88.16,2054.03,0,207.0,0
CUST-001740,Male,0,Yes,No,45,Yes,No,Fiber optic,No,No,Yes,Yes,Month-to-month,Yes,Credit card,106.69,4267.3,0,315.0,1
CUST-001741,Male,1,Yes,No,44,Yes,No,Fiber optic,Yes,Yes,No internet service,Yes,Two year,No,Mailed check,65.56,2569.42,2,159.1,0
CUST-001742,Male,0,Yes,No,18,Yes,No,Fiber optic,No internet service,No,Yes,No internet service,Month-to-month,No,Electronic check,153.77,2461.71,1,137.6,1
CUST-001743,Male,0,No,No,39,No,No,Fiber optic,No internet service,No internet service,No internet service,Yes,Month-to-month,Yes,Mailed check,99.57,3671.45,1,192.2,0
CUST-001744,Male,0,Yes,No,42,Yes,Yes,No,Yes,Yes,No,No,Month-to-month,No,Bank transfer,35.76,1566.26,0,216.5,0
CUST-001745,Female,0,Yes,No,30,Yes,No,Fiber optic,Yes,No internet service,No,No internet service,Two year,Yes,Credit card,55.93,1704.11,0,220.9,0
CUST-001746,Male,0,Yes,Yes,16,No,Yes,No,No,No,Yes,Yes,Two year,Yes,Bank transfer,90.32,1385.45,3,93.8,0
CUST-001747,Male,0,No,No,23,Yes,No,DSL,No,No internet service,No internet service,No,Two year,No,Electronic check,91.22,1817.36,2,188.0,0
CUST-001748,Male,0,No,No,13,Yes,No phone service,DSL,No,No internet service,No,No,Month-to-month,No,Mailed check,56.11,718.18,0,84.8,1
CUST-001749,Female,0,No,Yes,40,Yes,No,DSL,Yes,Yes,No internet service,No,One year,No,Electronic check,83.88,3154.61,2,165.4,0
CUST-001750,Male,0,Yes,No,7,Yes,Yes,DSL,No,No,No,Yes,Month-to-month,Yes,Electronic check,90.03,633.77,1,233.3,1
CUST-001751,Female,0,Yes,Yes,72,Yes,No phone service,DSL,Yes,No,No,No internet service,Month-to-month,Yes,Credit card,74.2,5068.67,1,228.3,1
CUST-001752,Male,0,Yes,Yes,72,Yes,No,Fiber optic,Yes,No internet service,Yes,No internet service,One year,Yes,Electronic check,73.96,5238.06,1,356.0,0
CUST-001753,Female,0,Yes,Yes,42,Yes,Yes,No,Yes,No,No,Yes,Two year,Yes,Bank transfer,98.84,3694.71,0,133.5,0
CUST-001754,Male,0,No,No,57,No,No,Fiber optic,No,No internet service,No internet service,Yes,Month-to-month,Yes,Bank transfer,120.13,6961.31,4,274.9,1
CUST-001755,Male,0,No,Yes,55,No,Yes,Fiber optic,No,Yes,Yes,No,Month-to-month,No,Electronic check,112.03,6197.93,1,361.7,1
CUST-001756,Male,0,Yes,No,34,Yes,Yes,Fiber optic,Yes,No,Yes,No internet service,Month-to-month,Yes,Electronic check,69.99,2200.65,1,387.9,1
CUST-001757,Male,0,Yes,No,27,Yes,No,DSL,Yes,No,No,No internet service,Month-to-month,Yes,Electronic check,30.07,846.55,0,274.7,1
CUST-001758,Female,0,Yes,Yes,24,Yes,No,Fiber optic,Yes,No,No,Yes,Month-to-month,No,Mailed check,97.3,2059.74,0,54.4,1
CUST-001759,Female,0,No,Yes,72,No,Yes,Fiber optic,No,Yes,Yes,No,Two year,No,Mailed check,122.89,7556.11,1,90.9,0
CUST-001760,Female,0,No,Yes,16,Yes,No,Fiber optic,Yes,No,No internet service,Yes,Month-to-month,Yes,Electronic check,126.21,2024.68,2,102.1,1
CUST-001761,Male,1,Yes,Yes,16,Yes,No,Fiber optic,No,Yes,Yes,Yes,One year,Yes,Electronic check,112.53,1746.69,0,192.2,1
CUST-001762,Female,0,No,No,61,No,No phone service,Fiber optic,No,No,No internet service,Yes,Month-to-month,Yes,Bank transfer,81.49,4335.34,0,352.6,0
CUST-001763,Female,0,Yes,No,57,Yes,Yes,No,No,No,Yes,Yes,Month-to-month,Yes,Mailed check,45.87,2306.0,0,167.4,0
CUST-001764,Male,0,No,No,25,Yes,Yes,Fiber optic,Yes,No internet service,No,Yes,Month-to-month,No,Credit card,94.49,2069.83,1,111.8,1
CUST-001765,Female,0,Yes,No,46,Yes,No phone service,No,No,Yes,Yes,No,Month-to-month,Yes,Electronic check,69.78,2835.45,2,290.7,0
CUST-001766,Male,1,Yes,No,50,Yes,No phone service,DSL,No,No,No,No,Month-to-month,Yes,Mailed check,103.22,4863.06,1,136.8,1
CUST-001767,Male,0,No,No,9,Yes,No,DSL,No,No internet service,No,No internet service,One year,No,Mailed check,55.61,430.51,0,271.8,0
CUST-001768,Female,0,Yes,No,72,Yes,Yes,No,Yes,No,Yes,No,Two year,Yes,Mailed check,58.1,3990.3,2,147.5,0
CUST-001769,Male,0,Yes,Yes,50,Yes,No phone service,Fiber optic,Yes,Yes,Yes,Yes,Month-to-month,No,Electronic check,156.65,7605.93,0,262.2,0
CUST-001770,Male,0,Yes,Yes,43,Yes,No,DSL,Yes,No internet service,No,No,One year,Yes,Electronic check,116.54,4988.39,0,204.4,0
CUST-001771,Female,0,Yes,No,50,No,Yes,Fiber optic,No,No,Yes,Yes,Two year,No,Electronic check,68.52,3560.14,0,153.7,0
CUST-001772,Female,0,No,No,39,Yes,No,Fiber optic,No internet service,No,Yes,Yes,Month-to-month,No,Electronic check,139.06,4699.39,2,51.6,0
CUST-001773,Female,0,Yes,No,29,Yes,No,Fiber optic,No internet service,No,Yes,No internet service,Two year,No,Mailed check,61.34,1524.63,0,184.5,0
CUST-001774,Female,0,No,No,35,Yes,Yes,DSL,No,Yes,No,Yes,Two year,Yes,Bank transfer,56.98,1750.6,1,65.1,0
CUST-001775,Female,1,No,No,8,Yes,No,No,No internet service,No,Yes,No,Two year,Yes,Mailed check,60.39,443.26,0,213.5,0
CUST-001776,Female,0,Yes,Yes,72,No,No,Fiber optic,No,No,No,No internet service,One year,No,Electronic check,92.67,6372.63,0,264.7,0
CUST-001777,Female,1,Yes,No,29,Yes,No,DSL,No internet service,No,No,No,One year,Yes,Mailed check,88.59,2186.01,4,231.3,1
CUST-001778,Male,0,No,No,72,Yes,Yes,Fiber optic,Yes,No,Yes,No,Month-to-month,Yes,Bank transfer,98.19,6988.49,0,176.0,1
CUST-001779,Male,1,No,Yes,35,Yes,Yes,Fiber optic,No,Yes,No,Yes,One year,Yes,Bank transfer,113.44,4134.75,1,175.0,0
CUST-001780,Female,0,No,No,19,No,No,Fiber optic,No,Yes,No,Yes,Two year,No,Mailed check,82.94,1418.29,1,245.2,0
CUST-001781,Male,0,No,No,72,Yes,No,DSL,No,Yes,Yes,No internet service,Month-to-month,Yes,Electronic check,81.23,4981.36,0,125.3,0
CUST-001782,Male,0,No,Yes,42,Yes,No,DSL,No,Yes,No,No internet service,One year,No,Mailed check,72.37,3041.47,2,197.0,0
CUST-001783,Female,0,No,No,72,No,No,Fiber optic,No,No,Yes,No internet service,Month-to-month,No,Bank transfer,53.35,3856.61,1,55.5,1
CUST-001784,Male,0,No,No,19,Yes,Yes,Fiber optic,Yes,Yes,No,No,Month-to-month,No,Electronic check,109.49,1786.37,4,114.2,0
CUST-001785,Male,1,No,No,72,Yes,Yes,DSL,No internet service,No internet service,No internet service,No,One year,No,Electronic check,72.88,5108.23,1,202.7,0
CUST-001786,Female,0,No,No,72,Yes,Yes,No,No,Yes,No,Yes,One year,Yes,Credit card,48.58,3143.15,0,59.4,0
CUST-001787,Female,0,No,No,53,Yes,No,Fiber optic,Yes,No internet service,No,No internet service,One year,Yes,Credit card,82.25,4257.38,0,197.9,1
CUST-001788,Female,1,Yes,Yes,72,Yes,No,DSL,No,No,No,Yes,Two year,No,Bank transfer,57.99,4155.58,1,238.4,0
CUST-001789,Male,1,No,No,29,Yes,No,DSL,Yes,No,No internet service,No,Month-to-month,Yes,Bank transfer,62.65,1625.32,0,116.8,1
CUST-001790,Male,0,Yes,Yes,15,Yes,No,DSL,No,No,No,No,Two year,No,Credit card,122.77,1661.34,2,210.6,1
CUST-001791,Female,0,No,No,20,Yes,Yes,Fiber optic,Yes,No internet service,No,No internet service,One year,Yes,Electronic check,157.71,3066.83,0,58.1,0
CUST-001792,Male,1,Yes,Yes,33,Yes,No,No,No,Yes,No,No internet service,Two year,Yes,Electronic check,18.0,574.07,1,220.7,1
CUST-001793,Female,0,Yes,No,55,Yes,Yes,DSL,No internet service,Yes,No,Yes,Month-to-month,Yes,Bank transfer,84.65,4782.27,2,138.6,0
CUST-001794,Male,0,Yes,No,16,Yes,Yes,Fiber optic,No,No internet service,Yes,Yes,Month-to-month,Yes,Credit card,123.65,1883.56,0,92.9,1
CUST-001795,Male,0,No,No,24,Yes,Yes,No,No,No,No,No,Two year,Yes,Bank transfer,63.52,1539.6,2,147.4,0
CUST-001796,Female,0,No,No,18,Yes,Yes,No,No,Yes,No,No internet service,Month-to-month,Yes,Credit card,97.84,1754.83,4,72.8,0
CUST-001797,Female,0,Yes,No,62,Yes,No phone service,DSL,Yes,No,Yes,Yes,Month-to-month,Yes,Credit card,119.63,7291.71,2,249.0,0
CUST-001798,Female,1,Yes,No,72,Yes,No,No,No,Yes,No internet service,No,One year,No,Credit card,28.84,1844.95,1,191.4,0
CUST-001799,Female,0,No,No,13,Yes,No,Fiber optic,No,No,No,Yes,One year,Yes,Mailed check,99.01,1165.24,0,273.4,1
CUST-001800,Male,0,Yes,No,47,Yes,Yes,DSL,No,No,No,No,Two year,Yes,Bank transfer,128.7,5827.34,1,17.2,0
CUST-001801,Female,0,No,Yes,67,Yes,Yes,Fiber optic,No,Yes,No,No,One year,Yes,Bank transfer,57.87,3346.66,2,260.4,0
CUST-001802,Male,0,Yes,Yes,27,Yes,No,No,No,Yes,No internet service,No,Two year,No,Mailed check,66.54,1543.35,1,32.6,0
CUST-001803,Male,0,No,No,9,Yes,Yes,Fiber optic,No internet service,No,No,Yes,Month-to-month,No,Electronic check,81.55,631.16,1,175.0,1
CUST-001804,Male,0,Yes,Yes,72,Yes,Yes,Fiber optic,No,No,No,No,One year,No,Electronic check,126.56,9424.28,0,395.4,0
CUST-001805,Female,0,No,Yes,8,Yes,No,Fiber optic,No,No,No,Yes,Two year,No,Electronic check,130.74,1033.11,0,36.4,0
CUST-001806,Female,0,No,No,72,No,No,DSL,No internet service,Yes,No internet service,No,One year,No,Mailed check,74.87,5484.17,1,179.9,0
CUST-001807,Female,0,No,No,17,Yes,No phone service,DSL,No,No,No,No internet service,Month-to-month,No,Mailed check,70.97,1257.92,4,84.8,0
CUST-001808,Male,0,Yes,Yes,7,Yes,No,DSL,No internet service,No internet service,No internet service,No,Month-to-month,Yes,Electronic check,18.43,127.71,0,126.8,1
CUST-001809,Male,0,No,No,22,Yes,No,Fiber optic,No,No internet service,No,No internet service,One year,No,Bank transfer,137.69,2887.0,0,89.8,1
CUST-001810,Male,0,Yes,No,31,Yes,No,Fiber optic,Yes,No internet service,Yes,No internet service,One year,Yes,Bank transfer,84.41,2474.75,0,0.0,0
CUST-001811,Female,1,No,Yes,36,Yes,No,DSL,No,Yes,No internet service,No,Month-to-month,Yes,Mailed check,65.73,2364.41,1,226.1,1
CUST-001812,Female,0,Yes,No,50,Yes,Yes,Fiber optic,No internet service,No internet service,No,Yes,One year,No,Credit card,124.15,6353.77,2,181.5,0
CUST-001813,Male,0,Yes,No,39,Yes,Yes,DSL,No,No,No,No,Two year,No,Mailed check,75.93,3008.34,2,95.0,0
CUST-001814,Female,1,No,Yes,72,Yes,No,No,No,Yes,No,No,Month-to-month,Yes,Mailed check,100.12,6837.71,1,292.4,1
CUST-001815,Female,1,Yes,Yes,30,Yes,No,DSL,No internet service,No,No,No,One year,Yes,Credit card,88.1,2655.5,0,228.1,1
CUST-001816,Male,0,No,No,40,Yes,No,Fiber optic,Yes,No,No,Yes,One year,No,Credit card,101.11,3823.38,0,180.3,1
CUST-001817,Female,0,No,No,38,Yes,No,DSL,No,No,No internet service,Yes,Month-to-month,No,Bank transfer,79.31,2793.52,1,228.1,1
CUST-001818,Male,1,No,No,6,Yes,No phone service,No,No,No internet service,No,No,Month-to-month,No,Mailed check,36.32,198.19,0,228.7,0
CUST-001819,Male,0,No,Yes,11,Yes,Yes,DSL,No internet service,No,No,No internet service,Month-to-month,No,Electronic check,65.53,620.57,0,176.3,0
CUST-001820,Female,0,Yes,Yes,33,Yes,No,No,Yes,No,No,No,Two year,Yes,Electronic check,102.52,3011.84,0,220.0,1
CUST-001821,Male,0,Yes,Yes,44,Yes,No,Fiber optic,No,Yes,No,No,Month-to-month,Yes,Credit card,68.04,2981.82,0,201.5,0
CUST-001822,Male,0,No,Yes,4,Yes,No,DSL,No,No,No,Yes,Month-to-month,No,Electronic check,48.54,171.71,2,145.9,1
CUST-001823,Male,0,Yes,No,72,Yes,No,Fiber optic,Yes,Yes,No internet service,Yes,Month-to-month,Yes,Credit card,68.61,5089.37,3,115.8,1
CUST-001824,Male,0,No,Yes,47,Yes,Yes,DSL,No internet service,Yes,No,No internet service,Two year,Yes,Mailed check,74.6,3035.43,2,118.1,0
CUST-001825,Female,0,No,Yes,32,Yes,Yes,No,No,No,Yes,Yes,One year,Yes,Electronic check,112.08,3085.14,0,97.9,0
CUST-001826,Male,0,Yes,No,45,Yes,No,No,Yes,No internet service,Yes,No,Month-to-month,Yes,Electronic check,86.41,3679.52,3,165.5,1
CUST-001827,Male,0,Yes,Yes,21,Yes,Yes,Fiber optic,No,Yes,Yes,No,Two year,Yes,Mailed check,29.69,557.75,0,225.9,0
CUST-001828,Female,0,No,Yes,37,No,Yes,No,Yes,No internet service,No,No,Month-to-month,Yes,Credit card,89.46,2881.63,1,261.3,0
CUST-001829,Female,0,No,No,41,Yes,Yes,Fiber optic,No internet service,No,Yes,Yes,Month-to-month,No,Bank transfer,81.74,2888.67,1,198.7,0
CUST-001830,Male,1,No,Yes,72,Yes,No phone service,DSL,No,Yes,No internet service,Yes,Month-to-month,Yes,Mailed check,85.28,5866.77,3,278.7,0
CUST-001831,Female,1,No,No,28,Yes,No,DSL,No internet service,No,Yes,No internet service,One year,Yes,Electronic check,65.51,1654.45,1,76.2,1
CUST-001832,Female,0,No,Yes,9,Yes,No,DSL,No,No,No internet service,No,Two year,No,Mailed check,44.19,382.23,2,275.0,0
CUST-001833,Male,1,Yes,Yes,15,Yes,No,Fiber optic,No internet service,No internet service,No internet service,No internet service,Month-to-month,Yes,Electronic check,92.86,1225.22,1,268.1,1
CUST-001834,Male,0,Yes,No,26,Yes,Yes,DSL,No,No,No internet service,Yes,One year,Yes,Mailed check,56.76,1261.51,1,53.0,1
CUST-001835,Female,0,No,No,10,Yes,No phone service,DSL,No,Yes,Yes,Yes,One year,Yes,Electronic check,79.23,677.79,0,74.5,0
CUST-001836,Female,1,No,Yes,14,Yes,Yes,DSL,Yes,No,No,No,Two year,Yes,Electronic check,43.42,530.39,1,119.4,0
CUST-001837,Male,1,Yes,No,15,Yes,No,DSL,Yes,Yes,No,Yes,Two year,Yes,Credit card,36.26,548.86,2,223.1,0
CUST-001838,Male,0,No,No,25,Yes,No,DSL,No internet service,No,No internet service,No,One year,No,Bank transfer,91.96,2160.43,3,0.0,0
CUST-001839,Male,0,Yes,No,46,Yes,Yes,Fiber optic,No internet service,No,No,Yes,Month-to-month,No,Credit card,128.27,5751.35,1,203.2,1
CUST-001840,Male,0,No,Yes,24,Yes,No,Fiber optic,Yes,No,Yes,Yes,Month-to-month,Yes,Electronic check,112.4,2765.08,1,230.3,1
CUST-001841,Female,0,No,Yes,48,Yes,No,DSL,Yes,No internet service,Yes,Yes,Two year,No,Mailed check,50.54,2165.05,0,345.1,0
CUST-001842,Male,0,Yes,No,32,Yes,No,DSL,Yes,Yes,No,No,One year,Yes,Mailed check,47.8,1566.65,1,312.9,1
CUST-001843,Male,0,No,Yes,14,Yes,No,Fiber optic,No,Yes,No,Yes,Month-to-month,No,Electronic check,74.53,1042.44,2,142.0,1
CUST-001844,Female,0,No,Yes,42,Yes,Yes,Fiber optic,No,No,No internet service,No,Two year,Yes,Mailed check,121.71,5090.45,1,124.0,1
CUST-001845,Male,0,Yes,No,37,Yes,No,No,No internet service,No,No,Yes,Two year,Yes,Credit card,45.25,1714.62,0,281.5,0
CUST-001846,Female,0,Yes,Yes,49,Yes,No,No,No,No,No internet service,Yes,One year,No,Mailed check,96.52,4139.18,2,293.7,0
CUST-001847,Female,1,No,Yes,57,Yes,No,DSL,No,No,No,No internet service,Two year,Yes,Electronic check,89.11,4866.29,1,228.2,0
CUST-001848,Female,0,Yes,Yes,72,Yes,Yes,DSL,No,Yes,No,No internet service,Month-to-month,Yes,Electronic check,107.13,7302.41,1,70.1,0
CUST-001849,Female,1,Yes,No,47,Yes,No,No,Yes,No internet service,Yes,Yes,One year,No,Electronic check,101.89,4706.67,1,176.5,0
CUST-001850,Male,0,Yes,Yes,36,Yes,No,DSL,No,Yes,No,No internet service,Two year,No,Mailed check,86.28,2788.0,0,129.3,0
CUST-001851,Female,0,Yes,No,49,Yes,Yes,Fiber optic,No,No,No,No,Month-to-month,Yes,Bank transfer,50.94,2185.2,2,69.2,1
CUST-001852,Female,0,No,No,22,No,Yes,DSL,No internet service,No,Yes,Yes,Month-to-month,Yes,Credit card,88.3,2029.5,2,205.4,1
CUST-001853,Male,0,No,Yes,21,Yes,No,No,No internet service,Yes,No internet service,Yes,One year,No,Electronic check,73.46,1455.02,0,98.9,0
CUST-001854,Male,0,No,No,72,Yes,No,DSL,No,No,Yes,No,Month-to-month,Yes,Bank transfer,58.8,3795.17,1,385.0,0
CUST-001855,Female,0,Yes,No,20,Yes,Yes,Fiber optic,No,No,No internet service,Yes,Month-to-month,Yes,Electronic check,135.87,2379.65,1,85.8,1
CUST-001856,Male,0,No,No,16,Yes,No,No,No internet service,Yes,Yes,No,Month-to-month,Yes,Electronic check,65.46,1014.6,1,0.0,1
CUST-001857,Male,1,Yes,Yes,47,Yes,No,DSL,No internet service,No,Yes,Yes,Month-to-month,Yes,Credit card,54.12,2237.12,1,197.2,0
CUST-001858,Male,0,Yes,No,22,Yes,No,Fiber optic,No,No,No,No internet service,Month-to-month,Yes,Electronic check,128.72,2510.77,1,317.3,1
CUST-001859,Male,0,No,No,56,Yes,Yes,No,Yes,No,No internet service,No,Two year,Yes,Bank transfer,57.85,3370.42,2,194.4,0
CUST-001860,Male,0,Yes,No,71,No,No,DSL,No,No,Yes,No internet service,One year,Yes,Credit card,52.62,3197.12,1,132.1,0
CUST-001861,Male,0,No,No,18,Yes,No phone service,No,No internet service,No internet service,Yes,No,One year,Yes,Credit card,36.19,577.97,0,83.6,0
CUST-001862,Male,0,No,No,51,Yes,Yes,No,Yes,No internet service,No,Yes,Month-to-month,Yes,Electronic check,45.39,2278.65,0,49.9,0
CUST-001863,Female,0,Yes,No,20,Yes,Yes,Fiber optic,No internet service,No,No internet service,No,Month-to-month,Yes,Credit card,72.97,1303.77,2,126.5,1
CUST-001864,Male,1,No,Yes,27,Yes,No,DSL,No,No internet service,No,No,Month-to-month,Yes,Electronic check,88.63,2121.17,2,87.5,1
CUST-001865,Female,0,No,No,40,Yes,Yes,Fiber optic,No internet service,No,No,Yes,Two year,Yes,Electronic check,64.43,2477.38,1,196.2,0
CUST-001866,Female,0,Yes,No,21,Yes,No,No,No,No,Yes,No,Two year,Yes,Bank transfer,18.0,373.91,0,166.1,0
CUST-001867,Male,0,No,No,38,Yes,No phone service,No,No,No,Yes,No,Month-to-month,Yes,Electronic check,79.1,2813.7,2,186.3,0
CUST-001868,Female,0,Yes,Yes,29,Yes,No,No,No internet service,No,Yes,No internet service,Two year,No,Bank transfer,50.98,1487.71,1,99.3,0
CUST-001869,Male,0,No,Yes,57,Yes,No,DSL,No,No,No,No,Month-to-month,Yes,Bank transfer,69.51,4013.86,2,162.9,0
CUST-001870,Male,0,Yes,Yes,57,Yes,No,DSL,No,No,No internet service,No,Month-to-month,Yes,Credit card,108.47,6025.99,4,266.3,1
CUST-001871,Female,0,No,No,21,No,No,Fiber optic,No internet service,Yes,Yes,Yes,One year,Yes,Electronic check,97.15,1969.82,4,18.9,0
CUST-001872,Female,0,No,No,41,Yes,Yes,Fiber optic,No,Yes,No,No,Month-to-month,Yes,Electronic check,140.29,5828.11,1,103.3,1
CUST-001873,Male,1,Yes,No,63,Yes,No,Fiber optic,Yes,No,No,No,Two year,No,Mailed check,92.96,4995.38,0,151.3,0
CUST-001874,Male,0,Yes,No,13,Yes,No,No,Yes,No,Yes,Yes,Month-to-month,No,Bank transfer,100.21,1240.35,0,138.9,0
CUST-001875,Male,0,No,No,28,Yes,Yes,DSL,No,No,No,Yes,One year,Yes,Bank transfer,53.58,1313.76,1,315.2,1
CUST-001876,Female,0,No,No,40,Yes,No phone service,DSL,No,No,No internet service,Yes,Month-to-month,No,Electronic check,73.23,2619.64,4,31.7,1
CUST-001877,Female,1,Yes,No,13,Yes,No,Fiber optic,No,No,Yes,No,Month-to-month,Yes,Bank transfer,67.01,905.81,0,0.0,0
CUST-001878,Male,0,No,No,23,Yes,No,DSL,No,No,Yes,No,Month-to-month,No,Mailed check,45.57,891.75,1,284.5,1
CUST-001879,Male,0,Yes,No,72,Yes,No,DSL,No,No,Yes,Yes,Two year,Yes,Electronic check,63.26,4151.19,3,46.2,0
CUST-001880,Male,0,No,No,20,Yes,No,No,Yes,No,No,Yes,One year,Yes,Electronic check,30.14,531.06,0,108.2,0
CUST-001881,Male,0,No,No,22,Yes,Yes,No,No,Yes,No,Yes,One year,No,Credit card,74.78,1586.09,1,208.0,0
CUST-001882,Male,0,No,Yes,47,Yes,No,DSL,No internet service,No,No internet service,Yes,Month-to-month,No,Bank transfer,60.92,2917.08,1,293.1,0
CUST-001883,Female,0,No,No,12,No,Yes,No,Yes,No,No,No,Month-to-month,Yes,Electronic check,77.04,858.05,1,115.3,1
CUST-001884,Male,0,Yes,Yes,29,Yes,Yes,Fiber optic,No,No,Yes,No,Month-to-month,Yes,Electronic check,55.6,1640.64,2,123.1,1
CUST-001885,Male,1,Yes,No,16,Yes,Yes,Fiber optic,No,Yes,Yes,No internet service,Two year,Yes,Bank transfer,116.05,1741.8,2,68.9,1
CUST-001886,Female,1,Yes,Yes,38,Yes,No,DSL,No,No,No internet service,No,Month-to-month,Yes,Electronic check,120.93,4741.45,1,182.1,1
CUST-001887,Female,0,No,No,1,Yes,No,DSL,No internet service,No,No,No,Month-to-month,No,Electronic check,114.6,116.82,2,315.3,1
CUST-001888,Female,0,Yes,No,34,Yes,Yes,Fiber optic,No internet service,Yes,No,Yes,One year,No,Bank transfer,152.12,4581.16,2,122.3,1
CUST-001889,Female,0,Yes,Yes,40,Yes,Yes,Fiber optic,No internet service,No internet service,No,No,One year,No,Mailed check,96.27,3954.94,4,98.2,0
CUST-001890,Male,0,Yes,Yes,23,Yes,No phone service,DSL,No,Yes,Yes,No,Month-to-month,Yes,Electronic check,59.43,1214.5,2,167.5,0
CUST-001891,Male,0,Yes,No,25,No,Yes,Fiber optic,Yes,Yes,No,No,Month-to-month,Yes,Credit card,109.63,2598.39,0,230.1,0
CUST-001892,Male,0,No,Yes,21,Yes,Yes,Fiber optic,No,No,Yes,Yes,Month-to-month,No,Bank transfer,87.85,1640.51,2,253.2,1
CUST-001893,Female,0,No,Yes,29,Yes,No,DSL,No,No,No,No internet service,One year,No,Electronic check,18.0,484.05,0,163.2,0
CUST-001894,Male,0,Yes,No,72,Yes,Yes,No,Yes,No,No internet service,No internet service,Month-to-month,Yes,Credit card,94.58,7130.57,0,321.8,0
CUST-001895,Female,0,Yes,No,58,Yes,Yes,Fiber optic,No,No,No internet service,No internet service,One year,No,Mailed check,87.97,5117.59,1,234.8,0
CUST-001896,Male,0,Yes,No,29,Yes,Yes,Fiber optic,No,No internet service,Yes,No internet service,Month-to-month,No,Electronic check,50.98,1420.47,2,180.9,0
CUST-001897,Female,0,No,Yes,23,Yes,No,Fiber optic,No,No internet service,No,Yes,Two year,Yes,Electronic check,79.75,1902.33,2,177.2,0
CUST-001898,Male,0,No,No,55,Yes,No,Fiber optic,No internet service,No,No,No,Two year,Yes,Bank transfer,88.65,4495.16,3,0.0,1
CUST-001899,Female,0,Yes,No,36,Yes,Yes,DSL,No internet service,No,No,Yes,Month-to-month,Yes,Bank transfer,70.35,2240.6,3,125.2,1
CUST-001900,Female,0,Yes,No,13,Yes,No,Fiber optic,Yes,No,No,No,Month-to-month,Yes,Mailed check,95.72,1263.95,1,86.1,1
CUST-001901,Male,0,No,No,26,No,Yes,Fiber optic,Yes,No,No,No internet service,Month-to-month,Yes,Mailed check,136.07,3015.77,3,155.9,1
CUST-001902,Female,1,No,No,72,Yes,Yes,No,Yes,No,Yes,No,Two year,No,Mailed check,31.34,2281.39,3,100.5,0
CUST-001903,Female,0,No,Yes,46,Yes,No,DSL,No internet service,No,Yes,Yes,Month-to-month,No,Electronic check,65.44,2571.69,1,51.8,1
CUST-001904,Male,1,Yes,Yes,23,Yes,No phone service,Fiber optic,Yes,Yes,No,No,One year,No,Mailed check,68.63,1431.52,0,257.6,0
CUST-001905,Female,1,No,No,8,Yes,No,Fiber optic,No,No,No internet service,Yes,Month-to-month,No,Credit card,132.69,977.73,3,24.7,1
CUST-001906,Male,0,No,Yes,37,Yes,No,No,Yes,Yes,Yes,Yes,Month-to-month,Yes,Credit card,53.16,1797.06,0,396.5,1
CUST-001907,Female,1,Yes,No,32,No,No,DSL,No,No,Yes,Yes,One year,Yes,Bank transfer,59.69,1716.42,2,81.0,0
CUST-001908,Female,0,Yes,No,28,Yes,Yes,No,No,No,Yes,Yes,One year,No,Credit card,101.49,2476.97,1,172.2,1
CUST-001909,Male,0,Yes,No,55,Yes,No,Fiber optic,Yes,No internet service,No internet service,No internet service,Two year,Yes,Credit card,134.74,6303.96,1,52.6,0
CUST-001910,Female,0,No,No,46,Yes,No,DSL,No,Yes,Yes,Yes,Two year,Yes,Bank transfer,114.18,5278.18,1,91.4,0
CUST-001911,Female,0,Yes,Yes,8,Yes,No,Fiber optic,No,No,No,Yes,One year,No,Electronic check,45.71,344.22,2,252.1,1
CUST-001912,Female,0,Yes,No,32,Yes,No,Fiber optic,No,Yes,No,Yes,Month-to-month,No,Electronic check,109.49,3091.54,3,111.8,1
CUST-001913,Male,0,No,No,10,Yes,Yes,DSL,No internet service,No,Yes,No,Two year,No,Credit card,78.1,676.72,1,119.0,0
CUST-001914,Male,1,No,No,21,Yes,No,DSL,No,Yes,Yes,Yes,Two year,No,Bank transfer,68.46,1302.13,2,267.3,1
CUST-001915,Female,0,Yes,No,10,Yes,No,Fiber optic,No internet service,Yes,No internet service,Yes,Two year,Yes,Bank transfer,97.0,893.22,3,352.2,0
CUST-001916,Female,1,Yes,No,10,Yes,No,Fiber optic,No internet service,Yes,No,No internet service,Two year,Yes,Mailed check,133.57,1258.64,0,142.5,0
CUST-001917,Male,0,Yes,No,41,Yes,Yes,DSL,Yes,No,No,No,Month-to-month,Yes,Electronic check,101.16,3609.17,0,6.0,1
CUST-001918,Female,1,Yes,Yes,38,Yes,Yes,Fiber optic,No,Yes,No,Yes,One year,Yes,Electronic check,121.91,4845.5,4,147.8,1
CUST-001919,Male,0,Yes,Yes,30,Yes,No,Fiber optic,No,No,No,Yes,One year,Yes,Electronic check,101.21,2743.98,0,155.6,1
CUST-001920,Female,1,No,Yes,20,Yes,No,Fiber optic,No,Yes,Yes,Yes,Month-to-month,Yes,Bank transfer,163.12,3060.93,0,176.2,1
CUST-001921,Male,0,No,Yes,9,Yes,Yes,Fiber optic,Yes,No,No internet service,No,One year,No,Mailed check,82.98,740.71,3,235.1,1
CUST-001922,Male,0,No,Yes,22,Yes,No,No,Yes,Yes,Yes,Yes,Month-to-month,No,Electronic check,21.52,431.82,4,253.2,0
CUST-001923,Female,0,Yes,No,38,Yes,No phone service,Fiber optic,No,Yes,No,Yes,Month-to-month,Yes,Mailed check,87.04,2866.05,4,105.7,1
CUST-001924,Male,0,Yes,No,37,Yes,Yes,DSL,No,No internet service,Yes,No internet service,Month-to-month,Yes,Electronic check,71.73,2455.85,2,188.9,1
CUST-001925,Female,0,No,Yes,72,Yes,No,DSL,No,Yes,No,No,One year,No,Mailed check,109.1,7545.2,0,193.7,0
CUST-001926,Male,0,Yes,No,69,Yes,Yes,Fiber optic,No,Yes,No,Yes,One year,Yes,Mailed check,79.67,5598.15,2,339.1,0
CUST-001927,Male,1,No,No,31,No,Yes,DSL,No,No,No,No internet service,Month-to-month,No,Mailed check,84.74,2426.11,1,260.2,0
CUST-001928,Male,0,No,Yes,21,Yes,No,Fiber optic,No,Yes,No,No,Month-to-month,Yes,Credit card,50.68,1094.04,2,121.3,1
CUST-001929,Female,1,No,Yes,16,No,Yes,No,No internet service,Yes,Yes,No,One year,Yes,Electronic check,102.44,1572.23,2,67.9,0
CUST-001930,Female,0,No,No,8,Yes,No,DSL,No,Yes,No,No,Month-to-month,Yes,Electronic check,72.05,572.65,1,137.1,1
CUST-001931,Male,0,Yes,Yes,12,Yes,No,DSL,No,No,Yes,No,Month-to-month,No,Mailed check,61.58,632.61,1,184.6,0
CUST-001932,Male,0,Yes,Yes,38,Yes,Yes,Fiber optic,No,No,No internet service,No,Month-to-month,Yes,Bank transfer,158.95,6216.12,0,155.5,1
CUST-001933,Male,1,No,No,48,Yes,Yes,No,Yes,No internet service,No,No,Two year,No,Credit card,102.1,4374.77,3,97.6,1
CUST-001934,Male,0,No,No,25,Yes,No phone service,DSL,No,Yes,Yes,No internet service,Month-to-month,Yes,Mailed check,38.8,887.83,2,101.1,1
CUST-001935,Male,0,No,No,72,Yes,No phone service,Fiber optic,No internet service,No internet service,Yes,No internet service,One year,Yes,Credit card,91.72,6304.77,0,262.4,0
CUST-001936,Female,1,Yes,Yes,12,Yes,Yes,Fiber optic,No internet service,Yes,Yes,No,Two year,Yes,Bank transfer,177.09,2214.26,2,9.7,1
CUST-001937,Male,0,No,No,7,Yes,No,Fiber optic,Yes,Yes,Yes,No,Month-to-month,Yes,Credit card,154.36,993.17,0,291.0,1
CUST-001938,Female,1,Yes,Yes,72,Yes,No phone service,Fiber optic,No,Yes,No,Yes,Two year,Yes,Mailed check,122.69,7898.13,0,182.7,0
CUST-001939,Female,0,Yes,No,9,Yes,Yes,Fiber optic,Yes,No,Yes,No,Month-to-month,No,Electronic check,39.59,371.31,2,105.1,1
CUST-001940,Male,0,No,Yes,25,Yes,No,No,No,Yes,Yes,Yes,Month-to-month,Yes,Bank transfer,109.96,2781.26,1,182.3,1
CUST-001941,Male,0,Yes,Yes,17,Yes,Yes,No,No,Yes,No,No,Month-to-month,Yes,Mailed check,50.94,851.06,0,265.9,0
CUST-001942,Female,0,Yes,No,40,Yes,No,Fiber optic,No internet service,No,Yes,No internet service,One year,Yes,Mailed check,134.71,5021.43,0,203.1,1
CUST-001943,Male,0,No,Yes,23,Yes,Yes,No,Yes,Yes,Yes,No,Two year,No,Bank transfer,48.32,1038.11,3,126.8,0
CUST-001944,Male,0,Yes,Yes,48,Yes,Yes,DSL,No,No,No,No,One year,Yes,Bank transfer,84.66,4227.02,0,138.2,0
CUST-001945,Male,0,No,No,56,Yes,No,DSL,No,No,No internet service,Yes,One year,No,Electronic check,50.79,2456.9,1,158.9,0
CUST-001946,Male,0,Yes,Yes,8,Yes,Yes,No,No,Yes,No,No internet service,Month-to-month,Yes,Electronic check,59.1,473.52,3,220.8,1
CUST-001947,Male,0,No,No,16,Yes,Yes,DSL,No internet service,No internet service,No,No,Two year,Yes,Electronic check,88.67,1376.42,0,35.2,0
CUST-001948,Female,0,Yes,No,51,Yes,No,DSL,No internet service,Yes,No internet service,No,Month-to-month,Yes,Bank transfer,30.43,1619.89,3,131.3,0
CUST-001949,Female,0,No,Yes,63,Yes,No,Fiber optic,Yes,Yes,Yes,Yes,Month-to-month,Yes,Mailed check,166.17,10067.71,0,173.0,0
CUST-001950,Male,0,Yes,Yes,35,Yes,No,Fiber optic,No internet service,No,No internet service,Yes,Two year,No,Mailed check,64.18,2035.5,1,177.4,0
CUST-001951,Female,0,No,No,42,Yes,Yes,No,No internet service,No internet service,No internet service,Yes,Month-to-month,No,Electronic check,37.51,1584.66,7,143.9,1
CUST-001952,Female,0,No,No,72,Yes,No,Fiber optic,No,No,No,No,Month-to-month,Yes,Electronic check,113.75,8576.26,1,188.8,1
CUST-001953,Male,0,Yes,No,23,Yes,Yes,Fiber optic,Yes,No internet service,No,Yes,Month-to-month,Yes,Bank transfer,133.76,3173.32,1,0.0,1
CUST-001954,Male,1,No,No,35,Yes,No,Fiber optic,Yes,Yes,No,No,Month-to-month,Yes,Electronic check,85.29,2713.31,2,18.5,1
CUST-001955,Male,0,Yes,No,69,Yes,No,DSL,Yes,Yes,Yes,Yes,Two year,Yes,Mailed check,37.86,2401.19,0,307.6,0
CUST-001956,Female,0,Yes,No,72,Yes,Yes,Fiber optic,No internet service,No,No,No,Month-to-month,Yes,Mailed check,67.33,4852.33,0,175.2,0
CUST-001957,Female,0,Yes,No,29,Yes,No,No,No,No,No,No,Two year,Yes,Bank transfer,39.1,1099.46,0,164.0,0
CUST-001958,Female,0,No,No,16,Yes,No,Fiber optic,No internet service,Yes,No,Yes,Month-to-month,Yes,Credit card,104.25,1421.61,1,19.8,0
CUST-001959,Female,1,No,Yes,28,No,Yes,No,No,No,No internet service,No,One year,Yes,Credit card,67.9,1669.97,1,0.0,0
CUST-001960,Male,0,No,No,31,Yes,Yes,DSL,No,No,Yes,No,One year,No,Credit card,82.77,2225.0,1,213.2,0
CUST-001961,Male,0,Yes,No,16,Yes,Yes,DSL,Yes,Yes,No,Yes,One year,No,Mailed check,80.95,1147.16,2,296.4,0
CUST-001962,Female,0,Yes,No,18,Yes,No,Fiber optic,No,Yes,Yes,No,Month-to-month,Yes,Bank transfer,119.73,1963.28,2,94.0,1
CUST-001963,Female,1,No,No,72,Yes,No phone service,Fiber optic,No,No,No,No,One year,Yes,Bank transfer,82.7,6213.18,1,204.3,0
CUST-001964,Female,0,No,No,44,Yes,Yes,No,No,No,Yes,No,One year,Yes,Mailed check,47.85,2074.6,2,277.2,1
CUST-001965,Female,1,Yes,No,25,Yes,Yes,DSL,Yes,No,Yes,No internet service,Two year,Yes,Bank transfer,74.69,1607.59,0,150.3,0
CUST-001966,Female,0,Yes,Yes,12,Yes,Yes,Fiber optic,No,No internet service,Yes,No,Month-to-month,No,Bank transfer,93.35,1088.25,1,291.1,1
CUST-001967,Female,0,No,No,18,No,No,No,No internet service,Yes,No,No,Month-to-month,No,Credit card,77.59,1309.07,1,146.2,0
CUST-001968,Female,1,Yes,No,6,Yes,Yes,No,Yes,No,No internet service,Yes,One year,No,Electronic check,48.65,292.13,1,202.5,0
CUST-001969,Male,0,Yes,No,36,Yes,No phone service,Fiber optic,No,No internet service,Yes,No,Month-to-month,No,Electronic check,114.27,4223.78,0,337.6,1
CUST-001970,Female,1,Yes,No,17,Yes,Yes,DSL,No internet service,No,No internet service,No internet service,Month-to-month,No,Electronic check,34.65,508.36,1,244.3,1
CUST-001971,Female,0,Yes,Yes,38,Yes,No,DSL,No,No,No,No internet service,Two year,Yes,Credit card,56.79,2257.2,0,166.9,0
CUST-001972,Male,0,Yes,Yes,51,Yes,Yes,No,Yes,No,No internet service,No,Month-to-month,Yes,Mailed check,103.87,4564.17,1,123.2,0
CUST-001973,Female,1,Yes,Yes,38,Yes,Yes,Fiber optic,No,Yes,No,Yes,Month-to-month,No,Bank transfer,61.06,2312.12,1,277.3,0
CUST-001974,Male,0,Yes,Yes,22,Yes,Yes,Fiber optic,Yes,No,No,Yes,One year,No,Bank transfer,126.51,2868.4,2,233.1,1
CUST-001975,Female,0,Yes,No,15,Yes,Yes,Fiber optic,Yes,Yes,No,No internet service,Month-to-month,Yes,Electronic check,52.73,791.18,1,239.9,1
CUST-001976,Female,0,Yes,No,11,Yes,No phone service,Fiber optic,No,No internet service,Yes,No internet service,Month-to-month,No,Bank transfer,47.44,459.33,1,192.9,1
CUST-001977,Female,0,Yes,Yes,67,Yes,No,Fiber optic,Yes,Yes,No,No,Month-to-month,Yes,Electronic check,50.18,2997.85,1,256.0,1
CUST-001978,Female,1,No,No,37,Yes,No,DSL,No,No,No,No,Month-to-month,No,Mailed check,73.5,2334.11,1,97.0,0
CUST-001979,Male,0,Yes,No,23,Yes,Yes,DSL,Yes,No,No,Yes,Month-to-month,Yes,Electronic check,91.89,1851.81,0,114.3,1
CUST-001980,Male,0,Yes,Yes,46,Yes,Yes,Fiber optic,No,No,No,No,Two year,Yes,Electronic check,133.78,5305.81,2,97.6,0
CUST-001981,Female,0,No,No,60,Yes,No phone service,DSL,No,No,Yes,No,Month-to-month,No,Bank transfer,106.39,5494.17,0,234.9,0
CUST-001982,Male,0,No,No,17,Yes,Yes,Fiber optic,No,No,Yes,Yes,Month-to-month,Yes,Credit card,120.88,1977.76,2,119.3,1
CUST-001983,Male,0,No,Yes,36,Yes,No,Fiber optic,Yes,No internet service,No,No,One year,No,Mailed check,70.05,2182.11,0,108.5,0
CUST-001984,Female,0,Yes,No,37,Yes,No phone service,DSL,No internet service,No,No,Yes,Month-to-month,Yes,Bank transfer,44.78,1549.35,1,192.1,1
CUST-001985,Male,0,No,No,72,Yes,No,No,No internet service,No,Yes,No internet service,Month-to-month,Yes,Credit card,93.63,6687.24,3,88.6,1
CUST-001986,Male,1,No,No,23,Yes,Yes,Fiber optic,No,Yes,No,No,Month-to-month,No,Electronic check,137.64,2700.43,0,223.9,1
CUST-001987,Male,0,Yes,Yes,14,Yes,Yes,No,No internet service,No internet service,No,No internet service,Month-to-month,No,Credit card,39.07,534.77,3,128.9,0
CUST-001988,Male,1,Yes,No,39,Yes,Yes,No,No internet service,No,Yes,Yes,Month-to-month,Yes,Bank transfer,108.82,4250.08,1,305.6,0
CUST-001989,Female,0,Yes,Yes,49,Yes,Yes,DSL,No,No,Yes,Yes,Month-to-month,Yes,Electronic check,18.0,844.37,3,301.8,0
CUST-001990,Female,1,Yes,No,34,Yes,No,No,No internet service,No internet service,Yes,No internet service,Two year,Yes,Mailed check,81.7,2625.28,3,329.9,0
CUST-001991,Male,0,Yes,Yes,72,Yes,No phone service,Fiber optic,No internet service,No,Yes,No,Two year,Yes,Credit card,91.89,6590.43,2,80.0,0
CUST-001992,Male,0,Yes,Yes,23,No,No,Fiber optic,No,No,No,No,Two year,No,Mailed check,88.87,1954.06,2,155.5,0
CUST-001993,Male,0,No,No,35,Yes,Yes,No,Yes,No,No,No,Month-to-month,Yes,Bank transfer,70.94,2363.3,1,274.9,1
CUST-001994,Female,1,No,No,8,Yes,Yes,DSL,No,Yes,No internet service,No,One year,No,Electronic check,44.39,358.78,1,332.6,0
CUST-001995,Female,1,Yes,No,14,Yes,Yes,Fiber optic,No,No,Yes,No internet service,One year,No,Electronic check,108.38,1543.92,1,41.3,1
CUST-001996,Male,0,Yes,Yes,17,Yes,No,Fiber optic,No,No,Yes,Yes,Month-to-month,Yes,Credit card,96.82,1520.33,1,239.7,1
CUST-001997,Male,0,No,No,26,Yes,Yes,Fiber optic,No,No,No,Yes,Two year,No,Mailed check,123.06,2985.48,0,197.5,1
CUST-001998,Female,1,Yes,No,10,Yes,No,Fiber optic,Yes,Yes,No,Yes,One year,Yes,Bank transfer,142.71,1441.61,0,207.9,1
CUST-001999,Male,0,No,No,46,Yes,No phone service,Fiber optic,Yes,No,No,No,Month-to-month,No,Credit card,98.81,4358.67,1,85.9,0
CUST-002000,Female,0,No,Yes,16,Yes,No phone service,No,No,No,Yes,No,Two year,No,Credit card,45.44,717.83,2,143.7,0
CUST-002001,Female,0,No,No,72,Yes,Yes,Fiber optic,No,No,Yes,No,Month-to-month,No,Mailed check,60.86,3790.7,2,269.3,0
CUST-002002,Female,0,Yes,No,17,Yes,No phone service,No,Yes,Yes,No,No,Month-to-month,Yes,Mailed check,120.95,1786.91,1,266.8,0
CUST-002003,Male,0,No,Yes,32,Yes,Yes,Fiber optic,Yes,No,No,No,Month-to-month,Yes,Electronic check,142.11,4349.1,1,202.1,0
CUST-002004,Female,0,Yes,Yes,29,Yes,No,Fiber optic,No internet service,Yes,Yes,No,Month-to-month,Yes,Bank transfer,121.62,3575.85,0,293.1,0
CUST-002005,Male,0,Yes,No,13,Yes,Yes,No,No,No,No internet service,Yes,Two year,Yes,Credit card,71.8,852.43,1,262.8,1
CUST-002006,Female,0,No,Yes,26,Yes,Yes,Fiber optic,No,No internet service,No,No,One year,Yes,Electronic check,119.45,3236.67,0,327.3,1
CUST-002007,Male,0,Yes,No,26,Yes,No,Fiber optic,Yes,No,Yes,No,Month-to-month,No,Electronic check,134.13,3494.68,0,234.8,0
CUST-002008,Female,0,Yes,Yes,56,Yes,No,No,Yes,No,No,No,One year,Yes,Mailed check,51.46,2900.11,2,438.4,0
CUST-002009,Male,0,No,Yes,40,Yes,No phone service,Fiber optic,No,No internet service,Yes,No internet service,Two year,Yes,Mailed check,95.89,3900.22,2,153.4,0
CUST-002010,Male,0,Yes,Yes,45,Yes,Yes,Fiber optic,Yes,No internet service,No internet service,Yes,Two year,No,Electronic check,61.81,2505.92,2,364.3,0
CUST-002011,Male,0,Yes,No,55,Yes,Yes,No,Yes,Yes,Yes,Yes,Two year,No,Mailed check,66.13,3331.77,2,91.3,0
CUST-002012,Female,1,No,Yes,46,Yes,No,Fiber optic,No internet service,No,No internet service,No,Two year,Yes,Electronic check,141.33,5679.92,0,171.4,1
CUST-002013,Female,0,Yes,Yes,36,Yes,No,DSL,Yes,No,No,Yes,One year,No,Credit card,102.36,3412.42,0,245.1,0
CUST-002014,Female,0,No,Yes,17,Yes,Yes,Fiber optic,No internet service,Yes,Yes,Yes,Month-to-month,No,Bank transfer,99.05,1443.34,0,0.0,1
CUST-002015,Male,0,No,Yes,34,Yes,No,Fiber optic,No internet service,No,No internet service,No internet service,Two year,Yes,Bank transfer,18.0,612.18,3,131.0,1
CUST-002016,Female,0,No,Yes,15,Yes,Yes,DSL,No,No,No internet service,No internet service,Month-to-month,Yes,Electronic check,50.33,762.83,1,381.5,1
CUST-002017,Male,0,Yes,No,28,Yes,Yes,DSL,Yes,No internet service,No,No,Month-to-month,Yes,Electronic check,73.07,1826.53,0,314.7,0
CUST-002018,Female,0,No,No,25,Yes,Yes,Fiber optic,No,No internet service,No,Yes,Month-to-month,Yes,Electronic check,88.52,2097.94,1,46.4,0
CUST-002019,Male,0,Yes,Yes,26,Yes,Yes,No,No internet service,Yes,No,No,Month-to-month,Yes,Electronic check,70.98,1816.77,3,36.3,1
CUST-002020,Female,0,Yes,No,10,Yes,Yes,DSL,No,No,No,No,One year,Yes,Electronic check,77.28,771.62,3,44.4,0
CUST-002021,Female,0,Yes,No,1,Yes,No,DSL,Yes,No internet service,Yes,Yes,Two year,No,Electronic check,53.99,56.36,1,103.9,0
CUST-002022,Male,0,No,No,22,Yes,No,DSL,No internet service,No,No,No,Month-to-month,Yes,Credit card,69.77,1366.38,0,178.7,0
CUST-002023,Female,1,Yes,No,64,Yes,Yes,DSL,No,No internet service,No internet service,Yes,One year,Yes,Credit card,65.52,3771.01,1,258.3,0
CUST-002024,Female,0,No,Yes,32,Yes,No,DSL,No,No,No,No,Month-to-month,No,Bank transfer,48.9,1597.44,1,277.2,0
CUST-002025,Male,0,No,No,61,Yes,No,Fiber optic,Yes,No,Yes,Yes,One year,No,Mailed check,150.39,7976.09,2,346.8,1
CUST-002026,Female,1,Yes,Yes,15,Yes,No,No,No,No,No internet service,No internet service,Month-to-month,Yes,Mailed check,55.71,841.59,3,304.9,1
CUST-002027,Female,0,No,No,21,Yes,No,DSL,No,No internet service,Yes,Yes,Month-to-month,No,Credit card,18.0,331.38,0,0.0,1
CUST-002028,Female,0,Yes,No,72,Yes,No,No,No,No,No,Yes,One year,No,Electronic check,123.5,8384.08,1,137.7,0
CUST-002029,Male,0,Yes,No,15,Yes,Yes,No,No internet service,No,Yes,Yes,Month-to-month,No,Electronic check,44.61,648.06,1,56.1,0
CUST-002030,Female,1,Yes,No,45,Yes,No,Fiber optic,Yes,No,Yes,Yes,Month-to-month,No,Bank transfer,122.0,5509.51,0,394.6,1
CUST-002031,Male,0,No,No,45,Yes,No,Fiber optic,Yes,No,No,Yes,Month-to-month,Yes,Bank transfer,74.57,2929.3,0,147.1,0
CUST-002032,Male,0,Yes,No,41,Yes,No,DSL,No,No,Yes,No,Month-to-month,No,Electronic check,87.08,3623.09,2,114.9,1
CUST-002033,Male,0,No,No,45,Yes,No,DSL,Yes,No internet service,No internet service,Yes,One year,No,Electronic check,68.56,3147.05,1,251.0,0
CUST-002034,Male,0,Yes,No,15,No,No,No,No,No,No internet service,No,Month-to-month,No,Electronic check,100.01,1513.2,1,158.8,1
CUST-002035,Female,0,No,No,23,No,Yes,Fiber optic,No,No,Yes,No,Month-to-month,No,Electronic check,88.59,2113.88,0,281.9,0
CUST-002036,Female,0,Yes,Yes,2,Yes,No phone service,DSL,No,Yes,No internet service,No internet service,Two year,Yes,Bank transfer,50.34,103.14,0,127.0,0
CUST-002037,Male,1,Yes,No,72,Yes,No,No,No,No internet service,No internet service,No internet service,One year,Yes,Bank transfer,77.71,5615.28,2,268.4,0
CUST-002038,Male,0,Yes,Yes,45,No,Yes,No,Yes,No,Yes,No,Month-to-month,Yes,Bank transfer,58.53,2543.74,1,0.0,0
CUST-002039,Male,0,Yes,No,17,Yes,No,Fiber optic,Yes,No internet service,Yes,Yes,One year,No,Electronic check,37.12,638.52,4,411.2,0
CUST-002040,Female,0,Yes,No,15,Yes,No phone service,No,No,No internet service,No,No,Month-to-month,Yes,Credit card,51.95,814.45,2,248.8,0
CUST-002041,Female,0,No,No,65,Yes,No,Fiber optic,No,No,Yes,No internet service,Month-to-month,No,Credit card,181.06,11503.87,0,213.1,1
CUST-002042,Male,0,Yes,Yes,16,Yes,No phone service,DSL,No internet service,Yes,No,No,One year,Yes,Mailed check,18.0,258.77,1,137.1,0
CUST-002043,Female,0,Yes,Yes,17,Yes,Yes,Fiber optic,Yes,No,No,No,Month-to-month,Yes,Electronic check,102.23,1563.39,0,178.6,1
CUST-002044,Female,0,Yes,No,12,Yes,No phone service,DSL,Yes,Yes,No,No,Month-to-month,No,Electronic check,62.71,759.48,0,176.8,0
CUST-002045,Female,0,No,No,51,Yes,No,Fiber optic,No,No,No,Yes,Two year,No,Mailed check,150.09,8021.31,0,163.9,0
CUST-002046,Female,0,Yes,No,60,Yes,Yes,Fiber optic,No,No internet service,No,No internet service,One year,No,Bank transfer,61.67,3300.75,0,207.6,0
CUST-002047,Female,0,Yes,No,25,No,Yes,Fiber optic,No,No,No,No internet service,Two year,Yes,Electronic check,98.04,2558.86,0,170.0,0
CUST-002048,Female,0,Yes,Yes,60,No,No,No,No,No,No internet service,No,Two year,No,Credit card,90.59,4911.52,0,175.9,0
CUST-002049,Female,0,No,Yes,39,Yes,Yes,DSL,No,Yes,Yes,No internet service,Month-to-month,Yes,Electronic check,64.62,2350.26,1,144.8,1
CUST-002050,Female,0,Yes,No,12,No,Yes,DSL,Yes,No,Yes,No,One year,No,Credit card,46.97,581.51,0,168.8,0
CUST-002051,Female,0,Yes,No,72,Yes,Yes,DSL,Yes,No internet service,Yes,No internet service,Month-to-month,Yes,Mailed check,69.33,5203.53,1,203.2,0
CUST-002052,Male,0,No,No,12,Yes,Yes,Fiber optic,No internet service,No,No,No,One year,Yes,Mailed check,85.72,990.93,1,194.6,0
CUST-002053,Male,0,No,Yes,27,Yes,Yes,Fiber optic,No,No,Yes,No,Month-to-month,Yes,Electronic check,85.63,2404.56,1,174.3,1
CUST-002054,Female,0,Yes,No,25,Yes,No,Fiber optic,No internet service,No,No,Yes,Month-to-month,Yes,Bank transfer,122.92,3129.84,1,157.3,0
CUST-002055,Female,1,No,Yes,22,Yes,No,DSL,Yes,No,Yes,No,Month-to-month,Yes,Mailed check,82.09,1847.99,3,232.7,0
CUST-002056,Male,0,No,No,4,No,No,No,No internet service,Yes,No,No,One year,Yes,Bank transfer,86.55,354.4,1,123.6,1
CUST-002057,Male,0,No,No,72,Yes,No,Fiber optic,No internet service,Yes,No,No,Month-to-month,Yes,Credit card,104.91,7003.93,1,25.1,0
CUST-002058,Male,0,Yes,No,5,No,Yes,DSL,No internet service,No internet service,Yes,Yes,One year,Yes,Electronic check,98.8,422.91,1,173.0,0
CUST-002059,Female,0,No,No,72,Yes,No,No,Yes,No,No,No,Two year,Yes,Bank transfer,109.13,6937.36,0,262.4,0
CUST-002060,Male,1,Yes,No,14,Yes,No phone service,No,No,Yes,No,No,One year,No,Bank transfer,61.4,743.45,4,226.7,0
CUST-002061,Male,0,No,No,19,Yes,No phone service,Fiber optic,No internet service,No,No internet service,No,Month-to-month,No,Credit card,119.58,2041.43,1,254.2,0
CUST-002062,Male,1,No,Yes,72,Yes,Yes,No,No,No,No internet service,Yes,Month-to-month,No,Electronic check,31.11,1928.97,2,144.9,0
CUST-002063,Male,0,No,Yes,42,No,No,DSL,No,No internet service,Yes,No,Two year,No,Credit card,18.0,684.47,0,220.9,0
CUST-002064,Female,0,No,No,9,Yes,No,DSL,No,Yes,Yes,No internet service,One year,Yes,Electronic check,124.79,1086.96,3,368.1,0
CUST-002065,Male,0,Yes,No,8,Yes,No,DSL,No,Yes,Yes,Yes,Month-to-month,No,Bank transfer,60.0,421.54,1,74.8,1
CUST-002066,Female,0,Yes,No,38,Yes,No phone service,Fiber optic,No,Yes,No internet service,No internet service,Two year,No,Bank transfer,102.57,3559.29,1,225.4,0
CUST-002067,Female,0,No,No,12,Yes,Yes,No,No,Yes,No,Yes,Month-to-month,No,Mailed check,33.24,356.97,1,148.4,0
CUST-002068,Female,0,Yes,No,43,Yes,No,DSL,Yes,Yes,No internet service,Yes,Month-to-month,Yes,Mailed check,31.86,1190.53,2,298.2,0
CUST-002069,Male,0,No,No,46,Yes,Yes,DSL,No,No internet service,No internet service,No,Month-to-month,Yes,Credit card,48.61,2203.09,2,180.5,0
CUST-002070,Female,0,No,No,16,Yes,Yes,No,No internet service,No internet service,No internet service,No internet service,Month-to-month,Yes,Bank transfer,89.29,1469.46,0,155.9,0
CUST-002071,Female,0,No,No,20,Yes,No,DSL,No internet service,No,Yes,No internet service,Month-to-month,Yes,Bank transfer,54.5,1082.66,1,55.1,0
CUST-002072,Female,1,No,No,39,Yes,No,Fiber optic,No internet service,No,No,Yes,One year,Yes,Bank transfer,84.93,3268.55,1,96.5,1
CUST-002073,Male,1,Yes,Yes,15,Yes,No,Fiber optic,Yes,No,Yes,Yes,Month-to-month,No,Electronic check,72.66,1140.77,0,147.8,0
CUST-002074,Female,0,Yes,No,32,Yes,Yes,No,No,No,No,No internet service,One year,No,Electronic check,104.97,3346.58,2,264.7,0
CUST-002075,Female,0,No,Yes,72,Yes,No phone service,DSL,No,No internet service,No,Yes,Two year,Yes,Electronic check,96.06,5943.77,2,319.7,0
CUST-002076,Female,0,Yes,Yes,40,No,No,No,No internet service,No internet service,No internet service,Yes,Two year,Yes,Bank transfer,55.48,1983.03,5,168.9,0
CUST-002077,Female,1,No,No,22,Yes,Yes,Fiber optic,No,No,No,No internet service,Month-to-month,Yes,Mailed check,115.52,2484.31,0,150.4,1
CUST-002078,Female,0,Yes,Yes,72,Yes,Yes,DSL,No internet service,No,No,Yes,One year,No,Electronic check,62.64,4410.2,2,213.1,0
CUST-002079,Female,1,No,No,53,Yes,Yes,No,Yes,Yes,No,No,Month-to-month,Yes,Electronic check,59.87,3225.72,5,200.0,0
CUST-002080,Female,0,Yes,No,12,Yes,No,DSL,No internet service,Yes,No,No internet service,One year,No,Electronic check,68.51,724.9,1,165.4,0
CUST-002081,Male,0,No,Yes,14,Yes,Yes,Fiber optic,No,No,Yes,No,Month-to-month,Yes,Electronic check,114.3,1674.15,2,177.9,1
CUST-002082,Female,0,Yes,Yes,6,No,Yes,Fiber optic,No,No,No internet service,No,One year,No,Bank transfer,68.23,390.27,2,207.0,0
CUST-002083,Male,0,Yes,No,38,Yes,Yes,No,No internet service,Yes,Yes,No,Month-to-month,Yes,Bank transfer,85.07,3342.91,3,287.1,0
CUST-002084,Male,0,Yes,No,3,Yes,Yes,DSL,Yes,No internet service,No,Yes,One year,Yes,Bank transfer,144.93,415.62,1,117.6,0
CUST-002085,Male,1,Yes,No,72,Yes,No,Fiber optic,Yes,No,Yes,No internet service,Month-to-month,No,Bank transfer,100.49,6420.7,1,64.3,0
CUST-002086,Female,0,No,Yes,24,Yes,No phone service,DSL,Yes,No,No,No,Month-to-month,Yes,Bank transfer,71.07,1569.61,1,197.4,0
CUST-002087,Male,1,Yes,No,56,Yes,No phone service,Fiber optic,No,No,No,No internet service,One year,Yes,Electronic check,92.47,4630.87,1,98.7,0
CUST-002088,Female,0,Yes,No,23,Yes,No phone service,Fiber optic,No,No,No internet service,No internet service,Month-to-month,Yes,Bank transfer,109.35,2270.62,1,308.7,1
CUST-002089,Female,1,Yes,No,38,No,No,Fiber optic,No internet service,No,Yes,No,One year,Yes,Credit card,46.69,1823.94,0,213.4,0
CUST-002090,Female,1,No,Yes,27,Yes,No phone service,Fiber optic,No,No,Yes,Yes,One year,No,Credit card,146.03,3649.05,1,169.0,1
CUST-002091,Male,0,Yes,No,31,Yes,Yes,No,No,No,Yes,No internet service,One year,Yes,Electronic check,99.44,2732.75,0,177.0,1
CUST-002092,Male,0,No,No,68,Yes,Yes,Fiber optic,No,No,No,Yes,One year,No,Mailed check,75.66,4748.54,3,217.3,0
CUST-002093,Female,0,No,Yes,72,Yes,No phone service,No,No,No,No,Yes,One year,No,Electronic check,70.95,4972.53,2,236.5,0
CUST-002094,Male,0,Yes,No,72,Yes,No,DSL,No,No,No,Yes,Two year,Yes,Electronic check,53.28,3414.83,1,404.7,0
CUST-002095,Male,0,No,Yes,72,Yes,Yes,Fiber optic,No internet service,Yes,Yes,No internet service,Month-to-month,Yes,Bank transfer,103.98,6439.73,1,85.6,1
CUST-002096,Male,0,No,No,17,Yes,Yes,Fiber optic,No,No,Yes,No,One year,No,Mailed check,96.84,1686.5,0,268.4,1
CUST-002097,Female,0,No,No,40,Yes,Yes,Fiber optic,No,Yes,Yes,No,One year,No,Credit card,101.86,3658.14,2,383.6,0
CUST-002098,Male,0,No,Yes,17,Yes,No,DSL,No internet service,No,No,Yes,Month-to-month,No,Bank transfer,39.15,690.36,1,215.6,1
CUST-002099,Female,1,No,No,66,Yes,No,No,No internet service,No,No,Yes,Month-to-month,No,Mailed check,55.55,3151.13,2,187.6,0
CUST-002100,Male,0,Yes,No,13,Yes,Yes,DSL,No,Yes,No internet service,Yes,Month-to-month,Yes,Electronic check,104.38,1330.05,1,148.5,0
CUST-002101,Female,0,No,No,69,Yes,No,DSL,No,No internet service,Yes,Yes,One year,No,Electronic check,53.99,3661.91,0,174.0,0
CUST-002102,Male,0,No,Yes,35,Yes,Yes,No,No,No,Yes,No,Month-to-month,Yes,Electronic check,18.0,555.16,2,178.0,1
CUST-002103,Female,0,Yes,No,28,Yes,No,DSL,No,No,No,Yes,One year,No,Mailed check,65.48,1802.39,0,287.4,0
CUST-002104,Male,0,Yes,No,31,Yes,No,DSL,No,No,No,No internet service,One year,Yes,Electronic check,142.34,4092.89,0,295.3,0
CUST-002105,Female,0,Yes,Yes,11,Yes,Yes,DSL,No,No,No,No,One year,Yes,Mailed check,95.47,972.79,0,135.5,0
CUST-002106,Male,0,Yes,No,12,Yes,Yes,Fiber optic,No,Yes,No internet service,No,Month-to-month,Yes,Credit card,77.48,953.41,0,298.5,1
CUST-002107,Male,0,Yes,Yes,35,Yes,Yes,Fiber optic,Yes,No,Yes,No,One year,No,Electronic check,93.48,3404.32,3,198.2,1
CUST-002108,Female,0,No,No,35,Yes,No,DSL,No,No internet service,No internet service,No,One year,No,Electronic check,90.4,2796.92,3,202.9,0
CUST-002109,Male,0,No,No,18,Yes,Yes,DSL,No,No internet service,No,Yes,Month-to-month,Yes,Credit card,18.0,319.73,0,266.4,1
CUST-002110,Male,0,No,No,24,No,No,Fiber optic,No,Yes,Yes,No,Month-to-month,No,Electronic check,69.32,1465.57,0,162.9,1
CUST-002111,Female,0,No,No,43,Yes,Yes,No,Yes,No,No internet service,No,Month-to-month,Yes,Electronic check,81.95,3019.95,0,194.2,1
CUST-002112,Female,0,Yes,No,15,Yes,No phone service,Fiber optic,No,Yes,Yes,Yes,Two year,No,Electronic check,142.83,1885.22,0,213.4,0
CUST-002113,Male,0,Yes,Yes,5,Yes,No,DSL,No internet service,No internet service,Yes,No internet service,Month-to-month,Yes,Bank transfer,56.82,277.55,0,314.4,1
CUST-002114,Male,0,Yes,No,72,Yes,No,No,No,No internet service,No,No,Month-to-month,Yes,Bank transfer,117.01,8385.06,1,12.5,0
CUST-002115,Female,0,No,No,37,Yes,Yes,Fiber optic,No,No,No,No,Month-to-month,Yes,Electronic check,72.37,2547.58,2,198.7,1
CUST-002116,Male,0,No,No,20,Yes,Yes,No,No internet service,No,No,No,Month-to-month,Yes,Mailed check,18.0,374.52,0,92.7,0
CUST-002117,Male,1,No,No,17,Yes,Yes,No,No,Yes,No,Yes,Month-to-month,No,Credit card,92.31,1573.79,1,293.5,1
CUST-002118,Female,0,Yes,No,15,Yes,Yes,DSL,No,No,Yes,No internet service,One year,No,Mailed check,86.21,1141.0,2,79.3,1
CUST-002119,Male,0,No,No,66,Yes,Yes,No,Yes,Yes,No internet service,No,Month-to-month,No,Credit card,92.09,5418.75,1,282.6,0
CUST-002120,Male,1,Yes,No,9,Yes,No,DSL,Yes,Yes,No,Yes,Two year,Yes,Mailed check,90.91,793.03,2,133.0,0
CUST-002121,Female,0,Yes,No,40,Yes,No,DSL,No internet service,No,Yes,No,Month-to-month,Yes,Electronic check,75.75,2777.57,3,363.8,0
CUST-002122,Female,0,No,No,40,Yes,Yes,DSL,No internet service,No internet service,No internet service,No internet service,Month-to-month,Yes,Electronic check,62.24,2116.45,3,95.4,0
CUST-002123,Male,0,No,No,52,No,No,Fiber optic,Yes,Yes,No internet service,No,One year,No,Electronic check,88.38,3928.7,1,198.5,0
CUST-002124,Male,1,No,No,22,No,Yes,Fiber optic,No internet service,No,Yes,No,One year,Yes,Mailed check,81.19,1664.0,1,224.6,0
CUST-002125,Female,0,No,No,72,Yes,Yes,Fiber optic,No,No,No,No internet service,Two year,No,Electronic check,82.99,5704.62,3,165.7,0
CUST-002126,Female,0,No,No,53,Yes,Yes,Fiber optic,Yes,No,Yes,Yes,Month-to-month,Yes,Electronic check,40.67,2113.78,1,60.0,0
CUST-002127,Female,0,No,Yes,21,Yes,Yes,No,Yes,Yes,No,No internet service,Month-to-month,Yes,Mailed check,33.57,706.84,4,214.2,1
CUST-002128,Female,0,No,No,16,No,No,No,No,No,Yes,No internet service,One year,No,Bank transfer,65.1,1087.13,1,21.8,0
CUST-002129,Male,0,No,No,27,Yes,Yes,No,Yes,Yes,Yes,Yes,Month-to-month,Yes,Credit card,18.0,494.64,2,209.8,0
CUST-002130,Male,0,No,No,21,Yes,No,Fiber optic,No,No,Yes,No internet service,Two year,No,Electronic check,34.76,672.52,0,197.3,0
CUST-002131,Male,0,No,Yes,14,Yes,No,DSL,No internet service,No internet service,No,No internet service,Month-to-month,Yes,Mailed check,59.97,803.45,1,132.2,1
CUST-002132,Female,0,No,No,32,Yes,Yes,DSL,No,No,Yes,No,Month-to-month,Yes,Mailed check,66.15,1890.69,2,0.0,1
CUST-002133,Male,0,Yes,No,24,Yes,Yes,Fiber optic,No internet service,No,No,No internet service,One year,No,Electronic check,85.6,2144.26,1,0.0,0
CUST-002134,Male,0,No,No,72,Yes,No,DSL,No,Yes,Yes,Yes,One year,No,Electronic check,18.0,1240.39,2,98.8,0
CUST-002135,Female,0,Yes,No,21,Yes,Yes,Fiber optic,No,No,Yes,No,Two year,Yes,Electronic check,141.57,2675.51,2,157.9,0
CUST-002136,Male,0,No,No,16,Yes,No,No,No,Yes,Yes,No,Two year,Yes,Electronic check,26.91,428.37,1,221.8,0
CUST-002137,Female,0,No,Yes,30,Yes,No,Fiber optic,No,No internet service,No,No,Month-to-month,Yes,Mailed check,70.46,2002.85,0,193.3,1
CUST-002138,Male,1,Yes,No,36,No,No,No,No internet service,No,Yes,No internet service,One year,Yes,Electronic check,32.15,1214.4,2,58.0,0
CUST-002139,Female,0,No,No,39,Yes,No,No,Yes,No,No,No,Two year,Yes,Mailed check,108.97,3675.89,1,314.7,0
CUST-002140,Male,0,No,Yes,38,Yes,No phone service,DSL,Yes,Yes,No internet service,No internet service,Month-to-month,No,Credit card,82.64,2880.06,3,285.9,0
CUST-002141,Male,0,Yes,No,31,Yes,Yes,Fiber optic,No,No,No internet service,Yes,Month-to-month,No,Credit card,80.8,2601.0,2,167.8,1
CUST-002142,Female,0,No,No,29,Yes,No,Fiber optic,No internet service,Yes,Yes,No,Two year,No,Bank transfer,78.69,2150.21,1,261.0,0
CUST-002143,Male,0,Yes,No,47,Yes,No,No,No,No,No internet service,Yes,Month-to-month,No,Mailed check,75.39,3232.69,3,103.9,1
CUST-002144,Male,0,No,No,13,Yes,No,Fiber optic,No,Yes,No internet service,Yes,Two year,No,Mailed check,57.6,727.11,2,152.0,1
CUST-002145,Male,0,No,No,16,Yes,No,Fiber optic,No internet service,Yes,Yes,No internet service,Month-to-month,Yes,Electronic check,106.42,1673.64,1,0.0,1
CUST-002146,Female,1,Yes,No,7,Yes,No,No,Yes,Yes,No internet service,No,Two year,Yes,Bank transfer,53.54,325.52,3,113.2,0
CUST-002147,Male,0,Yes,No,13,Yes,No phone service,DSL,No,No,No internet service,Yes,One year,No,Mailed check,85.59,1003.48,1,148.3,0
CUST-002148,Female,1,Yes,No,61,Yes,Yes,DSL,No,Yes,No,No,One year,No,Credit card,84.57,4703.83,0,249.6,0
CUST-002149,Female,0,No,No,45,Yes,No,Fiber optic,No,No internet service,No,No,One year,Yes,Electronic check,77.19,3123.35,0,254.8,0
CUST-002150,Female,0,Yes,No,72,Yes,No,DSL,Yes,No,No internet service,No internet service,Month-to-month,No,Electronic check,18.0,1200.84,1,75.2,0
CUST-002151,Female,0,No,No,72,Yes,Yes,No,No,No,Yes,Yes,One year,No,Bank transfer,62.6,4132.53,1,97.3,0
CUST-002152,Female,0,Yes,Yes,46,Yes,Yes,Fiber optic,No,No,No,Yes,Two year,Yes,Mailed check,51.52,2360.92,1,147.3,1
CUST-002153,Male,0,No,No,34,Yes,No,Fiber optic,Yes,No,No internet service,No,Two year,Yes,Bank transfer,97.36,3210.2,2,299.5,0
CUST-002154,Female,0,No,Yes,31,Yes,Yes,Fiber optic,No,Yes,No,No,Two year,Yes,Credit card,87.3,2532.74,0,264.5,0
CUST-002155,Female,0,No,Yes,3,Yes,No phone service,DSL,No,No,Yes,No,One year,Yes,Bank transfer,52.36,139.8,1,209.3,0
CUST-002156,Male,0,No,No,28,Yes,No,Fiber optic,Yes,Yes,No,Yes,One year,Yes,Mailed check,56.13,1468.19,3,219.0,1
CUST-002157,Male,0,No,Yes,19,Yes,No,No,No internet service,No,No internet service,No,One year,Yes,Credit card,105.6,1777.93,5,190.2,0
CUST-002158,Female,0,Yes,Yes,14,Yes,Yes,Fiber optic,No,No,No,Yes,One year,Yes,Credit card,81.39,1185.52,0,215.8,1
CUST-002159,Female,0,Yes,Yes,40,No,No phone service,Fiber optic,No,Yes,No,No,One year,Yes,Bank transfer,165.6,5860.63,2,102.9,1
CUST-002160,Male,0,Yes,No,26,Yes,No phone service,No,No,No,Yes,No internet service,Month-to-month,Yes,Mailed check,71.05,1887.4,1,127.0,1
CUST-002161,Female,0,Yes,No,32,No,No,No,Yes,No,No,Yes,Month-to-month,Yes,Electronic check,80.55,2508.23,1,103.2,0
CUST-002162,Male,1,Yes,No,12,Yes,Yes,DSL,No,Yes,Yes,Yes,One year,No,Electronic check,71.18,864.51,0,284.9,0
CUST-002163,Female,0,No,No,54,No,No,No,Yes,No,No internet service,No,Month-to-month,Yes,Bank transfer,80.25,4453.43,0,334.9,1
CUST-002164,Female,0,No,No,21,Yes,Yes,Fiber optic,No,No internet service,No,Yes,Month-to-month,Yes,Electronic check,127.78,2712.37,1,179.1,1
CUST-002165,Male,0,No,No,39,Yes,Yes,DSL,Yes,No internet service,No,No,Month-to-month,Yes,Mailed check,103.13,3892.68,0,323.7,1
CUST-002166,Male,0,Yes,No,22,Yes,Yes,Fiber optic,No,Yes,No internet service,No,Two year,Yes,Bank transfer,42.0,834.78,0,246.7,0
CUST-002167,Male,0,No,No,2,Yes,Yes,DSL,No internet service,Yes,No,No internet service,Two year,Yes,Bank transfer,95.66,187.89,3,170.9,0
CUST-002168,Female,0,No,No,42,No,No phone service,DSL,No internet service,Yes,No,Yes,One year,Yes,Mailed check,84.91,3034.89,0,3.4,0
CUST-002169,Male,0,Yes,No,27,No,No,No,No internet service,No,No,No internet service,Two year,Yes,Credit card,71.08,1776.09,0,383.8,0
CUST-002170,Female,0,No,No,6,Yes,No,Fiber optic,No,No internet service,No internet service,No,Two year,Yes,Mailed check,146.38,897.22,0,266.8,1
CUST-002171,Male,0,Yes,No,11,Yes,No,Fiber optic,Yes,Yes,No internet service,No internet service,Month-to-month,No,Electronic check,147.58,1568.39,2,173.5,1
CUST-002172,Male,1,Yes,No,55,Yes,Yes,No,Yes,No,No,No,Month-to-month,Yes,Credit card,97.14,4819.68,0,186.6,1
CUST-002173,Female,1,Yes,Yes,7,Yes,No phone service,DSL,Yes,No,Yes,Yes,Month-to-month,Yes,Electronic check,53.69,386.55,0,313.3,1
CUST-002174,Female,0,Yes,No,20,Yes,No,Fiber optic,No internet service,Yes,No,No internet service,Month-to-month,Yes,Mailed check,59.23,1010.45,1,151.1,0
CUST-002175,Female,0,Yes,No,72,Yes,Yes,Fiber optic,No,Yes,Yes,No,One year,Yes,Electronic check,117.63,8694.67,2,51.6,0
CUST-002176,Female,0,No,No,42,Yes,No,Fiber optic,Yes,Yes,No,No,Month-to-month,Yes,Bank transfer,135.79,5713.8,0,306.8,1
CUST-002177,Female,0,Yes,Yes,50,Yes,No,Fiber optic,Yes,No,Yes,No,Two year,No,Electronic check,34.14,1500.93,0,127.9,0
CUST-002178,Female,0,Yes,No,24,Yes,No,Fiber optic,Yes,Yes,No internet service,Yes,One year,Yes,Bank transfer,127.59,2641.34,0,139.9,0
CUST-002179,Male,0,No,No,6,Yes,Yes,DSL,No internet service,No,Yes,Yes,Month-to-month,No,Mailed check,62.35,389.18,0,27.1,0
CUST-002180,Male,0,No,No,34,Yes,No,DSL,Yes,No internet service,No,No internet service,Two year,Yes,Credit card,18.0,528.4,1,309.4,0
CUST-002181,Male,0,Yes,No,11,Yes,Yes,DSL,No internet service,No,No internet service,No,Two year,Yes,Electronic check,84.08,966.29,0,262.1,0
CUST-002182,Male,0,No,Yes,10,Yes,No,Fiber optic,No,No,Yes,No,One year,Yes,Electronic check,122.28,1142.26,3,19.4,0
CUST-002183,Female,0,Yes,No,32,Yes,No,Fiber optic,No internet service,No,No internet service,Yes,One year,No,Mailed check,84.46,2488.38,0,265.9,0
CUST-002184,Male,0,Yes,Yes,12,Yes,No,Fiber optic,No,No internet service,Yes,No internet service,Two year,No,Electronic check,63.28,744.17,3,245.8,1
CUST-002185,Male,0,No,No,29,Yes,No,No,Yes,No,Yes,No internet service,One year,No,Credit card,121.36,3340.76,2,293.7,1
CUST-002186,Female,0,No,No,17,Yes,No phone service,DSL,Yes,No,Yes,Yes,Two year,Yes,Electronic check,49.94,787.88,0,128.2,0
CUST-002187,Male,0,No,No,28,Yes,Yes,Fiber optic,No internet service,Yes,No internet service,No,Month-to-month,No,Electronic check,129.78,3554.13,0,19.3,0
CUST-002188,Female,1,Yes,No,19,No,No,DSL,No,Yes,No,No internet service,One year,Yes,Electronic check,24.61,430.16,3,131.2,0
CUST-002189,Male,0,No,No,29,Yes,No,DSL,No,No internet service,No internet service,No internet service,Month-to-month,No,Electronic check,82.48,2049.57,3,45.5,1
CUST-002190,Male,0,Yes,No,72,Yes,No,DSL,No,No internet service,Yes,No,Month-to-month,Yes,Mailed check,81.63,5964.75,0,280.3,0
CUST-002191,Female,0,Yes,No,51,Yes,No,DSL,No,No,Yes,No,Month-to-month,No,Electronic check,96.2,4675.38,1,0.0,1
CUST-002192,Female,0,No,No,26,Yes,No phone service,No,No,No internet service,No,Yes,Month-to-month,No,Credit card,114.79,2946.73,0,154.9,0
CUST-002193,Male,0,No,No,69,Yes,No,Fiber optic,No internet service,Yes,Yes,No,Month-to-month,Yes,Credit card,70.59,4700.48,2,91.4,1
CUST-002194,Male,0,No,No,39,Yes,No,DSL,Yes,Yes,No,No internet service,Month-to-month,Yes,Electronic check,85.62,3248.61,3,123.6,1
CUST-002195,Female,0,Yes,No,66,Yes,No,DSL,Yes,No,No internet service,Yes,Month-to-month,Yes,Electronic check,29.0,1710.89,1,153.1,0
CUST-002196,Female,0,No,Yes,8,Yes,No,DSL,Yes,No,No,Yes,Two year,No,Electronic check,28.66,237.77,0,217.3,1
CUST-002197,Male,0,No,Yes,12,Yes,No,Fiber optic,No internet service,Yes,No,No internet service,One year,Yes,Mailed check,77.65,875.47,0,182.0,0
CUST-002198,Male,0,No,Yes,34,Yes,No,DSL,No,No,Yes,No internet service,One year,Yes,Mailed check,82.28,2892.68,0,175.1,0
CUST-002199,Female,1,Yes,No,26,Yes,No phone service,Fiber optic,No,No,No,Yes,Month-to-month,No,Mailed check,145.31,3820.96,0,154.4,1
CUST-002200,Female,0,Yes,No,29,Yes,No,DSL,Yes,No,No,Yes,Two year,Yes,Electronic check,125.77,3625.46,1,295.8,0
CUST-002201,Female,0,No,No,44,Yes,No,DSL,No,Yes,No,No,Month-to-month,No,Credit card,59.35,2460.14,1,245.3,0
CUST-002202,Female,1,No,No,34,Yes,No,Fiber optic,Yes,No internet service,No,No internet service,Month-to-month,Yes,Mailed check,104.17,3026.44,2,119.3,1
CUST-002203,Female,0,No,Yes,54,Yes,Yes,No,No,No internet service,No internet service,Yes,Month-to-month,No,Electronic check,98.29,4846.13,1,54.0,0
CUST-002204,Female,0,Yes,No,53,No,Yes,No,No,No internet service,Yes,Yes,Two year,No,Bank transfer,92.96,4843.06,2,195.0,1
CUST-002205,Male,0,No,Yes,13,Yes,Yes,DSL,No internet service,No,No,No internet service,Two year,Yes,Electronic check,64.92,773.13,1,190.3,0
CUST-002206,Female,0,Yes,Yes,3,Yes,No,No,No,No internet service,Yes,No,One year,Yes,Credit card,72.28,188.62,0,108.4,0
CUST-002207,Male,0,No,Yes,12,Yes,No,No,Yes,No internet service,No,No,One year,Yes,Bank transfer,66.69,763.16,1,113.9,0
CUST-002208,Female,0,Yes,No,11,Yes,Yes,Fiber optic,Yes,No,Yes,Yes,Month-to-month,Yes,Electronic check,88.75,859.96,2,216.5,0
CUST-002209,Male,0,No,No,30,Yes,No,DSL,Yes,No,Yes,No,One year,No,Electronic check,59.76,1633.62,2,378.4,0
CUST-002210,Male,1,No,Yes,30,Yes,No phone service,DSL,Yes,No,No,No,Month-to-month,No,Bank transfer,66.41,1893.45,1,301.4,0
CUST-002211,Male,0,Yes,No,25,Yes,Yes,DSL,No internet service,Yes,No,Yes,Month-to-month,Yes,Bank transfer,57.83,1262.41,1,107.8,1
CUST-002212,Female,0,No,No,40,Yes,Yes,No,No internet service,Yes,No internet service,Yes,Two year,No,Mailed check,35.94,1254.23,3,186.5,0
CUST-002213,Male,0,Yes,No,72,No,Yes,DSL,Yes,No internet service,No,Yes,Two year,Yes,Mailed check,95.88,6157.75,2,215.1,0
CUST-002214,Female,0,Yes,Yes,24,Yes,No,Fiber optic,Yes,No,No,Yes,Month-to-month,No,Electronic check,110.49,2567.81,0,232.3,0
CUST-002215,Female,1,Yes,Yes,35,Yes,No,DSL,Yes,Yes,No,Yes,Month-to-month,Yes,Electronic check,126.3,4582.39,1,332.8,1
CUST-002216,Female,0,No,No,29,Yes,Yes,DSL,No,No internet service,Yes,No internet service,Month-to-month,Yes,Electronic check,81.09,2111.18,0,156.2,0
CUST-002217,Male,0,Yes,No,18,No,No,Fiber optic,No,No internet service,Yes,Yes,Month-to-month,No,Mailed check,82.49,1475.88,3,99.7,1
CUST-002218,Female,0,Yes,No,44,Yes,Yes,Fiber optic,No,No,No,No internet service,Month-to-month,No,Mailed check,76.21,2977.14,1,195.1,0
CUST-002219,Female,0,No,No,23,Yes,Yes,Fiber optic,Yes,No internet service,No,No internet service,One year,No,Electronic check,96.42,2166.9,2,100.9,1
CUST-002220,Male,0,Yes,No,15,Yes,No,DSL,Yes,No internet service,No,No,Month-to-month,No,Credit card,86.59,1139.75,4,185.7,1
CUST-002221,Female,0,Yes,No,16,Yes,Yes,Fiber optic,No,Yes,Yes,Yes,Month-to-month,No,Electronic check,87.66,1429.29,0,121.2,0
CUST-002222,Female,0,Yes,No,56,Yes,No,Fiber optic,Yes,No,No,No internet service,Month-to-month,Yes,Credit card,50.89,2845.7,3,243.7,0
CUST-002223,Female,0,Yes,No,44,Yes,No,Fiber optic,No,Yes,Yes,No,One year,No,Credit card,72.83,3160.11,0,300.7,0
CUST-002224,Female,0,No,No,20,Yes,Yes,DSL,Yes,No,Yes,Yes,Month-to-month,Yes,Mailed check,70.54,1203.33,0,80.0,0
CUST-002225,Female,0,No,Yes,40,Yes,Yes,Fiber optic,No,Yes,Yes,Yes,Month-to-month,Yes,Credit card,117.21,4769.36,3,89.1,1
CUST-002226,Female,0,No,No,29,Yes,No,Fiber optic,No,No,No,No internet service,One year,No,Mailed check,50.43,1287.1,1,89.1,1
CUST-002227,Male,0,Yes,Yes,36,Yes,Yes,DSL,No,No internet service,Yes,No,One year,Yes,Electronic check,77.95,2684.77,2,151.2,0
CUST-002228,Male,0,No,No,17,Yes,No phone service,Fiber optic,No internet service,Yes,No internet service,Yes,Month-to-month,Yes,Electronic check,101.63,1736.98,1,262.5,1
CUST-002229,Male,1,Yes,No,12,Yes,No,Fiber optic,Yes,No internet service,Yes,Yes,One year,Yes,Mailed check,81.45,954.3,5,46.0,1
CUST-002230,Female,0,Yes,No,23,No,No,DSL,Yes,Yes,No internet service,No,Month-to-month,Yes,Electronic check,52.39,1221.66,2,206.5,0
CUST-002231,Male,1,No,No,14,Yes,No,Fiber optic,No,Yes,Yes,No internet service,One year,Yes,Bank transfer,72.91,1012.34,1,330.3,0
CUST-002232,Female,0,No,No,13,Yes,No phone service,Fiber optic,Yes,Yes,No internet service,No,Month-to-month,No,Electronic check,99.22,1291.48,0,99.5,1
CUST-002233,Female,0,No,Yes,8,Yes,Yes,Fiber optic,Yes,No internet service,Yes,Yes,Two year,No,Electronic check,128.8,937.44,0,122.3,0
CUST-002234,Male,0,Yes,Yes,3,Yes,Yes,Fiber optic,Yes,No,Yes,Yes,Two year,No,Credit card,130.93,363.66,2,123.8,0
CUST-002235,Male,1,Yes,No,20,Yes,No,DSL,No,No,Yes,No,One year,No,Mailed check,36.28,689.54,1,311.5,0
CUST-002236,Female,0,No,Yes,63,Yes,Yes,No,No,No internet service,Yes,Yes,Two year,No,Mailed check,64.39,3923.68,1,191.3,0
CUST-002237,Male,0,No,No,53,Yes,No,Fiber optic,No,No,No,Yes,Month-to-month,Yes,Mailed check,29.19,1529.27,0,258.4,0
CUST-002238,Male,0,No,No,72,Yes,No,DSL,No,No internet service,No internet service,Yes,One year,Yes,Mailed check,73.28,5070.69,1,125.9,0
CUST-002239,Female,0,Yes,Yes,12,Yes,No phone service,No,No,Yes,No,No,Month-to-month,No,Electronic check,87.93,1046.81,1,260.6,1
CUST-002240,Male,0,No,No,46,Yes,No,DSL,Yes,Yes,Yes,No,Month-to-month,Yes,Bank transfer,117.13,4742.18,1,168.9,0
CUST-002241,Male,1,Yes,Yes,26,Yes,Yes,DSL,No,No,Yes,No internet service,Month-to-month,Yes,Electronic check,18.0,434.74,3,332.9,0
CUST-002242,Male,0,Yes,No,16,Yes,No,DSL,No internet service,No internet service,No internet service,Yes,One year,Yes,Credit card,37.36,617.25,1,257.5,0
CUST-002243,Female,0,No,No,58,Yes,No,DSL,Yes,No,Yes,No internet service,One year,Yes,Mailed check,74.32,3851.23,0,330.0,0
CUST-002244,Male,0,No,No,26,Yes,Yes,No,No,No,No,No,Two year,Yes,Electronic check,21.45,490.03,1,279.1,0
CUST-002245,Female,0,No,Yes,5,Yes,No,Fiber optic,No,No internet service,Yes,No internet service,One year,No,Credit card,100.17,500.31,0,102.2,1
CUST-002246,Female,0,Yes,Yes,52,Yes,No phone service,No,No,Yes,Yes,Yes,Two year,No,Credit card,88.69,4099.44,3,329.8,0
CUST-002247,Male,0,Yes,Yes,38,No,No,DSL,No internet service,No,Yes,Yes,Two year,Yes,Electronic check,31.56,1129.2,1,329.1,0
CUST-002248,Male,0,No,No,32,Yes,No,DSL,No,No,No,Yes,Two year,Yes,Electronic check,73.98,2349.21,3,58.8,0
CUST-002249,Female,1,No,No,10,Yes,No,DSL,No,No,Yes,Yes,Month-to-month,Yes,Electronic check,33.63,318.5,0,174.1,0
CUST-002250,Male,0,No,No,35,Yes,Yes,Fiber optic,Yes,No internet service,No internet service,Yes,Month-to-month,No,Mailed check,136.26,4913.71,0,110.5,0
CUST-002251,Male,0,No,No,72,Yes,No,Fiber optic,No,No,No,No,One year,No,Mailed check,101.2,7473.1,6,214.1,0
CUST-002252,Male,0,No,No,37,Yes,No,No,Yes,No internet service,Yes,No,Two year,No,Bank transfer,50.8,1786.66,0,196.7,0
CUST-002253,Male,0,No,No,7,Yes,No,DSL,Yes,Yes,Yes,No,Month-to-month,No,Credit card,32.86,239.69,1,226.4,0
CUST-002254,Female,0,Yes,Yes,39,Yes,No,No,No,No,Yes,Yes,Month-to-month,No,Mailed check,81.67,2893.39,2,123.9,1
CUST-002255,Female,0,Yes,No,38,Yes,Yes,Fiber optic,Yes,No,No,No internet service,Month-to-month,Yes,Mailed check,135.74,4625.62,2,47.5,1
CUST-002256,Female,0,No,Yes,49,Yes,Yes,Fiber optic,Yes,No,No internet service,Yes,Month-to-month,Yes,Credit card,71.85,3464.73,2,76.0,0
CUST-002257,Male,1,No,Yes,37,Yes,No,Fiber optic,No internet service,No,No,No,Two year,No,Mailed check,81.81,2919.71,0,245.3,0
CUST-002258,Female,0,Yes,No,13,No,No phone service,Fiber optic,No internet service,No internet service,No,Yes,Month-to-month,Yes,Credit card,72.44,847.71,2,104.9,1
CUST-002259,Female,0,No,No,30,Yes,Yes,DSL,Yes,Yes,No internet service,Yes,Month-to-month,No,Mailed check,116.66,3234.74,0,44.2,0
CUST-002260,Female,0,Yes,Yes,23,No,No,No,Yes,Yes,No,No,One year,Yes,Bank transfer,18.0,371.19,1,102.2,0
CUST-002261,Female,0,No,Yes,33,Yes,No,No,No,No,Yes,Yes,Month-to-month,Yes,Bank transfer,108.57,3215.13,2,258.0,1
CUST-002262,Female,1,No,Yes,60,Yes,No,DSL,Yes,No internet service,Yes,Yes,Month-to-month,Yes,Credit card,58.68,3251.73,2,98.4,1
CUST-002263,Female,0,No,No,17,Yes,No phone service,Fiber optic,No,No internet service,No internet service,No internet service,One year,Yes,Electronic check,92.85,1633.48,0,221.8,0
CUST-002264,Male,0,Yes,Yes,72,Yes,No phone service,DSL,No,No internet service,No,No,Month-to-month,No,Mailed check,59.78,4377.31,1,181.3,1
CUST-002265,Male,1,No,No,39,Yes,No,DSL,Yes,No,No,No internet service,Two year,Yes,Electronic check,77.19,2867.29,3,191.2,0
CUST-002266,Male,0,Yes,No,52,Yes,No,DSL,No,Yes,No,No internet service,One year,No,Credit card,48.11,2365.32,1,214.9,0
CUST-002267,Male,0,No,No,48,Yes,Yes,DSL,No internet service,No,Yes,Yes,Two year,Yes,Electronic check,101.75,4182.21,0,47.7,0
CUST-002268,Female,0,Yes,No,38,No,Yes,Fiber optic,Yes,No,Yes,No,Month-to-month,No,Credit card,127.97,4583.04,1,204.6,0
CUST-002269,Male,0,Yes,No,43,Yes,No,Fiber optic,No,No,Yes,No,One year,No,Mailed check,65.5,2745.3,1,144.3,0
CUST-002270,Male,1,No,No,0,Yes,Yes,No,Yes,No internet service,Yes,No,One year,No,Bank transfer,90.02,0.0,3,147.7,0
CUST-002271,Male,1,Yes,No,48,Yes,No,DSL,No,No internet service,No,No internet service,One year,Yes,Electronic check,59.31,2622.32,0,136.0,0
CUST-002272,Female,1,No,No,14,Yes,No,No,Yes,No internet service,No,Yes,Month-to-month,Yes,Mailed check,71.55,1035.62,2,154.1,0
CUST-002273,Male,0,No,No,28,Yes,No,Fiber optic,No,Yes,No,No,Month-to-month,Yes,Bank transfer,140.75,4012.22,1,209.9,1
CUST-002274,Male,0,Yes,No,38,Yes,No,DSL,No,Yes,No internet service,No,Month-to-month,Yes,Bank transfer,49.78,1638.97,0,247.2,0
CUST-002275,Male,0,Yes,No,61,Yes,Yes,Fiber optic,No internet service,Yes,No internet service,No,Two year,No,Bank transfer,122.8,7719.72,0,257.9,1
CUST-002276,Male,0,No,No,14,Yes,No phone service,No,Yes,No,No internet service,Yes,Two year,Yes,Bank transfer,83.71,1048.42,1,486.1,0
CUST-002277,Female,0,No,No,20,Yes,No,Fiber optic,Yes,No,No,No internet service,Month-to-month,Yes,Electronic check,89.18,1845.41,3,186.2,1
CUST-002278,Female,0,Yes,No,23,Yes,Yes,DSL,Yes,No,No,No,One year,No,Electronic check,81.02,1819.04,2,289.5,1
CUST-002279,Male,0,Yes,No,34,Yes,No phone service,Fiber optic,Yes,No,Yes,No,One year,Yes,Credit card,102.45,3247.85,1,127.3,0
CUST-002280,Female,0,Yes,No,24,Yes,No,Fiber optic,No,No,Yes,No internet service,One year,No,Bank transfer,60.25,1355.31,4,97.8,1
CUST-002281,Male,0,Yes,No,43,Yes,Yes,Fiber optic,No internet service,Yes,No internet service,Yes,Month-to-month,No,Bank transfer,76.8,3178.68,2,135.5,0
CUST-002282,Male,0,Yes,No,5,Yes,No,DSL,No,No internet service,Yes,No,Two year,Yes,Bank transfer,38.64,196.84,1,103.0,0
CUST-002283,Female,1,Yes,Yes,26,No,No,No,No,Yes,Yes,No,One year,Yes,Credit card,61.7,1632.13,2,281.0,0
CUST-002284,Male,0,Yes,No,72,Yes,No,No,No,No,Yes,No,One year,Yes,Credit card,110.35,7412.79,0,338.9,0
CUST-002285,Male,0,Yes,Yes,24,Yes,No,DSL,Yes,No internet service,Yes,No,One year,Yes,Electronic check,87.43,2139.9,2,236.5,1
CUST-002286,Male,1,Yes,Yes,39,Yes,Yes,DSL,No internet service,No,No internet service,Yes,One year,Yes,Bank transfer,27.02,995.27,2,177.6,0
CUST-002287,Male,0,No,Yes,55,Yes,No,DSL,No internet service,Yes,No internet service,No internet service,Month-to-month,No,Mailed check,61.8,3172.95,1,185.9,0
CUST-002288,Male,0,Yes,No,38,Yes,No phone service,Fiber optic,Yes,Yes,Yes,No,Two year,Yes,Bank transfer,102.01,3483.47,0,212.4,0
CUST-002289,Male,1,Yes,No,72,Yes,Yes,No,Yes,No,No internet service,No,Month-to-month,Yes,Credit card,92.32,6750.83,0,339.3,1
CUST-002290,Female,0,No,No,31,Yes,No,DSL,No,No,No,No,Two year,No,Credit card,50.48,1524.12,1,269.2,0
CUST-002291,Male,0,No,No,45,No,Yes,DSL,No internet service,No internet service,Yes,Yes,Two year,Yes,Electronic check,32.88,1385.11,3,347.9,0
CUST-002292,Male,0,No,No,35,Yes,Yes,Fiber optic,No,Yes,Yes,No,One year,Yes,Bank transfer,93.31,3208.61,2,157.7,1
CUST-002293,Male,0,No,Yes,71,Yes,No,Fiber optic,No,No internet service,No,No,One year,No,Electronic check,112.07,8133.7,3,168.1,0
CUST-002294,Female,0,Yes,No,21,Yes,No,Fiber optic,No,No,Yes,Yes,Month-to-month,No,Bank transfer,102.05,1906.3,0,210.0,0
CUST-002295,Male,0,No,No,72,Yes,No,No,No,No,No,Yes,Month-to-month,No,Electronic check,43.46,2905.33,2,105.8,0
CUST-002296,Male,0,No,Yes,17,Yes,No,DSL,No internet service,No,Yes,No internet service,One year,No,Electronic check,122.64,1930.7,2,261.9,1
CUST-002297,Male,0,No,No,72,Yes,No,DSL,No,No internet service,No internet service,No,Month-to-month,No,Electronic check,67.04,4175.96,0,127.5,1
CUST-002298,Female,1,No,No,12,Yes,No,DSL,No internet service,No,No,No,Month-to-month,No,Mailed check,75.81,834.06,1,65.8,1
CUST-002299,Male,0,No,No,46,Yes,Yes,DSL,Yes,Yes,Yes,Yes,Two year,Yes,Electronic check,50.14,2311.93,2,382.9,0
CUST-002300,Female,0,Yes,No,29,Yes,No,Fiber optic,No,No,No,Yes,Month-to-month,Yes,Credit card,128.2,3348.38,2,300.3,1
CUST-002301,Male,0,Yes,No,54,Yes,Yes,Fiber optic,No,No,No,No,Month-to-month,Yes,Electronic check,112.16,6130.18,1,230.5,1
CUST-002302,Male,0,No,Yes,40,Yes,No,DSL,Yes,No internet service,No internet service,Yes,Month-to-month,Yes,Credit card,79.44,3308.04,3,260.8,1
CUST-002303,Female,0,No,No,52,Yes,No,Fiber optic,Yes,No,No,No,One year,Yes,Bank transfer,60.45,2812.71,1,252.0,1
CUST-002304,Female,0,Yes,No,12,Yes,Yes,Fiber optic,No internet service,No,No internet service,No,Month-to-month,Yes,Mailed check,127.82,1429.45,1,169.4,1
CUST-002305,Female,0,Yes,No,6,Yes,No,DSL,No,No internet service,No,No,One year,Yes,Electronic check,92.71,487.42,1,335.5,1
CUST-002306,Female,0,Yes,Yes,10,Yes,No,Fiber optic,No,Yes,No,No,Month-to-month,Yes,Electronic check,125.45,1239.96,0,305.8,0
CUST-002307,Male,1,Yes,Yes,10,No,No,No,Yes,Yes,No,No,Month-to-month,No,Mailed check,71.11,673.02,0,254.6,1
CUST-002308,Female,0,No,No,12,Yes,Yes,No,Yes,No,No,No internet service,Month-to-month,Yes,Mailed check,67.75,786.82,1,52.6,1
CUST-002309,Female,0,Yes,Yes,18,Yes,No phone service,No,No internet service,No,No,Yes,Month-to-month,No,Electronic check,64.54,1168.34,4,57.0,1
CUST-002310,Female,0,Yes,Yes,18,Yes,No,No,Yes,No internet service,Yes,Yes,Two year,Yes,Bank transfer,138.37,2503.7,0,228.8,0
CUST-002311,Female,0,Yes,No,30,Yes,Yes,Fiber optic,No,Yes,No,Yes,Month-to-month,No,Bank transfer,78.73,2251.25,1,299.1,0
CUST-002312,Male,0,No,No,14,Yes,No,Fiber optic,No,No,No,No,Month-to-month,No,Electronic check,59.41,853.79,0,82.6,0
CUST-002313,Female,0,No,No,16,No,Yes,DSL,No,Yes,Yes,Yes,Month-to-month,Yes,Credit card,58.8,975.07,1,281.3,0
CUST-002314,Male,0,Yes,No,25,Yes,No phone service,Fiber optic,No internet service,No,No,No,Month-to-month,Yes,Credit card,79.01,1928.03,3,130.9,1
CUST-002315,Male,0,No,No,59,Yes,No,No,Yes,Yes,Yes,No,Month-to-month,No,Mailed check,107.8,5454.79,0,221.0,1
CUST-002316,Female,0,No,No,21,Yes,No,Fiber optic,No,No,No,No,Month-to-month,Yes,Credit card,54.32,1146.65,1,167.2,1
CUST-002317,Male,1,Yes,No,28,Yes,Yes,DSL,No,No,Yes,No,Two year,Yes,Credit card,53.16,1530.76,0,144.8,0
CUST-002318,Male,0,Yes,Yes,32,Yes,Yes,DSL,Yes,No,No,No,Month-to-month,No,Mailed check,75.72,2329.2,3,165.4,1
CUST-002319,Male,0,Yes,Yes,13,Yes,No phone service,No,No internet service,Yes,No,Yes,One year,Yes,Credit card,108.05,1390.69,3,230.7,0
CUST-002320,Male,0,Yes,Yes,22,No,No,DSL,No,No,No,No,One year,No,Bank transfer,91.39,1852.24,2,311.0,0
CUST-002321,Female,0,Yes,Yes,17,Yes,Yes,DSL,No,No,Yes,No internet service,Month-to-month,Yes,Electronic check,118.57,1915.76,0,131.1,1
CUST-002322,Female,0,Yes,No,56,Yes,No,Fiber optic,Yes,Yes,Yes,No,One year,Yes,Mailed check,105.37,5957.71,0,150.8,0
CUST-002323,Female,0,Yes,Yes,53,Yes,No,DSL,No,No,Yes,Yes,Two year,Yes,Bank transfer,63.89,3471.55,3,232.1,0
CUST-002324,Female,0,Yes,No,15,Yes,Yes,DSL,Yes,No internet service,No internet service,No internet service,One year,No,Mailed check,95.67,1252.82,3,228.9,0
CUST-002325,Female,0,No,Yes,28,Yes,No,DSL,No,No internet service,Yes,No internet service,Two year,Yes,Credit card,28.99,692.64,0,95.6,0
CUST-002326,Male,0,No,No,45,Yes,Yes,DSL,No internet service,No internet service,No,No,One year,Yes,Bank transfer,18.7,778.29,1,0.0,0
CUST-002327,Male,0,Yes,Yes,37,No,No,Fiber optic,No,No,No,Yes,Month-to-month,No,Mailed check,124.29,4268.39,1,70.5,0
CUST-002328,Male,0,Yes,No,40,Yes,No phone service,Fiber optic,No,No internet service,No,No internet service,Two year,No,Mailed check,101.32,4071.59,1,131.0,1
CUST-002329,Female,0,No,No,13,Yes,No,No,No internet service,No,No,Yes,Month-to-month,Yes,Electronic check,98.92,1095.28,0,175.6,0
CUST-002330,Male,0,Yes,No,72,Yes,No,Fiber optic,Yes,No,No,No,One year,No,Credit card,69.43,5012.88,0,259.7,0
CUST-002331,Female,0,Yes,Yes,18,Yes,Yes,DSL,Yes,Yes,No,No,One year,Yes,Electronic check,108.54,1870.29,1,54.5,0
CUST-002332,Male,0,Yes,No,17,Yes,No,DSL,No,No,No internet service,No,Two year,No,Electronic check,90.11,1515.9,1,160.9,1
CUST-002333,Female,0,Yes,No,9,Yes,No,No,Yes,No,Yes,Yes,Two year,Yes,Mailed check,69.07,591.67,0,318.1,1
CUST-002334,Female,0,Yes,No,26,Yes,Yes,Fiber optic,No,No internet service,No,Yes,Month-to-month,Yes,Mailed check,101.22,2653.17,0,129.6,0
CUST-002335,Female,0,No,No,64,Yes,No,Fiber optic,No,No internet service,Yes,No,One year,Yes,Credit card,105.41,6323.89,2,285.1,0
CUST-002336,Male,0,No,No,37,Yes,Yes,No,Yes,No,Yes,No,Month-to-month,Yes,Electronic check,44.3,1506.54,2,259.8,0
CUST-002337,Male,0,No,No,27,No,No,DSL,No,No internet service,Yes,Yes,One year,Yes,Credit card,58.45,1542.32,3,299.6,0
CUST-002338,Male,0,No,Yes,50,Yes,No,DSL,No,Yes,Yes,No,One year,Yes,Electronic check,79.93,3752.44,2,122.6,0
CUST-002339,Male,0,Yes,Yes,63,Yes,Yes,Fiber optic,Yes,Yes,No,Yes,Month-to-month,No,Mailed check,82.25,4718.71,2,180.4,1
CUST-002340,Male,0,No,No,52,No,No,Fiber optic,No internet service,No,No,No,Two year,Yes,Credit card,50.92,2734.31,1,140.6,0
CUST-002341,Female,0,No,Yes,5,Yes,Yes,No,Yes,No internet service,No internet service,Yes,Month-to-month,Yes,Credit card,78.85,392.13,3,293.5,0
CUST-002342,Female,0,No,Yes,50,Yes,Yes,DSL,Yes,No internet service,No internet service,No,Month-to-month,Yes,Credit card,95.08,4228.14,1,179.9,0
CUST-002343,Male,0,No,Yes,41,Yes,Yes,No,No,No,No internet service,No,Two year,Yes,Bank transfer,102.06,4176.02,1,180.1,0
CUST-002344,Male,0,No,No,15,No,No,No,No,No,No,No,One year,Yes,Bank transfer,85.97,1161.2,0,0.0,0
CUST-002345,Female,1,Yes,No,41,Yes,No,DSL,No,No,No,No,One year,No,Credit card,94.55,3629.41,0,35.7,1
CUST-002346,Female,0,Yes,No,64,Yes,No phone service,DSL,No,No internet service,No,Yes,Month-to-month,Yes,Mailed check,99.63,5696.87,3,273.4,0
CUST-002347,Female,0,No,No,18,Yes,No,DSL,No,No internet service,No internet service,No,Month-to-month,Yes,Mailed check,72.39,1137.09,0,264.1,0
CUST-002348,Male,0,No,No,55,Yes,Yes,No,Yes,Yes,No,No internet service,Month-to-month,Yes,Bank transfer,18.0,920.51,1,199.0,0
CUST-002349,Female,0,Yes,Yes,37,Yes,No,DSL,No internet service,Yes,No,Yes,Month-to-month,No,Credit card,104.79,3726.2,1,430.5,1
CUST-002350,Female,0,Yes,No,1,Yes,Yes,Fiber optic,No,Yes,Yes,No,Month-to-month,Yes,Electronic check,68.2,62.09,0,157.0,1
CUST-002351,Male,0,Yes,No,29,Yes,No,No,Yes,No internet service,No internet service,Yes,Month-to-month,Yes,Bank transfer,36.07,904.91,2,247.2,0
CUST-002352,Female,0,Yes,Yes,36,Yes,No,DSL,Yes,No,No,No internet service,One year,No,Credit card,36.9,1195.39,0,234.1,0
CUST-002353,Female,1,Yes,Yes,23,Yes,Yes,No,No internet service,Yes,No,Yes,Month-to-month,No,Bank transfer,144.54,2989.04,2,274.0,1
CUST-002354,Female,0,Yes,No,38,Yes,Yes,Fiber optic,Yes,No,No internet service,No internet service,One year,Yes,Electronic check,108.22,3981.25,2,253.9,0
CUST-002355,Male,0,Yes,No,27,Yes,Yes,DSL,No,No,Yes,Yes,Two year,No,Credit card,38.75,948.39,1,79.2,0
CUST-002356,Male,0,No,No,72,Yes,Yes,DSL,Yes,No,Yes,No internet service,Month-to-month,Yes,Credit card,49.5,3409.7,0,86.5,0
CUST-002357,Female,1,Yes,No,22,No,No,DSL,No internet service,No,No internet service,No internet service,One year,No,Mailed check,69.98,1453.41,0,173.2,0
CUST-002358,Male,0,No,No,15,Yes,Yes,Fiber optic,No internet service,No,Yes,Yes,Month-to-month,Yes,Electronic check,111.27,1507.63,2,244.0,1
CUST-002359,Male,0,Yes,No,53,Yes,No,Fiber optic,Yes,Yes,Yes,No,Month-to-month,Yes,Credit card,103.38,5469.45,1,350.7,0
CUST-002360,Male,0,Yes,No,24,Yes,No,DSL,Yes,No internet service,No internet service,Yes,One year,Yes,Electronic check,42.14,994.73,1,246.9,0
CUST-002361,Female,0,No,Yes,28,Yes,Yes,No,Yes,No internet service,Yes,Yes,Month-to-month,Yes,Credit card,79.51,2195.35,2,148.1,1
CUST-002362,Male,0,No,No,26,Yes,Yes,Fiber optic,No internet service,Yes,No internet service,No,Month-to-month,Yes,Mailed check,76.66,1867.13,0,165.8,0
CUST-002363,Female,1,No,Yes,51,No,No phone service,Fiber optic,No,No,No internet service,No,Two year,Yes,Bank transfer,126.41,5887.97,0,260.2,0
CUST-002364,Male,0,No,No,12,Yes,No,DSL,No internet service,No,Yes,Yes,Month-to-month,No,Mailed check,71.69,832.87,1,153.8,0
CUST-002365,Female,0,Yes,Yes,55,Yes,Yes,Fiber optic,No,No,Yes,No internet service,One year,Yes,Electronic check,72.22,4138.2,0,245.9,0
CUST-002366,Female,0,Yes,No,43,Yes,No,Fiber optic,No internet service,Yes,Yes,No,One year,Yes,Electronic check,115.67,4659.37,0,3.9,0
CUST-002367,Female,0,No,No,72,Yes,Yes,DSL,No internet service,No,Yes,No,Month-to-month,No,Bank transfer,81.5,5768.39,2,78.2,1
CUST-002368,Male,0,No,No,34,Yes,No,DSL,Yes,No,Yes,No,One year,Yes,Bank transfer,55.75,1779.0,1,227.7,1
CUST-002369,Male,0,Yes,Yes,12,Yes,Yes,Fiber optic,Yes,Yes,No internet service,No,Month-to-month,Yes,Electronic check,116.9,1454.07,0,375.3,1
CUST-002370,Female,0,Yes,Yes,34,Yes,Yes,Fiber optic,Yes,No,No internet service,Yes,Month-to-month,Yes,Bank transfer,113.87,3495.93,4,127.6,1
CUST-002371,Female,1,No,No,38,Yes,No,No,No,No,No,No,Two year,No,Electronic check,106.05,3795.04,2,233.3,1
CUST-002372,Male,0,Yes,No,68,Yes,No,DSL,No,Yes,Yes,No internet service,Month-to-month,No,Mailed check,91.3,5890.37,2,308.9,0
CUST-002373,Female,0,No,No,12,Yes,Yes,DSL,No internet service,No internet service,No,No internet service,One year,Yes,Electronic check,63.58,759.72,2,222.7,0
CUST-002374,Female,1,Yes,Yes,7,No,No phone service,Fiber optic,No,No,No internet service,Yes,Month-to-month,Yes,Bank transfer,44.28,308.21,0,181.2,0
CUST-002375,Female,0,Yes,No,35,Yes,Yes,No,Yes,No,Yes,No,Month-to-month,No,Electronic check,75.6,2640.39,1,308.1,0
CUST-002376,Male,0,Yes,No,72,No,No,No,No internet service,No,Yes,Yes,One year,Yes,Electronic check,80.25,5758.58,2,72.5,0
CUST-002377,Male,0,Yes,No,48,Yes,No,Fiber optic,No internet service,Yes,Yes,Yes,One year,Yes,Electronic check,96.54,4374.01,1,0.0,0
CUST-002378,Male,0,No,No,50,Yes,No,DSL,Yes,No internet service,No,Yes,Month-to-month,Yes,Credit card,18.0,793.0,1,56.8,0
CUST-002379,Male,1,Yes,No,9,Yes,No,DSL,No internet service,Yes,No,No internet service,One year,No,Bank transfer,90.36,832.87,1,24.7,0
CUST-002380,Female,0,No,Yes,31,Yes,No,Fiber optic,Yes,No,No internet service,No,Month-to-month,No,Bank transfer,67.64,1918.5,0,102.0,1
CUST-002381,Male,1,No,No,69,Yes,Yes,DSL,No,Yes,Yes,Yes,Month-to-month,No,Credit card,90.57,5449.91,1,167.4,0
CUST-002382,Female,0,Yes,No,38,Yes,No phone service,Fiber optic,No,No,Yes,No internet service,One year,No,Mailed check,146.02,4859.38,0,130.0,1
CUST-002383,Male,0,No,No,6,Yes,Yes,DSL,Yes,No,Yes,Yes,One year,Yes,Mailed check,62.42,355.38,1,0.0,1
CUST-002384,Female,0,Yes,No,30,Yes,No,No,No,No,Yes,Yes,Month-to-month,Yes,Electronic check,83.15,2332.95,0,156.6,1
CUST-002385,Female,0,Yes,No,46,Yes,No,Fiber optic,No,No internet service,No,Yes,One year,No,Mailed check,95.98,4338.87,0,173.4,0
CUST-002386,Female,0,Yes,No,28,Yes,No,Fiber optic,No,No internet service,No,No,Month-to-month,No,Bank transfer,110.77,3015.81,2,241.7,1
CUST-002387,Female,1,No,No,14,Yes,No,Fiber optic,No,Yes,No,Yes,Two year,No,Electronic check,98.1,1196.93,1,280.3,1
CUST-002388,Female,0,Yes,No,54,Yes,No,No,Yes,No internet service,No,No internet service,Two year,Yes,Electronic check,54.49,2675.75,0,240.4,0
CUST-002389,Male,0,No,Yes,21,Yes,No,Fiber optic,Yes,Yes,Yes,Yes,Month-to-month,No,Electronic check,67.85,1466.57,0,0.0,1
CUST-002390,Female,0,Yes,Yes,41,Yes,No,Fiber optic,Yes,No,Yes,Yes,Month-to-month,Yes,Electronic check,142.71,5870.8,0,115.4,1
CUST-002391,Female,0,Yes,No,30,Yes,No,DSL,Yes,No internet service,No internet service,Yes,Two year,Yes,Credit card,83.16,2554.84,0,133.5,0
CUST-002392,Female,0,Yes,No,20,No,Yes,DSL,No,No,Yes,No,Two year,Yes,Credit card,94.92,1621.91,1,78.3,0
CUST-002393,Male,0,Yes,Yes,72,Yes,No,DSL,No,No,No,Yes,Month-to-month,No,Electronic check,81.97,6093.3,2,322.2,1
CUST-002394,Male,0,Yes,No,19,Yes,No phone service,No,Yes,No,No internet service,No,Month-to-month,No,Electronic check,99.27,1928.09,0,141.0,1
CUST-002395,Female,0,Yes,Yes,32,Yes,Yes,Fiber optic,No,No,Yes,No,Month-to-month,No,Bank transfer,68.12,2050.07,1,89.1,0
CUST-002396,Female,0,Yes,No,30,Yes,Yes,DSL,No internet service,No internet service,No,No internet service,Two year,No,Bank transfer,72.5,2141.63,0,225.1,0
CUST-002397,Male,0,No,No,34,Yes,No phone service,DSL,Yes,No,No,Yes,Two year,Yes,Bank transfer,85.16,2618.77,2,39.1,0
CUST-002398,Female,0,Yes,Yes,72,Yes,Yes,Fiber optic,Yes,No,Yes,No,Two year,No,Bank transfer,133.78,9456.07,0,92.3,0
CUST-002399,Male,0,No,Yes,46,No,No,No,No,Yes,Yes,No internet service,Month-to-month,Yes,Mailed check,150.19,6976.24,1,215.1,1
CUST-002400,Female,0,No,No,20,No,No,DSL,No,Yes,Yes,No,Two year,Yes,Bank transfer,82.23,1556.88,1,92.7,0
CUST-002401,Male,0,No,No,72,Yes,No,Fiber optic,Yes,No,Yes,Yes,Month-to-month,Yes,Bank transfer,75.17,4630.82,2,332.4,1
CUST-002402,Female,0,Yes,No,51,Yes,Yes,Fiber optic,No,No internet service,Yes,Yes,Month-to-month,Yes,Electronic check,59.13,2814.43,1,233.9,1
CUST-002403,Male,0,Yes,No,21,Yes,No,Fiber optic,No internet service,No,No,No,Month-to-month,Yes,Electronic check,67.86,1417.84,2,187.7,0
CUST-002404,Male,0,Yes,No,71,No,No,No,No,No,Yes,Yes,Month-to-month,No,Bank transfer,46.78,3290.41,1,204.6,1
CUST-002405,Female,0,Yes,Yes,9,Yes,No,Fiber optic,Yes,No internet service,No,No,One year,Yes,Electronic check,18.0,153.46,2,52.8,1
CUST-002406,Female,0,No,No,11,Yes,No,No,No,No internet service,No,No internet service,Month-to-month,No,Electronic check,49.73,572.82,1,175.8,0
CUST-002407,Female,0,No,No,6,Yes,No phone service,Fiber optic,No,No,No,No,Month-to-month,No,Electronic check,116.5,610.52,0,68.3,1
CUST-002408,Female,0,Yes,Yes,3,No,No,No,No internet service,Yes,Yes,Yes,Two year,Yes,Electronic check,72.26,191.13,2,290.1,0
CUST-002409,Male,0,Yes,No,67,Yes,Yes,No,No internet service,No,No,No,Month-to-month,Yes,Electronic check,62.24,3760.09,1,368.0,0
CUST-002410,Female,0,No,No,35,Yes,Yes,Fiber optic,Yes,No,No,No,Month-to-month,No,Bank transfer,46.34,1639.32,1,67.3,0
CUST-002411,Female,0,Yes,Yes,7,Yes,Yes,Fiber optic,No internet service,No,Yes,No,Month-to-month,No,Credit card,126.51,887.86,2,134.1,1
CUST-002412,Male,0,No,No,29,Yes,No phone service,No,No,No internet service,No internet service,Yes,Month-to-month,Yes,Electronic check,85.35,2486.55,3,196.3,0
CUST-002413,Male,0,No,Yes,56,Yes,Yes,Fiber optic,Yes,No internet service,No,No,Month-to-month,No,Bank transfer,94.61,5435.63,1,287.7,0
CUST-002414,Female,1,No,Yes,16,No,No,Fiber optic,No internet service,No,No,No,One year,No,Mailed check,28.92,434.37,1,361.9,0
CUST-002415,Female,0,Yes,Yes,23,Yes,No,No,Yes,No,No,No,Month-to-month,No,Bank transfer,55.28,1161.67,0,178.8,0
CUST-002416,Female,0,Yes,No,72,Yes,No,No,Yes,Yes,Yes,No internet service,Month-to-month,No,Electronic check,83.01,5797.98,0,312.2,0
CUST-002417,Male,0,No,No,25,Yes,No,DSL,No,Yes,No,No internet service,Two year,Yes,Electronic check,69.14,1610.99,0,191.4,0
CUST-002418,Male,0,Yes,No,7,Yes,Yes,No,No,Yes,Yes,No,Month-to-month,No,Credit card,75.76,506.32,0,144.7,1
CUST-002419,Female,1,No,No,19,Yes,No,DSL,No internet service,Yes,No,No internet service,One year,Yes,Credit card,90.56,1510.85,3,42.7,0
CUST-002420,Female,0,Yes,No,6,Yes,Yes,DSL,No,No,No internet service,No internet service,Month-to-month,No,Credit card,74.64,416.18,1,118.3,1
CUST-002421,Female,0,Yes,No,48,Yes,Yes,Fiber optic,No,Yes,No,Yes,Two year,Yes,Electronic check,114.49,5190.68,2,179.5,0
CUST-002422,Female,0,Yes,Yes,14,Yes,Yes,DSL,No,Yes,Yes,Yes,Month-to-month,Yes,Mailed check,44.69,542.8,2,140.9,0
CUST-002423,Female,0,No,No,14,Yes,No,DSL,No internet service,No internet service,No,Yes,One year,Yes,Mailed check,33.32,489.24,1,424.9,0
CUST-002424,Male,0,Yes,No,72,No,Yes,DSL,Yes,No,Yes,Yes,One year,Yes,Credit card,84.32,5206.31,3,205.3,0
CUST-002425,Male,0,Yes,No,10,Yes,Yes,No,Yes,No,No internet service,Yes,One year,No,Mailed check,90.47,935.4,0,157.6,0
CUST-002426,Male,0,Yes,No,8,Yes,Yes,DSL,No internet service,No,No,Yes,Two year,Yes,Electronic check,85.57,592.85,1,42.7,0
CUST-002427,Male,0,No,No,12,Yes,Yes,DSL,Yes,No internet service,No,Yes,Month-to-month,No,Electronic check,73.95,906.77,1,144.8,0
CUST-002428,Female,0,No,No,57,Yes,Yes,DSL,No,No,No,Yes,Month-to-month,No,Bank transfer,60.28,3297.25,2,128.6,1
CUST-002429,Male,1,Yes,No,44,Yes,No,Fiber optic,Yes,Yes,Yes,No,Two year,No,Mailed check,101.33,3964.8,2,172.0,0
CUST-002430,Female,0,Yes,No,19,Yes,No,Fiber optic,No,No,No,No internet service,Two year,Yes,Bank transfer,106.38,1811.53,1,351.6,1
CUST-002431,Female,0,No,No,18,Yes,No,No,Yes,No,Yes,Yes,Month-to-month,Yes,Credit card,83.18,1377.92,2,240.5,0
CUST-002432,Male,0,No,No,41,Yes,No,Fiber optic,No,No internet service,No internet service,No,One year,Yes,Mailed check,173.21,7164.31,1,210.6,0
CUST-002433,Female,0,Yes,Yes,36,Yes,Yes,DSL,No,No,No internet service,No,One year,No,Mailed check,42.38,1341.6,3,156.7,0
CUST-002434,Male,1,Yes,No,26,No,No,DSL,No,No,No,No,One year,Yes,Mailed check,166.78,3895.91,3,147.3,1
CUST-002435,Female,0,No,No,45,Yes,No,No,Yes,No internet service,Yes,Yes,Two year,Yes,Bank transfer,32.3,1436.63,2,208.6,0
CUST-002436,Female,1,No,Yes,11,Yes,No,DSL,Yes,Yes,Yes,No internet service,Two year,No,Electronic check,81.57,872.86,0,233.8,0
CUST-002437,Female,0,Yes,No,14,Yes,Yes,Fiber optic,Yes,No internet service,No,No,Month-to-month,Yes,Bank transfer,59.15,773.64,1,238.0,0
CUST-002438,Female,0,Yes,Yes,47,Yes,No,Fiber optic,No,No,Yes,No,One year,Yes,Electronic check,104.19,4221.57,1,258.7,1
CUST-002439,Male,0,No,No,38,No,Yes,DSL,No,No internet service,No,Yes,Month-to-month,Yes,Mailed check,99.46,3634.86,0,261.6,1
CUST-002440,Female,1,Yes,No,31,Yes,Yes,Fiber optic,No,No,No internet service,No internet service,Month-to-month,No,Mailed check,95.98,2665.41,1,59.5,1
CUST-002441,Male,1,No,Yes,72,Yes,No,DSL,No internet service,No,No,No,Two year,Yes,Mailed check,99.19,6944.88,0,205.2,0
CUST-002442,Male,0,No,No,52,Yes,Yes,Fiber optic,No,Yes,Yes,No internet service,One year,Yes,Mailed check,82.29,3872.13,1,286.2,0
CUST-002443,Female,0,Yes,Yes,20,Yes,No,Fiber optic,No,Yes,No,No,Month-to-month,No,Electronic check,33.5,700.95,0,133.8,0
CUST-002444,Female,0,Yes,No,15,Yes,No phone service,No,No internet service,No,Yes,Yes,One year,No,Credit card,88.8,1289.55,1,105.7,0
CUST-002445,Male,0,Yes,No,39,Yes,No,No,No,Yes,Yes,No,Month-to-month,No,Bank transfer,70.92,2667.0,1,19.8,0
CUST-002446,Male,0,No,No,67,Yes,No phone service,DSL,No,Yes,Yes,Yes,Month-to-month,No,Electronic check,55.61,3790.64,0,97.0,0
CUST-002447,Female,1,No,No,5,Yes,No,Fiber optic,Yes,No,No,Yes,One year,Yes,Bank transfer,82.68,433.52,0,160.2,0
CUST-002448,Male,1,No,Yes,37,No,Yes,No,No,Yes,No,Yes,One year,Yes,Mailed check,82.2,3059.05,0,281.1,0
CUST-002449,Male,0,No,No,23,Yes,No phone service,DSL,Yes,No,No internet service,Yes,Month-to-month,No,Electronic check,45.56,1015.25,0,48.4,1
CUST-002450,Female,0,No,No,35,Yes,Yes,No,Yes,No,Yes,Yes,Month-to-month,Yes,Credit card,81.26,2908.58,1,284.7,1
CUST-002451,Female,0,No,Yes,8,Yes,Yes,Fiber optic,No,Yes,No,Yes,One year,No,Mailed check,130.66,926.36,1,187.5,0
CUST-002452,Male,1,Yes,Yes,67,Yes,Yes,Fiber optic,No internet service,No,Yes,No,Month-to-month,No,Electronic check,156.8,10535.64,5,45.5,1
CUST-002453,Male,0,No,No,72,Yes,No,DSL,No internet service,Yes,Yes,No internet service,Two year,No,Bank transfer,112.14,7960.58,2,237.9,0
CUST-002454,Female,1,Yes,No,49,Yes,Yes,No,No,Yes,No internet service,Yes,Month-to-month,Yes,Electronic check,74.85,3530.78,3,239.5,0
CUST-002455,Female,0,No,No,72,Yes,No,Fiber optic,No internet service,Yes,Yes,Yes,Two year,Yes,Bank transfer,102.73,7569.28,1,200.5,0
CUST-002456,Male,0,Yes,No,22,Yes,No,Fiber optic,No,Yes,Yes,No,Month-to-month,Yes,Mailed check,82.99,1811.1,1,217.6,1
CUST-002457,Female,0,No,No,36,No,No phone service,DSL,No,Yes,Yes,No,Month-to-month,No,Electronic check,56.03,2003.68,1,246.4,0
CUST-002458,Male,0,Yes,Yes,49,Yes,No phone service,No,No internet service,No,No,No internet service,Month-to-month,No,Credit card,96.16,4862.42,0,195.6,0
CUST-002459,Male,0,Yes,Yes,39,No,Yes,DSL,No,No,No,Yes,One year,No,Electronic check,60.77,2346.23,0,264.0,0
CUST-002460,Male,0,No,Yes,24,Yes,No,No,No,Yes,No,No internet service,Two year,No,Electronic check,80.98,1751.34,1,69.3,0
CUST-002461,Male,0,No,No,26,Yes,No,DSL,Yes,No,No,Yes,Month-to-month,Yes,Electronic check,41.12,948.12,1,212.8,0
CUST-002462,Female,0,No,Yes,72,Yes,Yes,No,No internet service,No internet service,No,Yes,Month-to-month,No,Mailed check,111.11,7621.0,0,214.0,1
CUST-002463,Female,0,Yes,No,29,Yes,No phone service,DSL,Yes,No,No,No,Month-to-month,No,Mailed check,60.33,1569.24,2,278.4,1
CUST-002464,Male,1,No,Yes,65,No,No,Fiber optic,No,No internet service,No,No internet service,One year,No,Mailed check,127.64,8212.99,0,242.9,0
CUST-002465,Female,0,No,No,28,Yes,No phone service,DSL,No,Yes,No,Yes,Month-to-month,Yes,Bank transfer,48.89,1394.17,1,144.3,1
CUST-002466,Male,0,Yes,No,64,Yes,Yes,DSL,No,No,Yes,No,Two year,No,Credit card,47.3,2749.72,0,234.0,0
CUST-002467,Male,0,No,Yes,32,Yes,Yes,DSL,No,No,No internet service,No internet service,Month-to-month,Yes,Mailed check,109.84,3629.83,2,105.3,1
CUST-002468,Male,0,Yes,No,46,Yes,No phone service,Fiber optic,No internet service,No,No,No internet service,One year,Yes,Bank transfer,76.22,3503.94,0,96.9,1
CUST-002469,Female,0,No,Yes,17,Yes,Yes,DSL,No internet service,No,Yes,No,Two year,No,Bank transfer,22.96,408.96,1,172.9,0
CUST-002470,Male,0,Yes,No,36,Yes,No phone service,No,Yes,No,No,Yes,Month-to-month,Yes,Bank transfer,38.8,1242.85,3,90.2,1
CUST-002471,Male,0,No,Yes,17,Yes,Yes,Fiber optic,Yes,No internet service,No,No internet service,Month-to-month,Yes,Bank transfer,120.7,1933.54,0,157.6,0
CUST-002472,Female,1,No,Yes,21,Yes,Yes,No,No internet service,No,No,No,Two year,Yes,Bank transfer,92.82,1906.43,1,239.3,1
CUST-002473,Male,0,Yes,No,23,Yes,No,Fiber optic,Yes,No,No,No internet service,Month-to-month,No,Credit card,72.12,1663.16,1,262.9,0
CUST-002474,Female,1,Yes,No,26,No,No phone service,Fiber optic,No,Yes,Yes,Yes,One year,No,Credit card,76.05,2041.3,1,84.3,0
CUST-002475,Female,0,Yes,No,59,Yes,No,Fiber optic,No,No,No internet service,No,Two year,Yes,Bank transfer,115.19,6988.26,2,0.0,0
CUST-002476,Female,1,Yes,No,21,Yes,No,DSL,No internet service,No,No,No,Month-to-month,Yes,Mailed check,109.48,2062.75,3,93.4,1
CUST-002477,Female,0,No,No,34,Yes,Yes,Fiber optic,Yes,No,No,No,Two year,Yes,Credit card,92.94,2952.84,0,148.4,1
CUST-002478,Female,0,No,Yes,65,Yes,Yes,DSL,No internet service,No internet service,Yes,Yes,Month-to-month,Yes,Mailed check,86.63,5595.07,2,386.8,1
CUST-002479,Male,0,Yes,No,46,Yes,No,DSL,No,No,No internet service,Yes,One year,Yes,Electronic check,96.2,3878.64,0,115.4,0
CUST-002480,Male,0,Yes,Yes,5,Yes,No,DSL,Yes,No,No,Yes,Month-to-month,Yes,Electronic check,134.59,701.13,1,336.8,1
CUST-002481,Male,0,Yes,Yes,7,Yes,No,No,No,No,Yes,No,Month-to-month,No,Credit card,35.33,247.15,2,247.2,1
CUST-002482,Female,0,No,Yes,40,No,Yes,No,No,Yes,No,No,Month-to-month,No,Credit card,49.94,2029.03,2,175.0,0
CUST-002483,Male,0,Yes,No,20,Yes,Yes,Fiber optic,Yes,No,Yes,Yes,Month-to-month,Yes,Electronic check,79.81,1646.38,2,165.8,1
CUST-002484,Female,1,No,No,6,Yes,No,Fiber optic,Yes,No,No,No,Month-to-month,Yes,Mailed check,119.83,636.7,1,286.3,1
CUST-002485,Female,1,No,No,19,Yes,No,Fiber optic,No internet service,No internet service,No,No,Month-to-month,No,Electronic check,87.44,1552.46,1,129.2,0
CUST-002486,Male,0,Yes,No,41,Yes,No,DSL,No,No internet service,No,Yes,One year,Yes,Credit card,79.37,3190.07,3,352.3,1
CUST-002487,Female,0,Yes,Yes,23,Yes,Yes,Fiber optic,No,Yes,No,Yes,Month-to-month,No,Electronic check,98.66,2301.96,3,234.0,1
CUST-002488,Male,0,No,Yes,31,Yes,No,DSL,No,Yes,No,No,Month-to-month,No,Electronic check,70.05,2166.41,2,153.2,1
CUST-002489,Female,1,No,No,24,Yes,No,DSL,No,No,Yes,Yes,Month-to-month,No,Bank transfer,73.22,1536.44,2,194.9,0
CUST-002490,Female,0,Yes,No,17,No,No,DSL,Yes,Yes,No internet service,No,Month-to-month,No,Electronic check,100.9,1679.46,0,282.2,1
CUST-002491,Male,0,Yes,Yes,36,Yes,Yes,Fiber optic,Yes,Yes,Yes,Yes,Month-to-month,No,Electronic check,65.88,2155.49,4,341.3,1
CUST-002492,Female,1,No,No,6,Yes,Yes,Fiber optic,No internet service,No,Yes,Yes,Month-to-month,No,Bank transfer,90.55,505.95,0,216.7,1
CUST-002493,Male,0,Yes,No,15,Yes,Yes,Fiber optic,Yes,No,Yes,Yes,One year,Yes,Mailed check,58.54,921.02,0,138.9,0
CUST-002494,Male,0,Yes,Yes,52,Yes,No,No,No,Yes,Yes,No,One year,Yes,Mailed check,76.8,3519.85,0,204.1,0
CUST-002495,Female,0,Yes,No,8,No,No,DSL,No internet service,No internet service,Yes,Yes,One year,No,Electronic check,64.13,446.82,3,80.4,0
CUST-002496,Female,0,Yes,No,30,Yes,Yes,DSL,No,No,No internet service,No,Month-to-month,Yes,Electronic check,102.08,2853.56,0,248.9,1
CUST-002497,Male,0,No,No,21,No,No,DSL,Yes,No,Yes,No,Two year,Yes,Credit card,69.86,1500.45,1,123.4,0
CUST-002498,Female,0,No,Yes,20,Yes,No,DSL,No,Yes,No,No internet service,One year,No,Credit card,56.68,1000.42,0,140.1,0
CUST-002499,Male,0,No,Yes,56,Yes,Yes,Fiber optic,No,Yes,No,No,One year,No,Electronic check,87.6,4248.14,3,264.1,0
CUST-002500,Male,1,Yes,No,63,Yes,Yes,Fiber optic,No,No,No,Yes,Month-to-month,No,Credit card,146.7,8630.15,1,260.4,1
CUST-002501,Male,0,Yes,No,12,Yes,No,Fiber optic,No internet service,No internet service,No,No,Month-to-month,No,Credit card,47.9,561.24,2,104.2,0
CUST-002502,Male,1,Yes,Yes,26,Yes,Yes,Fiber optic,No,No internet service,No,Yes,Month-to-month,No,Credit card,76.17,1744.73,0,203.8,0
CUST-002503,Female,0,Yes,No,4,Yes,Yes,Fiber optic,No,Yes,Yes,Yes,Month-to-month,No,Credit card,96.08,388.52,0,189.7,1
CUST-002504,Female,0,No,No,53,Yes,No,DSL,No,No,No,No,One year,Yes,Credit card,50.91,2749.84,3,125.3,1
CUST-002505,Female,1,Yes,Yes,29,Yes,Yes,Fiber optic,No,No,No internet service,Yes,Month-to-month,Yes,Electronic check,109.72,3037.18,1,202.0,1
CUST-002506,Male,0,Yes,Yes,7,Yes,No,Fiber optic,No,No,Yes,No,Month-to-month,Yes,Electronic check,93.31,559.15,2,180.5,1
CUST-002507,Female,0,Yes,No,15,Yes,No,Fiber optic,No,No internet service,No internet service,Yes,Month-to-month,Yes,Mailed check,102.68,1468.14,1,159.2,1
CUST-002508,Female,0,Yes,No,11,Yes,Yes,Fiber optic,No,No,No,Yes,Month-to-month,Yes,Bank transfer,98.53,967.73,0,263.4,0
CUST-002509,Male,0,No,Yes,15,Yes,Yes,Fiber optic,No,No,No internet service,No,Month-to-month,Yes,Mailed check,91.91,1294.84,2,64.2,0
CUST-002510,Female,0,No,No,5,Yes,Yes,Fiber optic,No,Yes,Yes,No,Month-to-month,Yes,Mailed check,56.28,281.92,0,145.3,0
CUST-002511,Female,1,No,No,72,Yes,No phone service,Fiber optic,No internet service,Yes,No,Yes,Month-to-month,Yes,Mailed check,100.28,6215.89,3,127.5,0
CUST-002512,Female,0,Yes,No,12,Yes,Yes,No,No,No,Yes,Yes,Month-to-month,No,Mailed check,18.0,183.61,2,63.5,0
CUST-002513,Male,0,Yes,Yes,30,Yes,Yes,Fiber optic,No,No,Yes,Yes,One year,Yes,Mailed check,74.84,1968.37,0,196.7,1
CUST-002514,Female,0,No,No,41,Yes,No,Fiber optic,No internet service,No,No,No,Two year,No,Credit card,109.68,3863.02,1,102.4,1
CUST-002515,Male,1,No,No,63,Yes,Yes,DSL,Yes,No internet service,Yes,No,Two year,Yes,Credit card,105.69,6006.53,0,127.2,0
CUST-002516,Female,0,No,No,31,Yes,Yes,Fiber optic,No,No,No,Yes,One year,Yes,Credit card,165.48,4775.24,2,240.5,1
CUST-002517,Female,0,Yes,Yes,24,No,No,DSL,Yes,No internet service,No,Yes,Month-to-month,No,Electronic check,57.15,1379.81,1,38.9,0
CUST-002518,Female,0,No,No,32,Yes,No,Fiber optic,Yes,No,No internet service,No,One year,No,Mailed check,69.05,1891.46,0,230.8,0
CUST-002519,Female,0,Yes,Yes,12,Yes,Yes,No,No,No internet service,No internet service,Yes,Two year,No,Bank transfer,85.67,945.98,0,310.0,0
CUST-002520,Male,0,Yes,No,13,Yes,Yes,No,Yes,No,Yes,No,Month-to-month,No,Mailed check,126.1,1698.12,0,208.7,0
CUST-002521,Male,0,No,Yes,24,Yes,No,DSL,Yes,Yes,No internet service,No,Month-to-month,Yes,Mailed check,115.98,2686.92,1,252.1,1
CUST-002522,Female,0,No,No,3,Yes,Yes,Fiber optic,Yes,No internet service,Yes,No internet service,One year,No,Electronic check,63.95,194.79,0,417.4,1
CUST-002523,Female,0,Yes,No,17,Yes,No,DSL,No,No,No,No,Month-to-month,Yes,Mailed check,65.78,1058.74,1,203.0,1
CUST-002524,Male,0,No,No,20,Yes,Yes,Fiber optic,No internet service,Yes,No,Yes,One year,No,Credit card,120.51,2095.56,1,217.6,0
CUST-002525,Female,0,Yes,No,72,Yes,Yes,DSL,No,No,Yes,Yes,Month-to-month,No,Bank transfer,97.59,6235.3,1,275.8,0
CUST-002526,Female,0,Yes,No,69,Yes,Yes,Fiber optic,No,No,No internet service,No,Month-to-month,No,Mailed check,112.76,7792.73,1,136.6,0
CUST-002527,Female,0,No,No,41,Yes,Yes,DSL,No,Yes,Yes,No,One year,Yes,Bank transfer,56.54,2370.94,2,115.6,0
CUST-002528,Male,0,No,No,54,Yes,No,Fiber optic,Yes,No,No,Yes,One year,Yes,Electronic check,112.49,5731.25,2,178.9,0
CUST-002529,Female,1,Yes,No,12,Yes,No,DSL,No,Yes,No,No,One year,No,Bank transfer,97.88,1114.07,1,154.5,0
CUST-002530,Female,0,No,No,32,Yes,Yes,Fiber optic,Yes,Yes,Yes,No internet service,Two year,Yes,Bank transfer,67.04,2016.6,0,71.4,0
CUST-002531,Female,0,Yes,No,50,Yes,Yes,Fiber optic,No,No internet service,Yes,No,Two year,Yes,Electronic check,134.91,5758.32,1,64.8,1
CUST-002532,Female,0,No,No,13,Yes,No,DSL,No,No,No,No internet service,Month-to-month,Yes,Credit card,99.76,1127.11,3,56.9,1
CUST-002533,Female,0,No,No,7,Yes,No,DSL,No,No,Yes,Yes,Two year,No,Electronic check,47.74,350.36,2,134.6,1
CUST-002534,Female,0,No,Yes,38,Yes,No,Fiber optic,No,Yes,Yes,No,Month-to-month,Yes,Mailed check,122.75,4003.93,2,83.4,1
CUST-002535,Male,0,No,No,8,Yes,Yes,Fiber optic,Yes,No internet service,Yes,Yes,Month-to-month,Yes,Mailed check,119.39,878.54,2,231.3,1
CUST-002536,Female,0,Yes,No,43,Yes,No,No,No,Yes,No,No,Two year,No,Credit card,95.53,4059.25,1,309.3,0
CUST-002537,Female,0,No,Yes,63,No,Yes,DSL,Yes,Yes,Yes,Yes,Month-to-month,No,Mailed check,117.28,6908.08,0,224.8,0
CUST-002538,Female,0,No,No,13,Yes,Yes,DSL,Yes,No,No,No internet service,Two year,Yes,Bank transfer,69.69,948.07,0,115.8,0
CUST-002539,Female,0,Yes,No,14,Yes,No,DSL,No,Yes,No,Yes,Month-to-month,Yes,Electronic check,79.95,958.68,1,373.4,0
CUST-002540,Female,1,Yes,Yes,61,Yes,Yes,DSL,No internet service,Yes,No,No,Month-to-month,Yes,Electronic check,18.0,1125.35,2,127.4,0
CUST-002541,Female,1,Yes,No,31,Yes,Yes,DSL,No,Yes,No internet service,No,Month-to-month,Yes,Mailed check,103.47,2813.0,1,142.4,0
CUST-002542,Male,0,No,No,56,Yes,No,Fiber optic,No internet service,No,No,No,One year,Yes,Credit card,125.59,6266.07,1,156.1,0
CUST-002543,Female,0,Yes,Yes,24,Yes,Yes,DSL,Yes,No internet service,Yes,No internet service,Two year,Yes,Mailed check,110.68,2538.56,1,266.5,1
CUST-002544,Male,0,No,Yes,26,Yes,No,DSL,Yes,No,No internet service,Yes,Month-to-month,Yes,Bank transfer,41.9,1115.85,3,107.2,0
CUST-002545,Female,1,Yes,No,30,Yes,Yes,Fiber optic,No internet service,No,Yes,Yes,Month-to-month,Yes,Bank transfer,123.86,3466.2,2,333.4,0
CUST-002546,Male,0,No,No,72,Yes,Yes,DSL,Yes,No internet service,No,No,Month-to-month,Yes,Mailed check,100.56,6579.55,0,9.9,0
CUST-002547,Female,0,Yes,No,53,Yes,Yes,Fiber optic,Yes,No internet service,Yes,No,Month-to-month,No,Electronic check,75.47,3721.38,1,118.1,1
CUST-002548,Male,1,No,No,16,Yes,No,Fiber optic,No,No internet service,No,No,One year,No,Credit card,126.68,1761.08,1,261.7,1
CUST-002549,Female,0,No,No,34,Yes,No,No,Yes,No,No,No,One year,Yes,Electronic check,83.89,2902.64,1,400.1,0
CUST-002550,Male,1,No,Yes,23,Yes,No phone service,No,No,Yes,Yes,No,Month-to-month,No,Electronic check,19.06,452.86,0,322.6,0
CUST-002551,Male,0,Yes,No,20,Yes,No,Fiber optic,Yes,Yes,No,No,Month-to-month,No,Bank transfer,112.53,2217.28,1,235.8,1
CUST-002552,Male,0,No,No,43,Yes,No,DSL,No internet service,Yes,No,Yes,One year,Yes,Electronic check,46.98,1896.93,2,108.7,1
CUST-002553,Male,0,Yes,No,37,Yes,No phone service,Fiber optic,No,No,Yes,Yes,Month-to-month,No,Mailed check,44.72,1609.76,2,125.4,0
CUST-002554,Male,1,No,No,13,Yes,Yes,DSL,No,No,No,Yes,Month-to-month,No,Mailed check,81.0,1011.23,0,251.9,1
CUST-002555,Female,0,Yes,No,30,Yes,No,DSL,No,No,Yes,No internet service,One year,No,Electronic check,68.04,1756.07,2,253.1,0
CUST-002556,Male,0,Yes,Yes,19,No,Yes,DSL,No,No internet service,No internet service,No internet service,Month-to-month,Yes,Mailed check,112.11,1978.68,0,145.0,0
CUST-002557,Female,0,No,No,41,Yes,No,Fiber optic,Yes,Yes,No,No,Month-to-month,Yes,Mailed check,100.45,4041.77,2,144.8,1
CUST-002558,Male,0,No,Yes,18,Yes,Yes,Fiber optic,No internet service,No internet service,Yes,No,Month-to-month,Yes,Mailed check,118.36,2172.07,1,280.2,0
CUST-002559,Female,0,No,Yes,26,Yes,No,No,No,No,Yes,Yes,One year,Yes,Credit card,85.26,2043.5,2,253.5,1
CUST-002560,Male,0,No,No,20,Yes,Yes,Fiber optic,Yes,No,Yes,No,Month-to-month,No,Credit card,125.63,2547.38,1,216.6,1
CUST-002561,Female,0,Yes,Yes,5,Yes,No,Fiber optic,No,Yes,No,No,Two year,Yes,Electronic check,68.41,342.51,2,117.7,1
CUST-002562,Male,0,No,No,72,Yes,No,Fiber optic,Yes,Yes,No internet service,No,Month-to-month,Yes,Credit card,100.96,7529.51,0,221.1,0
CUST-002563,Female,0,Yes,No,30,Yes,No,DSL,Yes,No,No,Yes,Month-to-month,Yes,Mailed check,65.78,2067.83,1,142.3,1
CUST-002564,Male,0,Yes,No,72,Yes,No phone service,Fiber optic,Yes,No internet service,No,No,One year,No,Mailed check,114.61,7083.04,0,179.7,0
CUST-002565,Female,0,Yes,No,31,Yes,Yes,DSL,Yes,No,Yes,Yes,Month-to-month,Yes,Bank transfer,77.67,2257.4,3,200.7,1
CUST-002566,Female,0,Yes,No,48,Yes,No,Fiber optic,No internet service,No,Yes,Yes,Month-to-month,No,Bank transfer,76.58,3693.11,1,234.3,1
CUST-002567,Female,0,Yes,No,17,No,No,DSL,Yes,No,No,No,Month-to-month,No,Credit card,59.86,1032.55,0,4.4,0
CUST-002568,Female,0,Yes,No,18,Yes,No,No,Yes,No,Yes,Yes,One year,Yes,Electronic check,119.46,1863.29,1,274.8,0
CUST-002569,Female,0,Yes,Yes,29,Yes,No,Fiber optic,No,No,No internet service,Yes,Month-to-month,Yes,Electronic check,44.17,1244.18,0,268.6,1
CUST-002570,Female,1,No,No,72,Yes,Yes,DSL,No,Yes,Yes,Yes,Two year,No,Bank transfer,91.28,6767.36,1,247.5,0
CUST-002571,Female,1,Yes,Yes,13,Yes,No,DSL,No,No,No,No,Month-to-month,No,Bank transfer,107.24,1248.35,1,216.0,1
CUST-002572,Female,0,No,No,4,Yes,Yes,Fiber optic,No,Yes,No,Yes,Month-to-month,No,Credit card,112.37,413.27,1,65.1,0
CUST-002573,Male,0,No,No,60,Yes,Yes,DSL,No,No,No internet service,No internet service,Month-to-month,Yes,Credit card,129.13,7197.48,2,267.7,0
CUST-002574,Female,0,No,No,50,Yes,Yes,No,No,No internet service,Yes,No internet service,Month-to-month,Yes,Mailed check,98.16,4558.87,0,132.2,0
CUST-002575,Female,0,Yes,No,21,Yes,No,No,No internet service,No internet service,Yes,Yes,Two year,No,Mailed check,81.52,1647.53,3,120.4,0
CUST-002576,Female,0,Yes,Yes,72,Yes,Yes,No,No internet service,No,No,No,Month-to-month,No,Mailed check,56.0,3476.12,0,358.4,0
CUST-002577,Male,1,Yes,No,72,Yes,No phone service,DSL,No,No,No,No,Two year,No,Electronic check,82.08,5944.26,1,206.3,0
CUST-002578,Male,0,Yes,No,5,Yes,No,DSL,Yes,No,Yes,Yes,Month-to-month,Yes,Electronic check,90.45,395.53,2,159.1,1
CUST-002579,Female,0,Yes,No,17,Yes,No phone service,Fiber optic,No,No,No internet service,No,Month-to-month,Yes,Credit card,95.11,1637.26,2,138.8,0
CUST-002580,Male,0,Yes,No,29,Yes,No,No,Yes,Yes,No internet service,No,Month-to-month,Yes,Electronic check,47.72,1180.91,1,197.5,1
CUST-002581,Male,0,No,No,40,Yes,No,DSL,Yes,No,Yes,Yes,One year,Yes,Electronic check,33.87,1364.97,3,115.0,1
CUST-002582,Male,0,No,Yes,36,Yes,Yes,Fiber optic,No,No,No internet service,Yes,Month-to-month,Yes,Electronic check,100.56,3334.43,4,0.0,1
CUST-002583,Female,0,Yes,No,30,No,No,No,No,No internet service,No internet service,Yes,One year,Yes,Electronic check,25.59,753.26,1,78.4,0
CUST-002584,Female,1,Yes,No,12,Yes,Yes,DSL,Yes,No internet service,Yes,No internet service,Two year,No,Electronic check,55.85,593.73,1,179.9,1
CUST-002585,Male,1,No,No,44,Yes,Yes,No,No,No,No internet service,No,One year,No,Electronic check,18.0,758.26,0,249.6,0
CUST-002586,Male,1,No,No,45,Yes,Yes,DSL,No,Yes,No,Yes,Month-to-month,No,Mailed check,94.99,3889.1,0,238.2,0
CUST-002587,Female,0,No,No,57,No,No,No,No,No,No internet service,No,One year,Yes,Credit card,104.62,5073.59,0,238.9,0
CUST-002588,Female,0,No,No,10,Yes,No,DSL,No internet service,No internet service,No,No,Month-to-month,No,Credit card,72.37,720.09,0,100.3,0
CUST-002589,Female,0,No,No,25,Yes,Yes,DSL,Yes,Yes,Yes,No,Month-to-month,Yes,Electronic check,124.94,2737.0,3,200.4,1
CUST-002590,Female,1,Yes,No,20,No,No,DSL,Yes,No internet service,No,Yes,Month-to-month,Yes,Mailed check,110.42,2292.22,0,241.4,0
CUST-002591,Male,0,Yes,No,10,Yes,No phone service,Fiber optic,No,Yes,No,No,Two year,No,Electronic check,109.39,1048.81,2,244.1,0
CUST-002592,Female,0,Yes,No,25,Yes,No,Fiber optic,No,No internet service,No,No internet service,Month-to-month,No,Mailed check,91.6,1947.34,2,131.5,1
CUST-002593,Male,0,Yes,Yes,12,Yes,No,No,Yes,No internet service,No,No,One year,No,Bank transfer,59.52,742.06,0,236.5,0
CUST-002594,Female,0,No,No,8,Yes,No,No,Yes,No internet service,No,Yes,One year,No,Credit card,86.87,609.21,2,191.6,1
CUST-002595,Female,0,No,Yes,51,Yes,Yes,No,Yes,No,No,Yes,Month-to-month,Yes,Electronic check,65.76,3410.23,0,149.2,0
CUST-002596,Female,0,No,No,21,Yes,No,Fiber optic,No,No internet service,Yes,Yes,Month-to-month,Yes,Credit card,111.45,2143.45,3,84.3,1
CUST-002597,Male,0,Yes,Yes,16,Yes,Yes,Fiber optic,No,No,No internet service,No internet service,One year,No,Bank transfer,113.67,1752.6,2,159.0,0
CUST-002598,Male,0,No,Yes,67,Yes,No phone service,No,No,Yes,No internet service,No,Month-to-month,Yes,Credit card,63.11,4301.04,1,122.2,1
CUST-002599,Female,1,Yes,Yes,46,Yes,No,Fiber optic,No,No,No internet service,No internet service,Month-to-month,Yes,Electronic check,127.87,5058.86,0,89.8,1
CUST-002600,Female,1,Yes,No,4,Yes,Yes,DSL,Yes,No internet service,Yes,Yes,Month-to-month,Yes,Electronic check,63.14,249.04,1,149.8,1
CUST-002601,Female,0,No,Yes,40,No,Yes,Fiber optic,No,Yes,No,No internet service,Two year,Yes,Electronic check,95.64,3365.45,0,140.4,0
CUST-002602,Male,0,Yes,Yes,40,Yes,Yes,No,Yes,No,Yes,No,Month-to-month,Yes,Mailed check,40.67,1616.04,3,381.0,0
CUST-002603,Female,0,Yes,No,24,Yes,Yes,DSL,No,No,No internet service,No internet service,Month-to-month,No,Mailed check,61.88,1310.12,1,260.5,1
CUST-002604,Female,0,Yes,No,23,No,No,Fiber optic,No,No internet service,Yes,Yes,Month-to-month,Yes,Credit card,159.75,3139.16,0,122.5,0
CUST-002605,Male,0,Yes,Yes,6,Yes,No,DSL,Yes,Yes,No internet service,No internet service,Month-to-month,Yes,Bank transfer,42.99,227.26,0,280.0,0
CUST-002606,Male,1,Yes,No,72,Yes,No,Fiber optic,Yes,Yes,No internet service,No,Two year,No,Credit card,108.13,7591.97,1,218.8,0
CUST-002607,Female,0,No,Yes,25,Yes,No,DSL,Yes,Yes,No internet service,No,Month-to-month,No,Bank transfer,56.37,1475.57,2,58.4,0
CUST-002608,Female,0,Yes,No,39,No,No,DSL,No,No,Yes,Yes,One year,Yes,Electronic check,18.0,732.91,0,187.5,0
CUST-002609,Female,0,Yes,No,26,Yes,Yes,DSL,No,No,No internet service,Yes,One year,Yes,Bank transfer,86.77,2254.05,0,201.8,1
CUST-002610,Female,0,Yes,No,17,Yes,No,Fiber optic,No internet service,No,Yes,No internet service,Month-to-month,Yes,Bank transfer,78.32,1351.24,4,155.3,0
CUST-002611,Male,0,Yes,Yes,53,Yes,No,Fiber optic,No,No,Yes,No,One year,Yes,Bank transfer,104.57,5679.68,1,17.9,0
CUST-002612,Female,0,No,Yes,33,Yes,No phone service,Fiber optic,Yes,No,No,No internet service,Two year,Yes,Bank transfer,124.69,3932.41,1,0.0,0
CUST-002613,Female,0,No,No,25,Yes,Yes,No,No,Yes,No internet service,Yes,One year,Yes,Electronic check,77.04,1725.11,1,246.4,1
CUST-002614,Female,0,No,Yes,38,Yes,Yes,Fiber optic,Yes,Yes,No,No,One year,Yes,Mailed check,104.85,3913.42,1,186.6,1
CUST-002615,Male,0,No,No,28,Yes,Yes,DSL,No,No,No,No,Month-to-month,No,Electronic check,43.96,1081.15,1,117.4,1
CUST-002616,Female,1,No,Yes,72,Yes,No phone service,Fiber optic,No internet service,No internet service,No internet service,Yes,Two year,No,Electronic check,116.2,8504.56,1,275.3,1
CUST-002617,Female,0,Yes,No,52,Yes,Yes,No,No,No,No internet service,Yes,Month-to-month,No,Bank transfer,64.31,3118.09,1,185.6,0
CUST-002618,Male,0,No,No,43,Yes,Yes,DSL,Yes,No,No internet service,Yes,One year,No,Mailed check,18.0,699.15,1,72.8,0
CUST-002619,Male,0,Yes,Yes,7,Yes,No,Fiber optic,Yes,No internet service,No,Yes,Month-to-month,No,Electronic check,119.82,854.4,1,194.6,1
CUST-002620,Male,0,Yes,Yes,44,Yes,No phone service,DSL,No internet service,No,Yes,No,One year,Yes,Credit card,103.99,3990.96,1,257.7,0
CUST-002621,Male,1,No,No,43,Yes,No,DSL,Yes,Yes,No,Yes,Two year,No,Electronic check,114.43,5141.91,0,0.0,0
CUST-002622,Male,0,No,No,12,Yes,Yes,DSL,No,No,No,No,One year,No,Electronic check,135.12,1686.49,1,275.8,1
CUST-002623,Male,1,Yes,No,7,Yes,No,No,Yes,Yes,No,No,Month-to-month,Yes,Electronic check,93.21,634.02,1,283.2,1
CUST-002624,Female,0,No,No,51,Yes,Yes,DSL,No,No internet service,No internet service,No,One year,No,Credit card,85.42,4323.38,0,230.0,0
CUST-002625,Female,0,No,No,55,Yes,Yes,No,Yes,No internet service,No internet service,No,Two year,No,Electronic check,102.75,4845.38,0,174.5,0
CUST-002626,Male,0,No,Yes,18,Yes,No,DSL,Yes,Yes,Yes,Yes,One year,No,Electronic check,43.39,732.14,1,203.9,0
CUST-002627,Female,1,No,No,17,No,No,Fiber optic,Yes,No,No,No internet service,Two year,Yes,Credit card,44.84,782.82,0,95.8,0
CUST-002628,Male,0,No,No,33,Yes,Yes,DSL,No,Yes,No,Yes,Two year,No,Mailed check,55.69,1566.33,1,101.5,0
CUST-002629,Male,0,No,Yes,21,Yes,No,DSL,No,Yes,No,No,Two year,Yes,Credit card,108.32,2065.68,2,310.8,1
CUST-002630,Female,1,No,No,7,Yes,Yes,Fiber optic,No,Yes,No,No internet service,Month-to-month,No,Bank transfer,75.17,484.48,2,130.9,1
CUST-002631,Male,0,Yes,No,12,Yes,Yes,DSL,Yes,Yes,No,No,Month-to-month,No,Electronic check,83.97,992.52,2,143.9,1
CUST-002632,Male,0,No,No,37,Yes,Yes,Fiber optic,No internet service,No,No,No,Two year,Yes,Electronic check,112.2,4113.86,0,244.9,1
CUST-002633,Female,0,Yes,Yes,13,No,Yes,Fiber optic,Yes,No,No,No internet service,Two year,No,Mailed check,102.33,1148.07,0,3.1,0
CUST-002634,Male,0,No,No,57,Yes,Yes,No,No internet service,No,No internet service,No internet service,Month-to-month,No,Mailed check,31.67,1613.0,0,126.8,0
CUST-002635,Male,1,No,Yes,43,Yes,Yes,Fiber optic,No,No internet service,Yes,Yes,Month-to-month,Yes,Mailed check,105.28,4595.45,2,136.0,0
CUST-002636,Female,0,No,No,39,Yes,Yes,No,No,No internet service,Yes,No internet service,Month-to-month,No,Mailed check,57.35,1987.08,3,182.8,1
CUST-002637,Female,0,Yes,No,32,Yes,Yes,Fiber optic,No,Yes,No,No internet service,One year,Yes,Credit card,146.09,4241.43,1,232.5,0
CUST-002638,Female,0,Yes,Yes,16,Yes,Yes,DSL,No,No,No,Yes,Two year,Yes,Mailed check,104.11,1469.9,0,172.4,1
CUST-002639,Female,0,Yes,No,47,Yes,Yes,No,No,No internet service,No,Yes,One year,No,Mailed check,58.41,2747.7,2,182.3,0
CUST-002640,Male,1,Yes,No,15,Yes,No,DSL,No,No internet service,No,No,Month-to-month,Yes,Bank transfer,122.97,1577.89,2,48.3,1
CUST-002641,Female,0,No,Yes,59,No,No,No,No,No,No,No internet service,Month-to-month,Yes,Credit card,80.31,4313.73,0,0.0,0
CUST-002642,Male,0,Yes,No,72,Yes,Yes,Fiber optic,Yes,Yes,Yes,No,Two year,Yes,Electronic check,44.85,3088.67,1,156.7,0
CUST-002643,Female,0,No,No,33,Yes,No phone service,Fiber optic,Yes,No,No,No,Month-to-month,Yes,Credit card,92.65,2602.54,1,100.2,1
CUST-002644,Female,0,Yes,Yes,72,Yes,Yes,DSL,No,Yes,No,Yes,Month-to-month,No,Credit card,119.06,8921.92,0,154.7,1
CUST-002645,Female,0,No,No,12,Yes,No,DSL,No,Yes,No,No,Month-to-month,No,Electronic check,45.4,557.86,1,218.6,0
CUST-002646,Female,0,No,No,43,Yes,No,DSL,No,Yes,Yes,No,Two year,No,Electronic check,67.95,2861.96,0,60.6,0
CUST-002647,Male,0,No,Yes,29,Yes,Yes,DSL,No,No,No internet service,Yes,Month-to-month,No,Bank transfer,29.2,794.28,2,303.8,1
CUST-002648,Male,0,No,No,51,Yes,Yes,Fiber optic,No internet service,No,Yes,No internet service,Month-to-month,No,Bank transfer,58.97,2649.59,1,231.4,1
CUST-002649,Male,0,Yes,Yes,4,Yes,Yes,Fiber optic,No,No,No internet service,Yes,Month-to-month,Yes,Bank transfer,69.97,268.9,1,164.9,0
CUST-002650,Female,0,Yes,No,49,Yes,No,No,No internet service,No internet service,No internet service,No,Two year,Yes,Electronic check,33.18,1459.64,0,210.7,0
CUST-002651,Male,0,No,Yes,17,Yes,Yes,DSL,Yes,No,Yes,No internet service,Month-to-month,No,Bank transfer,51.45,855.09,4,125.9,1
CUST-002652,Male,0,Yes,No,31,Yes,No phone service,DSL,Yes,No,No,No,Month-to-month,No,Credit card,122.15,3328.87,1,124.4,0
CUST-002653,Male,0,No,No,72,Yes,Yes,DSL,Yes,No internet service,Yes,Yes,Month-to-month,Yes,Mailed check,68.92,4929.45,0,3.9,1
CUST-002654,Male,0,Yes,No,44,Yes,No,No,Yes,Yes,Yes,No internet service,Month-to-month,Yes,Electronic check,93.57,3765.23,1,0.0,1
CUST-002655,Female,0,Yes,No,40,Yes,Yes,No,No internet service,No,No,Yes,Two year,Yes,Bank transfer,102.75,3906.02,0,172.2,0
CUST-002656,Male,1,No,Yes,38,Yes,No phone service,Fiber optic,No,Yes,No,No internet service,One year,Yes,Electronic check,61.75,2070.37,3,26.2,0
CUST-002657,Female,1,No,No,64,Yes,Yes,No,Yes,No internet service,No internet service,No,Month-to-month,Yes,Electronic check,45.05,2598.77,0,242.4,0
CUST-002658,Male,0,No,No,53,Yes,Yes,Fiber optic,No,Yes,No,Yes,Two year,No,Electronic check,117.97,5877.76,0,156.7,1
CUST-002659,Female,0,Yes,No,38,No,No,Fiber optic,Yes,Yes,No,Yes,Month-to-month,Yes,Electronic check,75.97,2718.43,1,127.9,1
CUST-002660,Male,0,Yes,No,35,No,Yes,No,No,No,No,Yes,Two year,Yes,Bank transfer,90.99,3343.65,1,114.5,0
CUST-002661,Female,0,Yes,Yes,33,Yes,No,Fiber optic,No internet service,No internet service,Yes,Yes,Month-to-month,Yes,Electronic check,145.32,4397.92,0,0.0,1
CUST-002662,Female,0,No,Yes,28,Yes,Yes,Fiber optic,No,No internet service,Yes,No internet service,Month-to-month,No,Mailed check,51.34,1246.11,2,222.3,1
CUST-002663,Male,0,No,Yes,10,Yes,No phone service,DSL,No,No,No,Yes,Two year,Yes,Bank transfer,59.29,566.15,1,226.8,0
CUST-002664,Male,0,No,No,43,Yes,No,No,Yes,No internet service,No,No,Two year,Yes,Mailed check,64.05,2518.37,0,67.9,0
CUST-002665,Female,1,No,Yes,19,Yes,Yes,Fiber optic,Yes,Yes,No internet service,Yes,One year,Yes,Credit card,79.21,1543.43,0,224.1,0
CUST-002666,Male,1,Yes,Yes,26,Yes,No,DSL,No,Yes,No internet service,Yes,One year,Yes,Electronic check,51.76,1200.52,1,59.1,0
CUST-002667,Female,0,Yes,No,55,Yes,Yes,DSL,No internet service,Yes,No,Yes,Two year,Yes,Credit card,55.24,3102.2,1,37.5,0
CUST-002668,Male,0,Yes,No,29,Yes,No phone service,Fiber optic,Yes,Yes,Yes,No internet service,One year,Yes,Electronic check,94.54,2694.34,3,296.6,1
CUST-002669,Female,0,No,No,27,Yes,Yes,DSL,No,No,Yes,Yes,Month-to-month,No,Bank transfer,74.95,1796.1,1,17.7,1
CUST-002670,Female,0,No,No,33,Yes,Yes,DSL,Yes,No,No,No,Month-to-month,Yes,Mailed check,98.6,3029.52,1,13.2,1
CUST-002671,Male,0,Yes,No,23,Yes,No,DSL,No,No,No,Yes,One year,Yes,Electronic check,69.25,1510.62,1,103.6,1
CUST-002672,Male,0,No,No,72,Yes,Yes,DSL,Yes,No,Yes,Yes,One year,Yes,Electronic check,103.55,7115.0,2,225.5,1
CUST-002673,Female,0,Yes,Yes,72,Yes,No phone service,No,Yes,No,No,No,Two year,Yes,Electronic check,52.25,3496.21,3,140.5,0
CUST-002674,Male,0,No,No,72,Yes,No,No,No,No internet service,No internet service,Yes,Month-to-month,Yes,Credit card,33.96,2364.19,0,271.9,0
CUST-002675,Male,1,Yes,No,38,Yes,No,Fiber optic,No,No,Yes,No internet service,Month-to-month,No,Electronic check,85.86,3240.88,1,288.3,1
CUST-002676,Female,0,No,Yes,18,Yes,Yes,DSL,No,No,Yes,No internet service,Month-to-month,Yes,Bank transfer,83.87,1436.13,0,172.3,0
CUST-002677,Male,0,No,Yes,56,Yes,No,DSL,No internet service,No internet service,No,No,Two year,No,Electronic check,95.81,5207.23,2,133.4,0
CUST-002678,Female,1,Yes,Yes,23,Yes,No,Fiber optic,Yes,Yes,No internet service,Yes,Month-to-month,No,Mailed check,138.81,3262.54,0,258.2,1
CUST-002679,Female,0,No,No,59,Yes,No,DSL,No,Yes,Yes,No,Two year,Yes,Electronic check,78.71,4409.38,1,277.6,0
CUST-002680,Male,0,No,Yes,17,No,Yes,DSL,No,No,No internet service,No internet service,Month-to-month,Yes,Mailed check,92.59,1468.99,1,67.6,1
CUST-002681,Male,0,Yes,No,40,Yes,No,Fiber optic,No,No,Yes,No,Month-to-month,Yes,Bank transfer,136.06,4895.83,0,266.6,1
CUST-002682,Male,0,Yes,No,65,Yes,Yes,Fiber optic,No,Yes,Yes,Yes,Two year,Yes,Credit card,71.62,4079.46,4,135.3,0
CUST-002683,Male,0,Yes,No,24,Yes,No,DSL,Yes,Yes,Yes,Yes,Month-to-month,Yes,Credit card,63.7,1388.75,3,169.4,1
CUST-002684,Male,0,Yes,Yes,24,Yes,No,Fiber optic,No internet service,No,No internet service,Yes,Two year,No,Credit card,178.13,3981.07,2,265.6,0
CUST-002685,Female,0,Yes,No,8,Yes,No phone service,No,No internet service,No,Yes,No,Month-to-month,Yes,Electronic check,95.69,767.72,0,107.3,0
CUST-002686,Female,0,Yes,No,17,Yes,No,Fiber optic,No,No internet service,Yes,Yes,Month-to-month,Yes,Electronic check,110.32,1675.69,1,278.2,1
CUST-002687,Male,0,No,Yes,37,Yes,Yes,DSL,No internet service,No,No,Yes,One year,Yes,Electronic check,96.81,3547.71,0,68.4,1
CUST-002688,Female,0,No,No,41,Yes,No phone service,DSL,No internet service,No internet service,No internet service,No,Two year,Yes,Credit card,29.93,1062.45,2,183.2,0
CUST-002689,Male,0,Yes,Yes,46,Yes,No phone service,Fiber optic,Yes,No,Yes,No,Month-to-month,Yes,Credit card,75.6,3065.93,1,45.7,1
CUST-002690,Female,0,No,No,5,Yes,No phone service,DSL,No internet service,No,No internet service,No internet service,Month-to-month,Yes,Credit card,39.63,181.36,1,141.6,1
CUST-002691,Female,0,Yes,No,23,Yes,Yes,Fiber optic,No,No,No internet service,No,One year,Yes,Bank transfer,107.56,2335.22,1,272.3,1
CUST-002692,Female,1,No,Yes,9,Yes,Yes,Fiber optic,No,Yes,Yes,No,Two year,Yes,Mailed check,83.93,669.41,1,13.3,0
CUST-002693,Female,0,Yes,Yes,36,Yes,Yes,DSL,No,Yes,Yes,Yes,Two year,Yes,Credit card,72.86,2288.34,0,32.8,0
CUST-002694,Male,0,Yes,Yes,6,No,No,Fiber optic,No,Yes,Yes,No,Two year,Yes,Credit card,85.67,495.08,2,268.5,0
CUST-002695,Female,1,Yes,Yes,11,Yes,No,No,No,Yes,No,No,Month-to-month,Yes,Electronic check,21.21,217.52,0,131.9,0
CUST-002696,Female,0,No,No,52,Yes,Yes,DSL,No,No,Yes,No internet service,One year,No,Electronic check,96.55,4685.08,0,154.0,0
CUST-002697,Female,0,Yes,No,19,Yes,Yes,Fiber optic,No,No internet service,No,No,Two year,No,Credit card,42.13,729.77,1,246.4,0
CUST-002698,Female,0,No,Yes,72,No,No,Fiber optic,No internet service,No,No internet service,No,Two year,Yes,Bank transfer,73.17,4869.21,3,240.5,0
CUST-002699,Male,0,Yes,No,47,Yes,Yes,No,No internet service,Yes,No,No internet service,Two year,No,Credit card,30.54,1272.74,1,63.8,0
CUST-002700,Female,0,No,No,24,Yes,No,Fiber optic,No,Yes,Yes,Yes,Two year,No,Bank transfer,68.61,1488.71,1,172.1,0
CUST-002701,Male,0,Yes,No,58,Yes,Yes,DSL,No internet service,No,Yes,No,Two year,No,Credit card,76.06,4227.97,0,186.4,0
CUST-002702,Female,0,Yes,No,26,Yes,Yes,Fiber optic,No internet service,No,No,No internet service,Month-to-month,Yes,Mailed check,132.05,3276.96,0,164.6,1
CUST-002703,Male,0,Yes,No,50,Yes,Yes,No,No,No internet service,No,No internet service,Month-to-month,Yes,Credit card,23.17,1194.64,2,115.1,0
CUST-002704,Male,0,Yes,Yes,17,No,Yes,Fiber optic,Yes,No internet service,Yes,No,Two year,No,Mailed check,78.28,1352.79,2,211.5,0
CUST-002705,Female,0,No,Yes,60,Yes,Yes,DSL,No,No internet service,No,No,Month-to-month,Yes,Credit card,18.0,919.53,1,127.0,0
CUST-002706,Male,0,No,No,7,Yes,Yes,DSL,No internet service,No,Yes,Yes,Month-to-month,Yes,Mailed check,51.84,325.11,1,191.0,0
CUST-002707,Male,0,No,Yes,11,Yes,Yes,Fiber optic,Yes,No internet service,Yes,No,Month-to-month,No,Mailed check,97.16,1098.16,0,175.2,0
CUST-002708,Female,1,Yes,Yes,13,Yes,No phone service,DSL,No,No internet service,No,No,One year,No,Electronic check,93.01,1103.9,0,216.9,1
CUST-002709,Female,0,Yes,No,18,Yes,No,Fiber optic,No internet service,No,No,Yes,Two year,Yes,Credit card,31.44,535.15,0,24.8,0
CUST-002710,Female,0,No,No,38,Yes,Yes,Fiber optic,No,No,Yes,No internet service,Two year,No,Electronic check,111.52,4174.05,2,195.0,0
CUST-002711,Female,0,Yes,No,30,Yes,Yes,Fiber optic,No internet service,No,No,No internet service,Month-to-month,Yes,Electronic check,65.82,1893.02,1,313.1,1
CUST-002712,Female,1,Yes,No,50,Yes,No,DSL,No,No,Yes,No internet service,Month-to-month,No,Electronic check,33.51,1425.99,1,281.2,1
CUST-002713,Male,0,Yes,Yes,66,Yes,No,No,No internet service,No,Yes,Yes,Month-to-month,Yes,Credit card,72.02,4236.97,1,123.0,0
CUST-002714,Female,0,No,Yes,6,Yes,No,Fiber optic,No internet service,Yes,No,Yes,Two year,No,Mailed check,113.81,594.17,2,211.3,1
CUST-002715,Female,0,Yes,No,71,Yes,No,No,No,No,No,No,Month-to-month,Yes,Electronic check,66.99,4202.09,1,135.7,0
CUST-002716,Male,0,Yes,Yes,26,Yes,No,No,No,Yes,No,Yes,One year,No,Bank transfer,37.21,850.77,1,116.5,0
CUST-002717,Female,0,Yes,No,72,Yes,Yes,Fiber optic,No internet service,Yes,Yes,No,One year,Yes,Credit card,91.97,6453.39,0,196.1,0
CUST-002718,Male,0,No,Yes,16,Yes,Yes,Fiber optic,No,No internet service,Yes,No,One year,Yes,Bank transfer,73.24,1091.42,0,158.5,0
CUST-002719,Female,0,Yes,Yes,4,No,Yes,Fiber optic,No,No internet service,No internet service,No,One year,Yes,Bank transfer,113.12,390.63,2,2.8,0
CUST-002720,Male,0,Yes,Yes,47,Yes,Yes,Fiber optic,No,No internet service,Yes,No,One year,No,Bank transfer,127.26,5182.51,1,264.3,0
CUST-002721,Female,0,No,Yes,45,Yes,Yes,DSL,Yes,No internet service,Yes,Yes,One year,Yes,Mailed check,100.34,4696.41,1,216.6,0
CUST-002722,Female,0,No,No,11,Yes,Yes,DSL,No internet service,Yes,No,Yes,Month-to-month,Yes,Mailed check,69.41,672.59,1,256.3,1
CUST-002723,Male,0,No,Yes,13,Yes,Yes,Fiber optic,No,No,Yes,No internet service,Month-to-month,Yes,Electronic check,128.68,1506.84,1,231.8,1
CUST-002724,Male,0,Yes,No,53,Yes,Yes,DSL,Yes,Yes,No,No,Month-to-month,No,Mailed check,39.37,2013.31,2,281.3,0
CUST-002725,Female,1,Yes,No,39,Yes,No,Fiber optic,No,No,No,Yes,Month-to-month,Yes,Electronic check,148.49,5139.01,2,223.8,1
CUST-002726,Female,1,No,No,24,Yes,Yes,No,No,No,No,Yes,One year,No,Electronic check,39.2,836.9,0,80.0,0
CUST-002727,Male,0,No,Yes,42,Yes,No,DSL,No internet service,No internet service,Yes,Yes,Month-to-month,Yes,Bank transfer,18.0,653.58,1,77.4,0
CUST-002728,Male,1,Yes,Yes,37,Yes,No,Fiber optic,No,No internet service,No,Yes,Two year,Yes,Electronic check,135.96,5262.87,1,140.0,0
CUST-002729,Female,0,Yes,Yes,14,Yes,No,DSL,Yes,No,No,No,Month-to-month,No,Credit card,48.7,662.12,0,100.7,0
CUST-002730,Male,0,Yes,Yes,56,Yes,No,Fiber optic,Yes,No,Yes,No,One year,Yes,Bank transfer,98.5,5273.13,0,0.0,0
CUST-002731,Female,0,No,No,48,Yes,No,No,No,No,Yes,Yes,Month-to-month,Yes,Credit card,39.08,1927.66,2,86.2,0
CUST-002732,Female,0,No,No,30,Yes,Yes,Fiber optic,No internet service,No,Yes,No,Month-to-month,No,Mailed check,165.91,4822.38,4,280.7,1
CUST-002733,Female,0,Yes,Yes,53,Yes,No,No,No,Yes,No,Yes,Month-to-month,Yes,Credit card,124.65,5963.31,2,82.6,1
CUST-002734,Male,0,No,Yes,72,Yes,Yes,No,No internet service,No,No,No,One year,Yes,Bank transfer,116.4,7915.03,1,200.9,0
CUST-002735,Male,0,No,No,12,Yes,No,DSL,Yes,Yes,No,Yes,Month-to-month,Yes,Credit card,72.65,824.31,0,103.3,0
CUST-002736,Male,0,No,Yes,24,Yes,Yes,DSL,No,Yes,Yes,Yes,One year,Yes,Mailed check,99.42,2218.16,0,181.4,0
CUST-002737,Male,0,Yes,No,25,Yes,Yes,DSL,No internet service,No internet service,No internet service,Yes,One year,Yes,Bank transfer,68.41,1711.45,0,146.5,0
CUST-002738,Female,0,No,No,52,Yes,Yes,Fiber optic,No,No,No,No,Two year,No,Electronic check,128.67,5833.81,1,110.1,1
CUST-002739,Female,0,Yes,No,18,Yes,Yes,No,No,No,Yes,No,One year,Yes,Credit card,57.68,915.59,0,214.8,0
CUST-002740,Female,0,No,No,50,Yes,No,DSL,No,No,Yes,No,One year,No,Bank transfer,117.54,5432.98,1,133.0,0
CUST-002741,Male,1,Yes,No,20,Yes,No,No,No internet service,No,No internet service,No internet service,Two year,No,Bank transfer,56.17,970.95,2,73.1,0
CUST-002742,Male,1,No,No,11,Yes,Yes,DSL,No internet service,No internet service,Yes,Yes,Month-to-month,No,Electronic check,59.58,686.51,1,170.0,0
CUST-002743,Female,0,No,No,32,Yes,No phone service,Fiber optic,No,No internet service,Yes,Yes,One year,No,Mailed check,81.0,2460.35,3,312.7,0
CUST-002744,Female,0,Yes,No,20,Yes,No,Fiber optic,No internet service,Yes,No,Yes,Month-to-month,No,Credit card,100.77,1733.35,2,113.3,1
CUST-002745,Female,0,No,No,34,Yes,No,Fiber optic,Yes,No,No internet service,Yes,One year,No,Credit card,83.35,2753.49,1,170.4,1
CUST-002746,Female,0,No,No,40,Yes,No,Fiber optic,No,Yes,No,No,Month-to-month,Yes,Credit card,109.62,4411.98,2,246.4,1
CUST-002747,Male,1,Yes,Yes,7,Yes,No,DSL,No,No internet service,Yes,No,Month-to-month,No,Credit card,55.57,362.36,0,181.0,1
CUST-002748,Male,0,Yes,No,21,Yes,No phone service,Fiber optic,Yes,Yes,No,Yes,One year,No,Bank transfer,118.72,2358.83,2,46.4,0
CUST-002749,Female,0,Yes,No,32,Yes,No,No,No,No internet service,Yes,Yes,Month-to-month,No,Bank transfer,115.55,3661.1,1,68.5,1
CUST-002750,Female,0,No,No,53,Yes,No,Fiber optic,No,No internet service,No internet service,Yes,Month-to-month,No,Credit card,97.33,4625.78,0,8.3,1
CUST-002751,Male,1,Yes,Yes,49,Yes,Yes,DSL,No,No internet service,No internet service,Yes,Month-to-month,No,Mailed check,136.55,6487.09,1,159.0,1
CUST-002752,Female,0,Yes,No,15,Yes,No phone service,Fiber optic,No,No,No internet service,No,Two year,Yes,Electronic check,128.83,1886.38,1,56.6,0
CUST-002753,Female,1,Yes,Yes,26,Yes,No,Fiber optic,No,No,Yes,No,Month-to-month,Yes,Credit card,159.15,4183.05,0,110.2,1
CUST-002754,Male,0,No,No,42,Yes,Yes,DSL,No,No,No internet service,Yes,Month-to-month,Yes,Electronic check,68.16,2943.66,1,201.9,0
CUST-002755,Male,0,No,No,25,Yes,No,Fiber optic,No,Yes,No,No internet service,Two year,No,Mailed check,45.16,1172.0,1,160.6,0
CUST-002756,Male,0,No,Yes,16,Yes,Yes,DSL,No,Yes,Yes,No,Two year,Yes,Credit card,48.82,683.63,0,24.0,0
CUST-002757,Male,0,No,No,29,Yes,No,DSL,No,No,No,Yes,Month-to-month,Yes,Credit card,51.88,1524.34,2,163.8,1
CUST-002758,Male,0,No,No,39,Yes,No,Fiber optic,No,No,No internet service,Yes,Month-to-month,Yes,Mailed check,66.41,2551.33,2,169.6,1
CUST-002759,Male,0,No,No,14,Yes,Yes,DSL,No,No internet service,Yes,Yes,Month-to-month,Yes,Mailed check,18.0,232.88,3,308.5,0
CUST-002760,Male,0,No,Yes,45,Yes,No,Fiber optic,No,Yes,No,No,Two year,No,Mailed check,125.74,5853.84,2,190.1,0
CUST-002761,Female,0,No,No,33,Yes,No,Fiber optic,No,Yes,Yes,Yes,Month-to-month,Yes,Bank transfer,39.2,1322.07,1,258.6,0
CUST-002762,Male,0,No,No,46,No,No phone service,DSL,No internet service,No,No,Yes,Month-to-month,No,Electronic check,97.87,4523.79,3,346.9,1
CUST-002763,Female,1,Yes,Yes,29,Yes,No phone service,Fiber optic,No,Yes,No,No internet service,Month-to-month,Yes,Mailed check,160.57,4011.5,1,288.2,1
CUST-002764,Male,0,No,No,72,Yes,Yes,Fiber optic,No,No,Yes,No internet service,One year,Yes,Electronic check,71.65,4567.61,0,78.6,0
CUST-002765,Female,1,No,No,39,Yes,Yes,DSL,No internet service,Yes,Yes,No,Month-to-month,No,Credit card,81.63,3290.63,2,159.3,0
CUST-002766,Male,0,No,No,50,Yes,Yes,DSL,No,No,No,No internet service,One year,No,Credit card,58.04,3036.84,1,435.9,0
CUST-002767,Female,0,No,No,45,Yes,Yes,No,No internet service,Yes,Yes,Yes,Month-to-month,Yes,Electronic check,94.81,3863.2,2,101.8,0
CUST-002768,Male,0,No,No,26,Yes,Yes,No,No,No,No,No,One year,Yes,Mailed check,34.17,804.39,1,172.5,0
CUST-002769,Female,0,No,Yes,36,Yes,No,DSL,No internet service,No,No internet service,No internet service,Two year,Yes,Bank transfer,66.05,2311.24,2,263.7,0
CUST-002770,Female,0,Yes,No,18,Yes,No,DSL,No,No,No internet service,No internet service,Month-to-month,Yes,Electronic check,103.64,1614.04,2,215.0,1
CUST-002771,Female,1,No,No,72,Yes,No,Fiber optic,No,No internet service,No,No,Month-to-month,No,Electronic check,93.53,6526.1,1,135.9,0
CUST-002772,Male,0,No,No,42,Yes,No,Fiber optic,No internet service,No,Yes,No internet service,Month-to-month,Yes,Electronic check,46.14,2022.69,0,266.1,1
CUST-002773,Male,0,No,Yes,15,Yes,Yes,No,No internet service,No,Yes,Yes,One year,No,Mailed check,107.25,1462.98,1,54.7,0
CUST-002774,Male,0,No,Yes,72,Yes,Yes,Fiber optic,Yes,No,Yes,No,Month-to-month,No,Electronic check,56.12,4034.83,2,142.9,1
CUST-002775,Female,1,No,No,27,Yes,Yes,Fiber optic,Yes,No,No internet service,No,One year,No,Electronic check,97.36,2510.43,0,220.7,1
CUST-002776,Male,0,Yes,Yes,55,Yes,Yes,DSL,No,No internet service,No,No,Month-to-month,No,Mailed check,87.48,4366.13,0,84.5,1
CUST-002777,Male,0,No,Yes,6,Yes,No,DSL,No,Yes,No,Yes,One year,Yes,Bank transfer,73.6,411.76,1,296.8,0
CUST-002778,Male,0,Yes,No,64,Yes,No phone service,DSL,Yes,No,No internet service,No,One year,Yes,Credit card,146.12,8979.83,0,240.3,0
CUST-002779,Female,1,No,No,40,Yes,No,Fiber optic,Yes,Yes,No,No,Month-to-month,Yes,Mailed check,117.01,4691.43,2,294.8,1
CUST-002780,Male,0,Yes,Yes,14,Yes,No phone service,No,No,Yes,No,No,Month-to-month,Yes,Mailed check,63.93,857.56,1,356.5,0
CUST-002781,Female,0,Yes,Yes,40,Yes,Yes,Fiber optic,No,No,Yes,Yes,One year,Yes,Electronic check,113.08,4681.63,3,204.1,0
CUST-002782,Female,0,No,No,72,Yes,Yes,No,Yes,No,Yes,Yes,Month-to-month,No,Bank transfer,76.3,4797.95,1,55.1,1
CUST-002783,Male,0,No,No,19,Yes,Yes,Fiber optic,No,No,No,No internet service,One year,Yes,Electronic check,96.33,1906.32,1,213.8,0
CUST-002784,Female,0,Yes,Yes,19,Yes,Yes,No,Yes,No,Yes,Yes,Two year,Yes,Credit card,77.31,1410.39,0,207.4,0
CUST-002785,Female,0,No,No,26,Yes,Yes,No,No,Yes,Yes,No,Month-to-month,No,Electronic check,56.98,1375.29,0,280.3,0
CUST-002786,Female,1,Yes,Yes,32,Yes,No,Fiber optic,No internet service,No,No internet service,Yes,Month-to-month,Yes,Electronic check,101.39,2807.08,0,109.8,1
CUST-002787,Male,1,Yes,Yes,57,No,No,No,No,No,No,Yes,Month-to-month,No,Mailed check,54.84,2841.96,0,63.5,0
CUST-002788,Male,0,Yes,No,42,Yes,No phone service,Fiber optic,No internet service,No,No internet service,No,Month-to-month,Yes,Bank transfer,38.11,1500.88,2,150.6,0
CUST-002789,Female,1,Yes,No,26,Yes,Yes,Fiber optic,No internet service,No,Yes,No,Two year,No,Bank transfer,129.21,3485.04,1,308.2,0
CUST-002790,Male,0,No,No,37,No,No,Fiber optic,No,No,No internet service,Yes,Two year,No,Electronic check,78.04,2891.06,1,203.3,0
CUST-002791,Female,0,No,Yes,72,Yes,No,DSL,Yes,Yes,No,Yes,Month-to-month,No,Credit card,74.24,4606.71,1,160.5,0
CUST-002792,Female,0,No,No,47,Yes,No,Fiber optic,No,No,Yes,No,Two year,Yes,Electronic check,72.19,3106.38,0,171.5,0
CUST-002793,Male,1,No,Yes,28,Yes,No,DSL,No internet service,No,No internet service,No,Month-to-month,No,Credit card,48.09,1276.96,2,182.1,1
CUST-002794,Male,0,Yes,Yes,25,Yes,Yes,No,No,Yes,Yes,No,Two year,No,Mailed check,38.83,990.19,1,282.8,0
CUST-002795,Male,0,No,No,36,Yes,Yes,No,No,No,No internet service,No,Two year,Yes,Electronic check,98.45,3562.89,1,199.6,0
CUST-002796,Male,0,No,No,57,Yes,Yes,Fiber optic,Yes,Yes,No,No,Month-to-month,No,Bank transfer,130.69,6654.03,1,347.0,1
CUST-002797,Female,0,No,No,17,Yes,Yes,DSL,Yes,No internet service,No,Yes,One year,Yes,Mailed check,70.78,1034.89,0,181.1,0
CUST-002798,Male,0,Yes,No,52,Yes,Yes,Fiber optic,No internet service,No,No internet service,Yes,One year,No,Electronic check,78.9,3596.01,1,176.5,0
CUST-002799,Male,0,Yes,No,28,Yes,No,Fiber optic,No internet service,Yes,Yes,Yes,Month-to-month,Yes,Electronic check,44.21,1176.74,3,261.4,0
CUST-002800,Male,0,Yes,No,31,Yes,No phone service,No,Yes,No,No,Yes,Month-to-month,Yes,Bank transfer,93.86,2525.59,0,183.7,0
CUST-002801,Male,0,Yes,Yes,72,Yes,Yes,No,No,Yes,No,No internet service,One year,No,Credit card,49.7,3220.6,2,408.7,0
CUST-002802,Female,0,No,No,48,No,Yes,Fiber optic,No,No internet service,Yes,Yes,Month-to-month,No,Mailed check,61.48,2993.26,1,125.1,0
CUST-002803,Female,0,Yes,Yes,20,Yes,Yes,Fiber optic,No,Yes,Yes,No,Month-to-month,No,Mailed check,95.88,1784.08,1,154.1,0
CUST-002804,Female,1,No,No,40,Yes,Yes,Fiber optic,No,Yes,Yes,No,Month-to-month,No,Mailed check,84.98,3566.38,0,25.4,1
CUST-002805,Male,0,No,Yes,59,Yes,Yes,Fiber optic,No internet service,No internet service,Yes,No,One year,Yes,Electronic check,49.46,2921.54,2,297.1,1
CUST-002806,Male,0,Yes,No,49,Yes,No,Fiber optic,No,No internet service,No,No,Month-to-month,No,Mailed check,53.58,2370.64,3,349.9,1
CUST-002807,Male,0,No,No,3,Yes,Yes,Fiber optic,No,Yes,No internet service,No,Month-to-month,Yes,Mailed check,105.1,268.47,1,213.2,0
CUST-002808,Female,0,Yes,Yes,30,Yes,Yes,Fiber optic,No,No,No,Yes,Month-to-month,No,Bank transfer,75.33,2159.18,1,313.9,1
CUST-002809,Female,0,No,No,42,Yes,No phone service,Fiber optic,No internet service,No internet service,No,Yes,Month-to-month,Yes,Electronic check,110.31,4592.02,2,50.9,1
CUST-002810,Male,0,Yes,No,39,Yes,No,No,No,Yes,No,Yes,One year,Yes,Electronic check,74.4,2738.78,2,254.5,1
CUST-002811,Female,0,No,No,21,Yes,Yes,DSL,No internet service,No internet service,Yes,No,Month-to-month,Yes,Bank transfer,101.43,2196.62,1,233.5,1
CUST-002812,Male,0,Yes,Yes,49,Yes,Yes,DSL,No internet service,No,No,Yes,One year,No,Electronic check,45.04,2214.67,0,360.9,0
CUST-002813,Female,0,Yes,No,65,Yes,No phone service,Fiber optic,Yes,No internet service,No internet service,No internet service,Month-to-month,No,Mailed check,101.98,6324.23,2,240.9,1
CUST-002814,Male,0,No,Yes,7,Yes,No phone service,No,No,No,Yes,Yes,One year,Yes,Mailed check,89.15,532.79,0,238.8,0
CUST-002815,Male,0,Yes,Yes,6,Yes,No,Fiber optic,Yes,No internet service,Yes,No,Month-to-month,Yes,Electronic check,76.21,419.62,0,154.1,1
CUST-002816,Male,0,Yes,Yes,40,Yes,Yes,No,No internet service,No,No,No internet service,Two year,No,Electronic check,103.82,3940.37,0,270.9,0
CUST-002817,Female,1,Yes,No,52,Yes,No,Fiber optic,Yes,No internet service,No,No internet service,Month-to-month,Yes,Bank transfer,45.01,2106.66,1,62.9,0
CUST-002818,Male,0,No,Yes,19,Yes,No,No,Yes,No,Yes,No,Two year,No,Bank transfer,45.01,870.22,0,148.4,0
CUST-002819,Male,0,No,No,4,Yes,Yes,Fiber optic,No,Yes,Yes,No,Month-to-month,No,Mailed check,43.89,164.13,1,160.2,1
CUST-002820,Male,0,Yes,No,30,Yes,Yes,No,No internet service,No,Yes,No,Month-to-month,Yes,Electronic check,47.92,1280.66,0,9.3,0
CUST-002821,Male,0,Yes,No,40,Yes,Yes,Fiber optic,No internet service,Yes,Yes,No internet service,One year,No,Bank transfer,90.36,3635.54,0,238.4,0
CUST-002822,Male,1,No,No,24,No,Yes,No,No,Yes,Yes,No,Month-to-month,Yes,Mailed check,94.95,2214.1,0,42.6,0
CUST-002823,Male,0,Yes,No,60,Yes,No,DSL,No,No,No,Yes,Month-to-month,Yes,Mailed check,65.34,3486.93,0,284.2,1
CUST-002824,Male,1,No,Yes,38,Yes,No,Fiber optic,No,No,No internet service,Yes,Two year,Yes,Credit card,77.14,2803.91,0,91.2,1
CUST-002825,Female,0,Yes,No,17,Yes,No phone service,DSL,No,No,No,No,One year,No,Mailed check,23.52,395.46,1,174.5,0
CUST-002826,Male,1,Yes,No,19,Yes,No phone service,Fiber optic,Yes,Yes,Yes,Yes,One year,Yes,Credit card,58.57,1045.79,0,254.1,0
CUST-002827,Male,0,Yes,Yes,31,Yes,No,DSL,Yes,Yes,Yes,Yes,Two year,Yes,Electronic check,79.31,2238.4,1,376.9,0
CUST-002828,Female,0,No,No,23,Yes,Yes,Fiber optic,No,No,No internet service,No,Month-to-month,No,Bank transfer,121.44,2759.5,2,134.2,1
CUST-002829,Male,0,No,No,6,Yes,No,DSL,Yes,No,Yes,Yes,Month-to-month,Yes,Mailed check,57.42,340.22,2,122.3,1
CUST-002830,Female,0,Yes,No,36,Yes,Yes,No,No,Yes,No internet service,Yes,Two year,Yes,Credit card,106.33,3266.68,0,280.0,0
CUST-002831,Female,1,No,No,19,Yes,No,DSL,No internet service,No internet service,No,No,Month-to-month,No,Bank transfer,41.5,707.19,3,203.0,1
CUST-002832,Female,0,Yes,No,22,Yes,Yes,DSL,No,No internet service,Yes,Yes,Month-to-month,No,Electronic check,58.28,1255.65,1,236.9,0
CUST-002833,Female,0,No,Yes,12,Yes,No,No,No,No internet service,Yes,No internet service,Month-to-month,No,Mailed check,60.82,653.04,0,217.3,1
CUST-002834,Male,0,Yes,No,72,Yes,Yes,DSL,Yes,No,No,No internet service,Month-to-month,Yes,Credit card,115.88,8698.39,0,177.6,0
CUST-002835,Male,1,No,No,46,Yes,No,Fiber optic,No,No,Yes,No internet service,Month-to-month,No,Bank transfer,99.01,4019.57,1,163.5,1
CUST-002836,Male,1,No,No,72,Yes,No,DSL,Yes,No,No internet service,Yes,Month-to-month,Yes,Credit card,18.0,1295.54,2,333.8,0
CUST-002837,Female,0,Yes,No,24,Yes,Yes,Fiber optic,Yes,No,Yes,Yes,One year,Yes,Electronic check,123.55,3112.46,1,64.0,0
CUST-002838,Male,0,No,No,48,Yes,No phone service,DSL,No internet service,No internet service,Yes,Yes,One year,Yes,Bank transfer,125.38,5532.57,2,52.7,0
CUST-002839,Male,0,No,Yes,36,Yes,Yes,Fiber optic,No internet service,No internet service,Yes,No internet service,Two year,No,Electronic check,87.51,3057.74,1,98.4,0
CUST-002840,Male,0,No,No,18,Yes,Yes,No,No,No,No,No internet service,Month-to-month,Yes,Credit card,43.09,675.64,4,337.7,1
CUST-002841,Male,1,Yes,No,24,Yes,No,DSL,No,Yes,No internet service,Yes,Month-to-month,Yes,Mailed check,95.93,2243.25,3,367.6,0
CUST-002842,Female,0,No,No,46,Yes,Yes,DSL,Yes,No,No internet service,Yes,One year,No,Electronic check,128.93,6212.42,1,265.6,0
CUST-002843,Male,0,Yes,Yes,12,Yes,No,Fiber optic,No,Yes,No,Yes,Month-to-month,Yes,Electronic check,120.46,1509.97,0,16.0,1
CUST-002844,Female,0,No,No,60,No,No,Fiber optic,Yes,No,No,Yes,Month-to-month,Yes,Mailed check,46.31,2590.63,0,243.2,1
CUST-002845,Female,0,Yes,Yes,34,No,Yes,DSL,No internet service,No,No internet service,Yes,One year,Yes,Mailed check,92.64,3194.26,2,176.0,0
CUST-002846,Female,0,No,No,55,Yes,No,DSL,No internet service,No,No,Yes,One year,Yes,Bank transfer,82.13,4586.14,1,98.9,1
CUST-002847,Female,0,No,No,40,Yes,No,No,Yes,Yes,Yes,No,Month-to-month,Yes,Mailed check,41.36,1514.57,0,314.4,0
CUST-002848,Male,1,No,Yes,7,Yes,Yes,DSL,No,No,No internet service,No,One year,Yes,Bank transfer,108.66,771.72,0,310.4,0
CUST-002849,Male,0,No,Yes,30,Yes,Yes,Fiber optic,Yes,No,No,Yes,One year,Yes,Credit card,108.15,2863.22,3,126.2,0
CUST-002850,Female,0,No,No,61,Yes,No,DSL,Yes,No,No,Yes,Two year,No,Bank transfer,109.45,6981.99,2,275.6,0
CUST-002851,Male,0,No,Yes,34,Yes,No,DSL,Yes,No,Yes,No,Month-to-month,Yes,Electronic check,38.16,1326.92,1,131.7,0
CUST-002852,Male,0,No,No,30,Yes,No,Fiber optic,Yes,No,No internet service,No,One year,No,Bank transfer,106.96,3055.25,1,192.3,1
CUST-002853,Male,1,Yes,No,34,Yes,Yes,DSL,No internet service,No internet service,No internet service,Yes,One year,No,Mailed check,43.15,1360.01,0,62.3,0
CUST-002854,Male,0,No,No,5,Yes,No,Fiber optic,Yes,No,No internet service,Yes,Month-to-month,No,Electronic check,102.43,532.22,2,114.6,1
CUST-002855,Female,0,Yes,No,65,Yes,Yes,Fiber optic,No,No internet service,Yes,No internet service,One year,No,Mailed check,139.32,7826.07,2,54.8,0
CUST-002856,Male,1,No,No,3,Yes,No,Fiber optic,No,No internet service,Yes,Yes,One year,Yes,Credit card,52.21,148.74,0,143.5,0
CUST-002857,Female,0,Yes,No,72,Yes,Yes,DSL,No,No,Yes,No internet service,Month-to-month,No,Mailed check,28.93,1973.37,0,27.1,0
CUST-002858,Female,0,Yes,No,23,Yes,Yes,DSL,Yes,Yes,Yes,No,Month-to-month,Yes,Mailed check,98.66,2101.95,3,426.4,1
CUST-002859,Male,0,Yes,Yes,42,Yes,No phone service,Fiber optic,No,Yes,Yes,No,Month-to-month,Yes,Electronic check,94.58,3465.85,2,131.4,0
CUST-002860,Female,0,No,No,5,Yes,Yes,DSL,No,No,No,Yes,One year,Yes,Mailed check,105.14,473.27,0,214.8,0
CUST-002861,Female,0,Yes,No,52,Yes,Yes,DSL,No,Yes,No internet service,No,Month-to-month,No,Electronic check,45.78,2491.63,1,232.9,1
CUST-002862,Female,0,No,No,46,Yes,No,Fiber optic,No,No internet service,Yes,No,Month-to-month,Yes,Bank transfer,96.54,4492.11,0,40.7,0
CUST-002863,Male,0,Yes,No,44,Yes,No,Fiber optic,No internet service,No,Yes,Yes,Month-to-month,No,Electronic check,115.64,5178.17,0,230.1,1
CUST-002864,Male,0,No,No,4,Yes,No,Fiber optic,Yes,No,Yes,No internet service,One year,No,Mailed check,101.31,385.74,1,118.4,0
CUST-002865,Male,0,No,No,16,Yes,No,Fiber optic,No internet service,No,No,No,One year,No,Bank transfer,41.34,649.74,0,202.5,0
CUST-002866,Female,0,Yes,No,40,No,No phone service,No,No,No,No,No,Month-to-month,No,Electronic check,154.68,5883.96,0,178.3,1
CUST-002867,Male,0,No,Yes,64,Yes,No,No,No internet service,Yes,No,Yes,Month-to-month,Yes,Electronic check,76.37,4816.65,0,155.9,0
CUST-002868,Female,0,No,No,14,No,No,Fiber optic,No internet service,No,No internet service,Yes,Month-to-month,Yes,Credit card,54.79,784.43,2,112.8,1
CUST-002869,Male,0,No,No,14,Yes,No,DSL,No,No,Yes,Yes,Month-to-month,Yes,Electronic check,79.43,999.12,2,297.8,1
CUST-002870,Female,1,No,Yes,38,Yes,Yes,Fiber optic,No,No,No,Yes,One year,Yes,Bank transfer,107.87,4263.93,2,314.5,1
CUST-002871,Female,0,Yes,Yes,72,Yes,Yes,Fiber optic,No,No internet service,No,No internet service,Month-to-month,No,Mailed check,124.82,9280.95,1,238.0,1
CUST-002872,Male,0,No,No,18,Yes,Yes,Fiber optic,No internet service,No,No internet service,Yes,One year,Yes,Electronic check,122.81,2064.44,1,216.1,0
CUST-002873,Male,0,No,No,23,Yes,No,Fiber optic,No,No,Yes,Yes,One year,Yes,Bank transfer,88.58,2129.87,1,99.3,1
CUST-002874,Female,0,No,No,20,Yes,Yes,Fiber optic,No internet service,No,Yes,No,Two year,Yes,Credit card,43.34,889.73,2,224.5,0
CUST-002875,Female,0,No,No,28,Yes,Yes,Fiber optic,Yes,No,No,No internet service,Month-to-month,Yes,Mailed check,108.84,2614.84,0,144.7,1
CUST-002876,Male,0,No,No,68,Yes,Yes,Fiber optic,Yes,No internet service,No,Yes,Month-to-month,Yes,Electronic check,45.73,2669.24,2,21.2,1
CUST-002877,Male,0,No,No,29,Yes,No,DSL,Yes,No,Yes,No internet service,Month-to-month,No,Credit card,106.46,3060.89,0,134.9,1
CUST-002878,Male,0,No,Yes,72,Yes,Yes,DSL,No,No,No,No internet service,Two year,Yes,Credit card,48.02,3480.53,0,166.7,0
CUST-002879,Male,0,No,No,33,Yes,No phone service,Fiber optic,No internet service,No,Yes,Yes,One year,Yes,Bank transfer,114.05,3386.26,2,267.7,1
CUST-002880,Female,0,Yes,No,72,Yes,Yes,DSL,Yes,No internet service,Yes,No,One year,Yes,Electronic check,50.31,3440.63,1,199.4,0
CUST-002881,Male,0,No,No,24,Yes,No,Fiber optic,No,Yes,No internet service,No,One year,No,Credit card,80.24,1844.56,0,169.2,0
CUST-002882,Male,0,No,Yes,10,Yes,No,No,No,No internet service,Yes,Yes,Month-to-month,Yes,Mailed check,45.97,431.72,1,171.2,1
CUST-002883,Male,0,No,No,29,Yes,Yes,Fiber optic,No,No internet service,Yes,No internet service,One year,Yes,Credit card,116.48,2917.99,0,266.3,1
CUST-002884,Male,0,Yes,No,44,Yes,No,DSL,Yes,No,Yes,No,Two year,Yes,Electronic check,51.36,2019.78,1,90.5,0
CUST-002885,Male,0,Yes,Yes,16,Yes,No,Fiber optic,Yes,No internet service,No,No,Month-to-month,No,Credit card,118.06,1913.27,2,193.8,1
CUST-002886,Male,0,No,No,65,Yes,No,Fiber optic,No,No,No,No,Two year,Yes,Bank transfer,77.14,4335.52,1,284.1,0
CUST-002887,Male,0,Yes,Yes,21,Yes,Yes,DSL,Yes,No internet service,Yes,Yes,Two year,No,Mailed check,63.06,1290.34,0,191.2,0
CUST-002888,Female,0,Yes,No,12,No,No,DSL,No,No,No,No,Two year,Yes,Electronic check,71.07,833.05,1,164.7,0
CUST-002889,Female,0,No,No,72,Yes,Yes,No,Yes,No,Yes,No internet service,Two year,Yes,Mailed check,74.61,5594.12,0,164.1,0
CUST-002890,Male,0,Yes,Yes,15,Yes,Yes,DSL,Yes,No,No,No,Month-to-month,No,Credit card,42.27,664.22,1,11.7,0
CUST-002891,Female,1,No,Yes,20,Yes,Yes,Fiber optic,Yes,No,Yes,No,One year,Yes,Bank transfer,116.11,2412.87,0,197.7,0
CUST-002892,Male,0,Yes,Yes,49,No,No,DSL,No,Yes,No,No,Month-to-month,Yes,Electronic check,61.86,2904.62,1,69.4,1
CUST-002893,Male,0,Yes,Yes,23,No,No,Fiber optic,No internet service,No,Yes,No,One year,Yes,Bank transfer,111.32,2197.64,0,189.1,1
CUST-002894,Female,0,No,No,13,Yes,Yes,DSL,No,Yes,No,Yes,Month-to-month,No,Credit card,69.51,818.24,4,128.8,1
CUST-002895,Female,0,No,Yes,19,Yes,No,No,No,No internet service,No internet service,Yes,Two year,Yes,Mailed check,87.59,1572.91,0,357.7,1
CUST-002896,Female,0,No,Yes,72,Yes,No,Fiber optic,No,No,No,No,Month-to-month,Yes,Electronic check,82.66,5105.34,1,152.7,0
CUST-002897,Male,0,No,No,45,Yes,No,DSL,Yes,No,No,No internet service,Month-to-month,No,Credit card,46.31,1786.9,2,0.0,0
CUST-002898,Male,0,No,No,52,Yes,No phone service,Fiber optic,No,No internet service,No,No,Month-to-month,Yes,Mailed check,107.81,5128.3,0,174.0,1
CUST-002899,Female,1,Yes,No,37,Yes,Yes,Fiber optic,No,No,No,Yes,One year,Yes,Bank transfer,80.19,2751.76,1,54.2,0
CUST-002900,Male,0,Yes,No,41,Yes,Yes,No,No internet service,Yes,Yes,Yes,Month-to-month,No,Credit card,113.76,4506.51,1,217.7,1
CUST-002901,Female,0,Yes,No,22,Yes,Yes,Fiber optic,Yes,No,Yes,Yes,Month-to-month,No,Mailed check,97.03,2212.72,0,261.6,1
CUST-002902,Male,0,Yes,Yes,34,Yes,No phone service,Fiber optic,No,No internet service,No,No internet service,Month-to-month,No,Bank transfer,53.79,1697.65,1,94.1,0
CUST-002903,Male,0,No,No,4,Yes,No,DSL,Yes,No internet service,Yes,Yes,Month-to-month,No,Credit card,52.44,180.3,2,209.2,1
CUST-002904,Female,0,No,No,58,Yes,Yes,Fiber optic,No,No,No,No,Two year,Yes,Bank transfer,65.02,3612.85,1,202.5,1
CUST-002905,Female,0,No,No,22,Yes,Yes,Fiber optic,No,No,Yes,No,Month-to-month,Yes,Bank transfer,127.19,2578.73,1,85.9,0
CUST-002906,Male,0,No,Yes,11,Yes,Yes,Fiber optic,No internet service,No,No,No internet service,Month-to-month,No,Mailed check,118.21,1339.56,0,136.2,0
CUST-002907,Male,0,Yes,No,35,Yes,No,DSL,No,No,Yes,Yes,Month-to-month,No,Electronic check,68.17,2233.92,0,306.0,1
CUST-002908,Male,0,No,No,26,Yes,Yes,Fiber optic,No,No,No,Yes,Month-to-month,No,Electronic check,103.7,2465.35,3,165.0,1
CUST-002909,Male,0,No,Yes,57,Yes,Yes,DSL,Yes,No,No,Yes,Month-to-month,No,Mailed check,67.37,3820.01,1,150.2,0
CUST-002910,Female,0,Yes,No,29,Yes,Yes,Fiber optic,No,No internet service,Yes,Yes,Month-to-month,No,Electronic check,120.81,3323.64,0,195.0,1
CUST-002911,Female,0,Yes,Yes,18,Yes,No,No,Yes,No internet service,No,Yes,Month-to-month,Yes,Electronic check,85.59,1480.65,1,152.1,1
CUST-002912,Female,0,Yes,Yes,30,Yes,Yes,Fiber optic,Yes,No internet service,Yes,No,Month-to-month,Yes,Credit card,116.0,3063.82,1,165.9,1
CUST-002913,Female,0,No,No,72,Yes,No phone service,Fiber optic,No,Yes,No,Yes,Month-to-month,No,Bank transfer,89.24,5943.94,1,222.5,0
CUST-002914,Male,0,No,No,58,Yes,No phone service,No,No,Yes,No internet service,No,One year,No,Credit card,51.05,2544.42,2,194.5,0
CUST-002915,Male,0,No,No,45,Yes,No,No,No,No internet service,Yes,No internet service,Month-to-month,Yes,Mailed check,89.95,4051.78,3,419.6,0
CUST-002916,Female,0,No,No,60,Yes,No,Fiber optic,No,Yes,Yes,No,One year,Yes,Bank transfer,141.54,7635.67,1,327.9,1
CUST-002917,Male,0,Yes,No,48,Yes,Yes,Fiber optic,No,No,No internet service,No internet service,One year,No,Bank transfer,128.18,5378.06,2,185.1,1
CUST-002918,Female,0,Yes,Yes,14,Yes,Yes,No,No,Yes,Yes,No,Two year,No,Credit card,117.45,1591.52,2,206.6,1
CUST-002919,Male,0,No,Yes,52,Yes,Yes,Fiber optic,No internet service,Yes,Yes,No,Month-to-month,Yes,Electronic check,99.86,5015.62,0,82.3,1
CUST-002920,Female,0,No,No,65,Yes,No,Fiber optic,Yes,No,Yes,Yes,One year,Yes,Electronic check,65.9,3911.53,1,125.5,1
CUST-002921,Male,1,Yes,Yes,67,Yes,Yes,DSL,No internet service,Yes,Yes,No,Two year,Yes,Bank transfer,43.56,3042.78,2,179.2,0
CUST-002922,Male,0,No,No,12,Yes,No,No,No,No,No,No,Two year,Yes,Bank transfer,111.39,1306.04,0,273.7,0
CUST-002923,Male,0,Yes,No,20,Yes,No,DSL,No,No,Yes,Yes,Two year,Yes,Electronic check,18.0,372.7,2,212.8,0
CUST-002924,Male,0,No,No,18,No,No phone service,DSL,No internet service,No,No internet service,No,Month-to-month,Yes,Mailed check,115.14,1886.28,3,202.7,1
CUST-002925,Male,0,No,No,24,Yes,No,No,No internet service,No,No,No,Two year,Yes,Electronic check,46.37,1068.79,0,147.4,0
CUST-002926,Male,0,No,Yes,42,Yes,No,Fiber optic,No,No,No,No internet service,Two year,Yes,Credit card,152.7,5981.87,1,68.3,0
CUST-002927,Female,0,Yes,Yes,34,Yes,Yes,DSL,No,Yes,Yes,Yes,Month-to-month,No,Bank transfer,67.88,2152.56,1,118.3,0
CUST-002928,Male,1,Yes,No,34,Yes,No phone service,Fiber optic,No,No,No,No,Month-to-month,Yes,Mailed check,116.68,3409.87,0,130.9,1
CUST-002929,Female,0,No,No,9,Yes,Yes,DSL,No internet service,No,Yes,No,Two year,Yes,Bank transfer,141.55,1138.83,2,233.6,1
CUST-002930,Female,0,No,No,20,Yes,Yes,DSL,Yes,No,No internet service,No,Month-to-month,No,Credit card,60.1,1230.6,2,320.0,0
CUST-002931,Female,0,No,No,71,Yes,No,Fiber optic,No,Yes,No internet service,Yes,One year,Yes,Electronic check,84.59,6125.98,0,103.4,1
CUST-002932,Female,0,Yes,No,65,Yes,No phone service,DSL,Yes,No internet service,Yes,Yes,Month-to-month,Yes,Bank transfer,49.15,2782.96,2,193.4,1
CUST-002933,Male,0,No,No,29,Yes,Yes,No,No,No,No,Yes,One year,Yes,Electronic check,39.95,988.89,0,337.9,0
CUST-002934,Male,0,Yes,No,52,Yes,No phone service,DSL,No,No,No,Yes,Month-to-month,No,Credit card,60.11,2720.44,0,164.6,0
CUST-002935,Male,1,No,Yes,39,Yes,Yes,Fiber optic,No,Yes,No,Yes,One year,No,Mailed check,78.35,2987.88,0,258.4,0
CUST-002936,Male,0,Yes,No,56,Yes,No,Fiber optic,Yes,No,No internet service,No internet service,Month-to-month,No,Electronic check,57.49,2891.06,2,61.3,1
CUST-002937,Female,0,Yes,No,54,No,No,DSL,No,No,No internet service,No,Two year,No,Electronic check,63.69,3447.7,0,363.8,0
CUST-002938,Female,1,Yes,Yes,31,Yes,No,DSL,Yes,No internet service,No,No,Month-to-month,No,Electronic check,83.49,2203.07,0,121.5,1
CUST-002939,Female,1,Yes,No,45,Yes,No phone service,Fiber optic,No,No,No,Yes,Month-to-month,Yes,Credit card,68.12,3044.54,1,108.1,1
CUST-002940,Male,1,No,No,41,Yes,Yes,Fiber optic,Yes,Yes,Yes,No internet service,Month-to-month,Yes,Bank transfer,90.13,3795.98,0,342.0,1
CUST-002941,Female,0,Yes,No,31,No,No,DSL,Yes,No,Yes,No internet service,Month-to-month,Yes,Credit card,112.2,2987.51,1,264.8,1
CUST-002942,Male,1,No,Yes,26,Yes,No,Fiber optic,Yes,Yes,Yes,No internet service,Two year,Yes,Mailed check,52.41,1394.76,2,107.5,0
CUST-002943,Male,0,No,No,72,Yes,No,Fiber optic,No,No internet service,Yes,No,Month-to-month,No,Electronic check,152.95,11382.13,1,220.7,1
CUST-002944,Female,1,Yes,No,31,Yes,No,Fiber optic,Yes,Yes,No,No,Month-to-month,Yes,Bank transfer,74.78,2218.87,0,232.0,1
CUST-002945,Female,0,No,Yes,50,Yes,Yes,DSL,No,No,Yes,No,Two year,Yes,Bank transfer,76.03,3447.47,3,73.2,0
CUST-002946,Female,0,No,Yes,72,Yes,Yes,No,No internet service,No internet service,No,No,Month-to-month,No,Credit card,108.37,7510.87,0,82.1,0
CUST-002947,Male,0,No,Yes,45,Yes,No,DSL,Yes,No,Yes,Yes,Month-to-month,No,Electronic check,117.53,4824.06,0,266.4,0
CUST-002948,Male,0,Yes,Yes,44,Yes,Yes,Fiber optic,No,No,No internet service,Yes,One year,Yes,Mailed check,109.09,4976.05,1,239.6,0
CUST-002949,Male,0,No,No,31,Yes,Yes,No,No internet service,No,No,Yes,Month-to-month,Yes,Bank transfer,49.16,1461.2,0,78.3,1
CUST-002950,Female,1,No,No,42,Yes,No,Fiber optic,No internet service,Yes,Yes,No,Two year,No,Bank transfer,71.52,3032.92,2,170.8,0
CUST-002951,Female,1,No,No,25,No,Yes,No,No,Yes,No internet service,Yes,One year,Yes,Credit card,52.75,1281.9,2,246.0,0
CUST-002952,Female,0,No,Yes,72,Yes,No,Fiber optic,Yes,No,No,No internet service,Month-to-month,No,Credit card,151.68,9912.6,0,194.3,0
CUST-002953,Male,0,Yes,No,9,Yes,Yes,No,No,No internet service,No internet service,No,One year,Yes,Bank transfer,58.51,500.24,1,152.1,0
CUST-002954,Male,0,Yes,Yes,28,Yes,Yes,No,No internet service,No,No,No,Two year,Yes,Mailed check,79.71,2289.83,3,111.8,0
CUST-002955,Male,0,No,Yes,46,Yes,No,No,Yes,Yes,Yes,No,Month-to-month,Yes,Mailed check,38.69,1648.95,0,226.2,0
CUST-002956,Male,0,No,No,44,Yes,Yes,Fiber optic,Yes,No,No,No internet service,One year,Yes,Bank transfer,60.31,2436.74,1,172.9,0
CUST-002957,Female,0,Yes,No,25,Yes,No,No,No,No internet service,No,No internet service,Month-to-month,Yes,Mailed check,70.79,1842.86,0,170.2,0
CUST-002958,Male,0,Yes,No,6,Yes,Yes,DSL,Yes,No,No internet service,No internet service,Month-to-month,No,Bank transfer,60.26,331.47,0,189.9,0
CUST-002959,Female,0,Yes,No,11,Yes,No,Fiber optic,No,Yes,Yes,No internet service,One year,No,Credit card,87.45,983.0,1,261.9,0
CUST-002960,Male,0,Yes,No,36,Yes,Yes,DSL,No,No internet service,Yes,No internet service,Month-to-month,No,Bank transfer,25.63,817.11,3,1.9,0
CUST-002961,Male,0,Yes,No,4,Yes,No,DSL,No,No internet service,Yes,No,Month-to-month,Yes,Bank transfer,67.8,273.44,1,134.2,1
CUST-002962,Female,0,Yes,No,48,Yes,Yes,No,Yes,No,No,Yes,Month-to-month,Yes,Bank transfer,116.48,5440.33,0,210.0,0
CUST-002963,Male,0,Yes,Yes,68,Yes,No phone service,DSL,No,No internet service,Yes,No,One year,No,Bank transfer,44.41,2639.43,0,197.9,0
CUST-002964,Male,0,No,Yes,54,No,Yes,Fiber optic,No,No,No,Yes,One year,No,Mailed check,121.92,5680.47,1,356.6,1
CUST-002965,Male,0,No,No,62,Yes,Yes,DSL,No internet service,Yes,Yes,No,Month-to-month,Yes,Credit card,18.0,1015.18,0,210.3,0
CUST-002966,Female,1,Yes,No,5,Yes,Yes,Fiber optic,Yes,No,Yes,Yes,Month-to-month,Yes,Electronic check,70.93,348.08,1,293.4,1
CUST-002967,Female,0,No,No,25,Yes,Yes,Fiber optic,Yes,No internet service,Yes,Yes,Two year,No,Bank transfer,37.69,868.74,1,255.8,0
CUST-002968,Male,0,Yes,Yes,13,Yes,Yes,DSL,No internet service,No,No,No,Month-to-month,No,Electronic check,107.09,1258.8,2,281.9,1
CUST-002969,Female,0,No,No,7,No,Yes,DSL,Yes,No internet service,Yes,Yes,Month-to-month,Yes,Credit card,96.36,651.86,0,162.8,0
CUST-002970,Male,0,No,No,21,Yes,No,DSL,No,No,Yes,No internet service,Month-to-month,Yes,Bank transfer,38.97,851.52,0,80.2,1
CUST-002971,Female,0,Yes,Yes,72,Yes,No,DSL,Yes,No,Yes,Yes,One year,Yes,Mailed check,78.68,4953.17,0,356.3,0
CUST-002972,Female,1,No,No,72,Yes,Yes,Fiber optic,No,No internet service,No,Yes,Month-to-month,Yes,Mailed check,131.05,9236.75,3,187.4,0
CUST-002973,Female,1,Yes,No,15,Yes,Yes,DSL,No,Yes,Yes,No internet service,Two year,No,Electronic check,110.72,1714.68,1,165.2,0
CUST-002974,Female,0,Yes,Yes,33,Yes,Yes,Fiber optic,Yes,No,Yes,No internet service,One year,Yes,Mailed check,82.83,2619.07,2,86.5,0
CUST-002975,Male,0,Yes,No,41,Yes,No,No,No,Yes,Yes,Yes,Month-to-month,Yes,Electronic check,18.0,769.61,0,240.5,0
CUST-002976,Male,0,Yes,Yes,26,Yes,Yes,No,No,No,Yes,No internet service,One year,Yes,Electronic check,43.04,1085.09,1,0.0,0
CUST-002977,Female,1,Yes,Yes,72,Yes,Yes,No,Yes,No,Yes,No internet service,Month-to-month,No,Mailed check,92.98,6591.24,3,37.4,1
CUST-002978,Male,1,No,Yes,22,Yes,No,No,No internet service,No,Yes,No,Month-to-month,No,Electronic check,132.97,2949.42,1,26.8,0
CUST-002979,Male,1,Yes,Yes,19,Yes,No,DSL,Yes,No internet service,No,No internet service,One year,No,Electronic check,68.37,1156.07,1,73.3,0
CUST-002980,Female,0,No,Yes,16,Yes,Yes,DSL,No,Yes,No,No,Month-to-month,Yes,Credit card,51.8,797.27,0,150.2,1
CUST-002981,Female,0,Yes,No,25,Yes,No,No,No internet service,No internet service,Yes,Yes,Two year,Yes,Credit card,141.98,3453.16,2,241.3,0
CUST-002982,Male,0,Yes,Yes,1,No,No,Fiber optic,Yes,No,No,Yes,One year,No,Credit card,107.17,93.67,0,157.7,1
CUST-002983,Female,0,No,Yes,26,Yes,No,No,Yes,No,Yes,Yes,Month-to-month,Yes,Electronic check,33.17,811.55,1,266.3,1
CUST-002984,Female,0,No,No,34,Yes,Yes,Fiber optic,No,No,No,Yes,Two year,Yes,Electronic check,91.43,3121.57,1,382.0,0
CUST-002985,Male,0,No,No,36,Yes,Yes,No,No,Yes,No,No,Month-to-month,No,Electronic check,100.0,3089.24,0,202.6,1
CUST-002986,Male,0,No,No,13,Yes,No phone service,DSL,Yes,Yes,No,Yes,Month-to-month,Yes,Electronic check,67.89,823.16,1,273.8,0
CUST-002987,Male,0,No,No,36,Yes,No,No,No,Yes,Yes,No,Month-to-month,Yes,Bank transfer,93.83,2969.67,1,253.1,1
CUST-002988,Male,0,No,No,35,No,Yes,DSL,No,No,Yes,No,Two year,No,Bank transfer,21.85,676.91,6,217.5,0
CUST-002989,Male,0,Yes,No,36,Yes,No,DSL,No,No,No,No,Month-to-month,Yes,Electronic check,26.97,924.98,0,64.6,0
CUST-002990,Male,0,No,No,55,Yes,No,No,No,Yes,No,No,Month-to-month,Yes,Bank transfer,47.95,2257.42,1,180.5,0
CUST-002991,Male,0,Yes,Yes,12,No,No phone service,Fiber optic,No,No,No,No,Month-to-month,No,Electronic check,86.53,970.9,1,102.0,1
CUST-002992,Female,0,Yes,No,26,Yes,No,Fiber optic,No internet service,No,No,No,Month-to-month,Yes,Bank transfer,105.02,2334.95,0,218.9,1
CUST-002993,Male,0,Yes,No,6,No,No,Fiber optic,No internet service,No,No,No,Month-to-month,No,Electronic check,114.1,708.66,2,214.8,1
CUST-002994,Male,0,No,No,51,Yes,Yes,DSL,No,Yes,No internet service,Yes,One year,No,Mailed check,143.98,7538.41,1,140.2,0
CUST-002995,Male,1,Yes,Yes,14,Yes,No,DSL,No,No,No internet service,No,Two year,No,Credit card,47.84,597.69,1,244.3,0
CUST-002996,Female,0,Yes,No,61,Yes,Yes,DSL,No,No internet service,Yes,No,One year,Yes,Bank transfer,60.58,3189.72,2,149.4,0
CUST-002997,Female,1,Yes,No,62,Yes,No,Fiber optic,No internet service,No internet service,No,No internet service,Month-to-month,No,Electronic check,73.68,4111.94,1,213.7,0
CUST-002998,Female,1,No,No,28,Yes,No,Fiber optic,Yes,No,Yes,Yes,Month-to-month,Yes,Mailed check,127.38,3051.94,1,74.8,1
CUST-002999,Male,1,No,No,27,Yes,No,No,No,No,Yes,Yes,Month-to-month,No,Electronic check,104.02,2799.96,5,39.6,0
CUST-003000,Male,0,No,No,8,Yes,No,DSL,Yes,No internet service,No internet service,No internet service,Month-to-month,Yes,Mailed check,56.57,436.62,1,315.1,0
CUST-003001,Female,0,No,No,32,Yes,Yes,Fiber optic,No internet service,Yes,No,Yes,One year,Yes,Electronic check,156.97,4816.0,0,279.0,1
CUST-003002,Female,0,No,No,55,Yes,Yes,Fiber optic,No internet service,Yes,No,No,Month-to-month,Yes,Electronic check,73.73,4138.02,1,226.3,0
CUST-003003,Male,1,No,No,39,Yes,No,Fiber optic,Yes,No,No internet service,No internet service,Two year,No,Credit card,125.9,4968.25,2,104.3,1
CUST-003004,Female,0,No,No,72,Yes,No,No,No internet service,No,No,No,Month-to-month,Yes,Credit card,113.64,7623.58,1,96.3,1
CUST-003005,Male,0,No,No,24,Yes,No,DSL,No,Yes,No internet service,Yes,One year,Yes,Mailed check,29.15,680.12,1,61.3,0
CUST-003006,Female,0,No,Yes,23,Yes,No,DSL,No internet service,No internet service,No,Yes,Two year,Yes,Mailed check,87.33,1884.76,0,168.1,0
CUST-003007,Male,0,No,No,15,Yes,Yes,DSL,No internet service,Yes,Yes,Yes,One year,Yes,Bank transfer,18.0,263.2,1,218.2,0
CUST-003008,Female,0,Yes,Yes,72,Yes,No,No,Yes,No,Yes,No,Two year,Yes,Electronic check,94.73,6003.94,2,138.5,0
CUST-003009,Female,0,No,Yes,8,Yes,No,Fiber optic,Yes,No,No internet service,No internet service,Two year,Yes,Credit card,61.95,451.02,1,318.2,0
CUST-003010,Male,0,No,No,52,Yes,No,Fiber optic,No,No,No,Yes,One year,Yes,Electronic check,112.02,5244.92,2,0.0,1
CUST-003011,Male,0,Yes,No,55,Yes,No,Fiber optic,No,No,Yes,No,Month-to-month,No,Electronic check,117.65,5716.85,0,253.7,1
CUST-003012,Male,1,No,Yes,54,Yes,No,No,No,No,No,No internet service,Month-to-month,Yes,Electronic check,103.6,5218.48,4,169.2,0
CUST-003013,Male,0,Yes,No,16,Yes,No,DSL,No,Yes,No,No internet service,Two year,Yes,Electronic check,96.71,1540.03,0,186.5,0
CUST-003014,Female,0,Yes,Yes,28,Yes,Yes,DSL,No,No,Yes,No internet service,Month-to-month,Yes,Bank transfer,71.68,1864.88,1,0.0,0
CUST-003015,Male,0,No,No,47,Yes,No,No,No,No,Yes,No,Two year,Yes,Credit card,58.59,2881.64,1,113.7,0
CUST-003016,Male,0,No,No,19,Yes,Yes,Fiber optic,No,No,No,Yes,Month-to-month,No,Electronic check,92.77,1604.7,1,71.3,1
CUST-003017,Male,0,No,Yes,25,No,No,Fiber optic,No internet service,No,No,Yes,One year,No,Electronic check,61.52,1598.94,1,296.8,0
CUST-003018,Male,0,No,No,19,Yes,Yes,DSL,No,No,No internet service,No,Month-to-month,Yes,Mailed check,63.65,1074.75,2,124.1,0
CUST-003019,Female,0,Yes,Yes,34,No,No,No,No,Yes,No,Yes,Two year,Yes,Mailed check,61.28,1904.63,0,8.7,0
CUST-003020,Male,1,Yes,Yes,32,No,No,Fiber optic,Yes,Yes,No,No,Month-to-month,No,Mailed check,71.35,2015.74,1,208.8,0
CUST-003021,Female,0,Yes,No,72,Yes,Yes,DSL,Yes,No,No,Yes,Month-to-month,Yes,Electronic check,18.0,1163.27,0,268.2,0
CUST-003022,Male,0,No,Yes,48,Yes,Yes,No,No,No,Yes,Yes,Two year,Yes,Credit card,31.69,1340.83,3,240.5,0
CUST-003023,Male,0,Yes,No,10,Yes,No,DSL,Yes,Yes,No internet service,No,Month-to-month,Yes,Bank transfer,18.0,175.49,2,176.2,0
CUST-003024,Male,0,Yes,No,11,Yes,Yes,DSL,No,Yes,No internet service,No,Month-to-month,Yes,Credit card,60.76,594.96,0,247.6,1
CUST-003025,Male,0,No,No,53,Yes,Yes,Fiber optic,No,No,Yes,Yes,Two year,No,Bank transfer,105.81,4862.45,2,89.5,0
CUST-003026,Male,0,Yes,No,32,Yes,No,Fiber optic,Yes,No,No internet service,No internet service,Two year,Yes,Mailed check,18.0,520.29,2,206.2,0
CUST-003027,Male,0,No,Yes,72,Yes,No,Fiber optic,Yes,No,Yes,No,Month-to-month,No,Mailed check,102.1,7246.03,3,221.7,0
CUST-003028,Female,0,No,No,72,Yes,Yes,Fiber optic,No,Yes,No,No,One year,Yes,Bank transfer,91.33,6152.83,0,180.1,0
CUST-003029,Female,0,No,Yes,15,Yes,No,No,No internet service,No,Yes,No,Month-to-month,No,Electronic check,34.7,458.65,2,144.6,1
CUST-003030,Female,0,Yes,No,39,Yes,No,DSL,No,Yes,No internet service,Yes,Month-to-month,Yes,Electronic check,57.06,1919.91,3,94.6,1
CUST-003031,Male,0,Yes,Yes,11,Yes,Yes,No,No,No,No internet service,No internet service,One year,Yes,Credit card,101.52,1112.15,1,124.1,1
CUST-003032,Female,0,Yes,Yes,52,Yes,Yes,Fiber optic,Yes,Yes,No internet service,No,Month-to-month,No,Credit card,65.77,3388.87,1,277.4,0
CUST-003033,Female,0,Yes,No,72,Yes,No,Fiber optic,No,No,Yes,Yes,Month-to-month,No,Mailed check,97.37,6605.86,1,113.8,1
CUST-003034,Male,0,Yes,No,35,Yes,Yes,DSL,No,No,Yes,Yes,Month-to-month,No,Bank transfer,80.4,2688.85,3,147.0,0
CUST-003035,Male,0,Yes,No,23,Yes,No phone service,Fiber optic,No,No,No,No internet service,Two year,Yes,Bank transfer,70.33,1452.83,0,239.2,0
CUST-003036,Female,0,No,No,42,Yes,Yes,Fiber optic,No,Yes,No internet service,No internet service,One year,Yes,Credit card,125.25,4981.97,1,57.0,0
CUST-003037,Male,0,Yes,No,59,Yes,No,Fiber optic,No,No,Yes,No,Month-to-month,Yes,Electronic check,107.12,6292.76,1,104.2,1
CUST-003038,Male,0,No,No,60,Yes,No,Fiber optic,No internet service,No,Yes,No,Two year,No,Bank transfer,87.44,5269.15,2,13.8,0
CUST-003039,Female,0,Yes,No,23,Yes,No,Fiber optic,Yes,No,No,No,Two year,Yes,Mailed check,165.9,3503.13,0,369.3,0
CUST-003040,Female,0,Yes,No,19,Yes,No,Fiber optic,No,Yes,No internet service,No,Month-to-month,Yes,Electronic check,125.38,2348.27,2,149.8,1
CUST-003041,Female,0,No,No,38,No,No,No,No,No,No internet service,No internet service,Two year,Yes,Credit card,19.42,698.89,1,234.4,0
CUST-003042,Male,0,Yes,No,24,Yes,No phone service,Fiber optic,No internet service,No internet service,No internet service,No,Month-to-month,Yes,Bank transfer,83.33,1995.54,1,376.9,1
CUST-003043,Male,0,No,Yes,72,Yes,No,DSL,No,No,No,Yes,Month-to-month,Yes,Mailed check,144.0,10245.15,0,57.4,1
CUST-003044,Male,0,No,No,24,Yes,No phone service,DSL,Yes,No,No internet service,Yes,Month-to-month,Yes,Electronic check,40.53,972.9,2,169.3,1
CUST-003045,Female,0,No,No,34,Yes,Yes,DSL,Yes,No internet service,No internet service,No,Month-to-month,Yes,Mailed check,71.99,2161.23,0,126.3,0
CUST-003046,Male,1,No,No,41,Yes,No,DSL,Yes,No internet service,No internet service,No internet service,One year,No,Credit card,106.93,4008.95,2,149.6,1
CUST-003047,Female,0,No,No,9,Yes,No,Fiber optic,No,Yes,No,No,One year,No,Credit card,114.57,931.1,1,183.4,1
CUST-003048,Female,1,No,No,20,Yes,No,Fiber optic,No,No,Yes,No,Two year,Yes,Credit card,118.89,2233.81,1,306.7,0
CUST-003049,Female,0,No,No,72,Yes,Yes,DSL,Yes,No,No,No,Month-to-month,No,Electronic check,92.13,6254.99,1,232.0,0
CUST-003050,Female,0,No,No,58,Yes,No,No,Yes,No,Yes,No,Month-to-month,No,Credit card,70.76,4036.31,2,328.6,0
CUST-003051,Male,0,No,Yes,24,Yes,No,Fiber optic,No internet service,Yes,Yes,No,Month-to-month,No,Bank transfer,71.23,1647.86,0,187.8,1
CUST-003052,Male,0,No,No,52,Yes,No,DSL,No,No internet service,No,No internet service,Month-to-month,Yes,Bank transfer,83.04,4171.3,2,129.0,1
CUST-003053,Female,0,No,Yes,71,Yes,No,No,No internet service,No,No internet service,No,Two year,No,Mailed check,57.92,4015.85,1,280.6,0
CUST-003054,Female,1,Yes,No,27,Yes,No,DSL,Yes,Yes,No,No,One year,No,Mailed check,55.56,1356.96,2,126.1,0
CUST-003055,Female,0,No,No,56,No,No,DSL,No,Yes,Yes,No,One year,No,Bank transfer,114.47,5738.9,0,187.1,0
CUST-003056,Female,1,Yes,No,51,Yes,No,DSL,Yes,No,No,No internet service,One year,Yes,Electronic check,58.57,2667.57,2,230.7,0
CUST-003057,Female,1,Yes,No,12,Yes,No,No,Yes,No,Yes,No,Month-to-month,Yes,Bank transfer,121.18,1462.77,1,259.7,1
CUST-003058,Male,0,Yes,Yes,27,Yes,No,DSL,No,No,Yes,Yes,Month-to-month,Yes,Bank transfer,77.7,1824.09,2,173.6,1
CUST-003059,Female,1,No,No,72,Yes,No,DSL,Yes,No internet service,Yes,Yes,Month-to-month,No,Mailed check,65.23,4288.69,2,246.6,1
CUST-003060,Male,0,Yes,No,72,Yes,No,DSL,No internet service,No internet service,No,No internet service,Two year,Yes,Credit card,18.0,1174.25,3,119.7,0
CUST-003061,Male,1,No,Yes,58,Yes,No,Fiber optic,No,No,Yes,No,Month-to-month,No,Credit card,158.6,8907.74,2,149.9,1
CUST-003062,Female,0,No,No,20,Yes,No phone service,No,Yes,No,No,No internet service,Month-to-month,No,Credit card,69.82,1445.07,0,226.9,0
CUST-003063,Female,0,Yes,No,3,Yes,Yes,No,No,No,No,Yes,One year,Yes,Credit card,18.0,55.39,0,181.5,1
CUST-003064,Female,0,No,No,17,Yes,Yes,DSL,No internet service,No internet service,No,No,Month-to-month,Yes,Bank transfer,99.63,1475.38,3,117.9,1
CUST-003065,Female,1,Yes,No,10,Yes,Yes,Fiber optic,No internet service,No,Yes,No,Month-to-month,No,Credit card,93.49,895.71,1,258.0,1
CUST-003066,Male,1,No,No,72,Yes,Yes,DSL,Yes,Yes,Yes,Yes,Month-to-month,Yes,Electronic check,42.06,2596.62,3,198.8,1
CUST-003067,Female,0,No,No,6,Yes,Yes,Fiber optic,No internet service,No,No,Yes,Month-to-month,Yes,Credit card,122.94,743.87,2,46.3,1
CUST-003068,Male,0,Yes,No,12,Yes,No,DSL,No,No,Yes,Yes,Month-to-month,Yes,Electronic check,18.0,199.79,0,218.2,1
CUST-003069,Male,0,Yes,Yes,37,Yes,Yes,Fiber optic,No,No,No,No,Two year,Yes,Electronic check,73.58,2430.99,2,226.7,0
CUST-003070,Male,0,Yes,No,32,Yes,No,No,No,Yes,No,No internet service,One year,No,Credit card,61.02,1848.74,1,175.8,0
CUST-003071,Female,0,No,No,72,Yes,No,No,No internet service,No,No,No internet service,Month-to-month,Yes,Credit card,95.57,6447.38,0,202.7,0
CUST-003072,Male,0,No,No,48,Yes,No phone service,Fiber optic,No,No,No,No,One year,No,Electronic check,162.21,8086.7,2,286.5,1
CUST-003073,Male,0,Yes,No,28,Yes,No,DSL,No,Yes,No internet service,No internet service,One year,No,Mailed check,62.66,1502.88,1,23.4,0
CUST-003074,Female,1,Yes,No,72,Yes,Yes,No,No,Yes,No,No internet service,One year,Yes,Electronic check,83.8,6274.8,2,258.5,1
CUST-003075,Female,0,No,No,23,Yes,No,Fiber optic,No,No,Yes,Yes,Two year,No,Electronic check,177.45,3660.49,1,0.0,0
CUST-003076,Male,0,No,No,72,Yes,No phone service,Fiber optic,No internet service,No,Yes,Yes,Two year,Yes,Mailed check,95.14,6021.4,2,114.4,0
CUST-003077,Female,0,Yes,No,15,Yes,No phone service,Fiber optic,No internet service,Yes,No internet service,No internet service,Month-to-month,Yes,Electronic check,109.05,1633.01,0,17.7,0
CUST-003078,Female,0,Yes,No,31,Yes,Yes,No,No,No,No internet service,No,Month-to-month,Yes,Electronic check,32.88,972.9,1,309.0,1
CUST-003079,Female,0,Yes,No,4,Yes,No phone service,DSL,No internet service,No,No,No,Month-to-month,Yes,Electronic check,128.78,530.1,0,151.6,1
CUST-003080,Male,0,Yes,Yes,60,No,Yes,Fiber optic,No,No internet service,No internet service,No,Month-to-month,No,Credit card,73.61,4233.47,4,177.9,0
CUST-003081,Female,1,No,No,36,Yes,No,Fiber optic,No,No internet service,No,Yes,Two year,Yes,Credit card,103.06,3528.61,1,152.4,0
CUST-003082,Male,0,No,Yes,72,Yes,No phone service,DSL,No,No,Yes,No,One year,Yes,Electronic check,77.21,4954.28,2,166.0,1
CUST-003083,Female,1,No,No,26,Yes,Yes,Fiber optic,No,No,No,Yes,Month-to-month,No,Credit card,97.56,2637.91,0,167.8,1
CUST-003084,Female,0,No,No,9,Yes,Yes,DSL,Yes,No,Yes,No,Two year,Yes,Electronic check,56.97,503.97,2,260.1,0
CUST-003085,Male,0,Yes,No,44,Yes,No,Fiber optic,Yes,No internet service,No,Yes,One year,Yes,Electronic check,102.24,4365.01,1,203.7,1
CUST-003086,Male,1,Yes,Yes,21,Yes,Yes,DSL,No,Yes,No internet service,No,Month-to-month,Yes,Bank transfer,122.72,2597.77,1,110.7,0
CUST-003087,Male,0,No,No,54,Yes,No phone service,DSL,No,Yes,No,Yes,Two year,Yes,Credit card,138.43,6505.25,1,26.0,0
CUST-003088,Female,1,No,Yes,16,Yes,Yes,No,Yes,No,No,No,Month-to-month,Yes,Credit card,64.75,1060.05,1,288.2,0
CUST-003089,Female,0,No,No,72,Yes,No,Fiber optic,Yes,Yes,No internet service,No,Month-to-month,Yes,Bank transfer,81.52,5576.27,1,222.4,0
CUST-003090,Male,0,Yes,No,34,Yes,Yes,DSL,Yes,No,No internet service,No,Month-to-month,Yes,Mailed check,45.74,1571.3,1,153.3,0
CUST-003091,Male,0,Yes,No,29,Yes,No phone service,DSL,No internet service,No internet service,No,No,Two year,Yes,Credit card,150.58,4334.3,1,272.1,0
CUST-003092,Male,0,No,No,72,Yes,No,DSL,No internet service,No,Yes,No,Month-to-month,Yes,Electronic check,73.87,5000.53,2,376.3,0
CUST-003093,Female,1,Yes,No,61,Yes,Yes,Fiber optic,Yes,No,No internet service,No internet service,Month-to-month,Yes,Electronic check,128.45,7866.42,0,183.9,1
CUST-003094,Male,0,Yes,Yes,18,Yes,Yes,Fiber optic,No,No,No,Yes,One year,Yes,Bank transfer,115.9,2073.97,3,300.7,1
CUST-003095,Female,0,No,No,60,Yes,Yes,DSL,No,Yes,No,Yes,Two year,No,Electronic check,136.25,6954.94,1,183.9,0
CUST-003096,Male,0,No,No,51,Yes,No,DSL,Yes,No,No internet service,Yes,Month-to-month,No,Credit card,62.57,3165.01,1,340.8,1
CUST-003097,Female,0,Yes,Yes,30,Yes,No,No,No,Yes,Yes,No,Month-to-month,No,Mailed check,36.79,1050.4,0,191.4,0
CUST-003098,Female,0,No,No,56,Yes,No,No,Yes,Yes,Yes,No,Two year,Yes,Electronic check,125.78,7169.92,1,142.3,0
CUST-003099,Female,0,Yes,No,72,Yes,No,DSL,No,No,Yes,No internet service,One year,Yes,Credit card,97.1,7074.54,2,301.6,0
CUST-003100,Male,1,No,Yes,30,Yes,No,No,Yes,No,No internet service,No internet service,Month-to-month,Yes,Electronic check,83.69,2219.74,0,192.5,1
CUST-003101,Male,0,No,Yes,31,Yes,No phone service,DSL,Yes,No,No,Yes,Month-to-month,Yes,Electronic check,116.06,3073.73,2,183.9,0
CUST-003102,Female,0,No,No,29,Yes,No,Fiber optic,No internet service,No,No,No internet service,Month-to-month,No,Electronic check,110.4,2847.07,3,257.0,0
CUST-003103,Female,0,Yes,No,17,Yes,No,Fiber optic,No,No,No internet service,Yes,One year,Yes,Credit card,142.1,2411.36,4,172.8,1
CUST-003104,Male,0,No,No,30,Yes,Yes,No,Yes,Yes,No internet service,Yes,One year,Yes,Bank transfer,77.4,2378.29,2,22.9,0
CUST-003105,Female,0,No,No,28,Yes,Yes,Fiber optic,Yes,No,No internet service,No,One year,Yes,Credit card,122.06,3383.85,1,149.5,0
CUST-003106,Female,1,Yes,Yes,27,Yes,Yes,No,Yes,Yes,No internet service,Yes,Month-to-month,Yes,Mailed check,85.79,2349.08,1,125.0,1
CUST-003107,Female,0,Yes,Yes,26,Yes,No phone service,Fiber optic,No,Yes,No internet service,No,Two year,No,Bank transfer,85.24,2144.13,2,102.3,0
CUST-003108,Female,1,No,Yes,12,No,No,Fiber optic,Yes,No internet service,No,No internet service,Month-to-month,Yes,Bank transfer,88.84,1014.15,0,274.9,0
CUST-003109,Male,0,No,No,65,Yes,No phone service,DSL,Yes,No internet service,No,No,Two year,Yes,Credit card,58.21,3950.69,1,136.7,0
CUST-003110,Male,0,No,No,20,Yes,Yes,No,No,No,No internet service,No internet service,Month-to-month,No,Mailed check,77.96,1350.53,3,138.2,1
CUST-003111,Male,0,No,No,72,Yes,Yes,No,No,Yes,No internet service,Yes,Month-to-month,Yes,Electronic check,56.33,3788.9,2,173.5,1
CUST-003112,Male,0,Yes,Yes,14,Yes,Yes,Fiber optic,No internet service,No,No,Yes,Month-to-month,Yes,Electronic check,108.08,1370.26,1,210.2,1
CUST-003113,Female,0,Yes,Yes,72,No,No,Fiber optic,Yes,No,Yes,No,Month-to-month,Yes,Electronic check,107.06,6740.05,3,223.2,1
CUST-003114,Female,0,No,No,24,Yes,No phone service,DSL,Yes,No,Yes,No internet service,Month-to-month,No,Electronic check,76.15,1774.92,3,195.0,1
CUST-003115,Male,0,No,No,60,Yes,Yes,No,Yes,Yes,Yes,No,One year,Yes,Electronic check,76.68,4152.67,0,194.0,0
CUST-003116,Female,0,Yes,No,35,No,No phone service,Fiber optic,No,No,Yes,No,Two year,No,Mailed check,78.02,2573.78,0,76.0,0
CUST-003117,Female,0,Yes,No,10,Yes,Yes,DSL,Yes,No internet service,No,No internet service,Month-to-month,No,Electronic check,61.54,539.91,1,224.6,0
CUST-003118,Male,0,No,No,11,Yes,Yes,Fiber optic,Yes,No,No,No,Month-to-month,Yes,Electronic check,44.88,458.15,1,92.3,1
CUST-003119,Male,1,Yes,No,19,Yes,Yes,DSL,No internet service,No internet service,No,No,Month-to-month,No,Electronic check,66.4,1122.95,1,283.0,0
CUST-003120,Male,0,Yes,No,23,Yes,Yes,Fiber optic,No,No,Yes,No internet service,Two year,Yes,Mailed check,65.43,1549.01,0,155.5,0
CUST-003121,Female,0,No,No,31,Yes,No,No,No internet service,Yes,No,Yes,Month-to-month,Yes,Electronic check,73.0,2159.86,1,63.0,1
CUST-003122,Male,0,No,No,41,Yes,No phone service,Fiber optic,No,No internet service,Yes,No,Month-to-month,Yes,Mailed check,73.57,3046.06,0,200.4,1
CUST-003123,Female,0,No,No,28,Yes,No phone service,DSL,No internet service,Yes,No,No internet service,Month-to-month,No,Bank transfer,18.0,477.36,1,249.7,0
CUST-003124,Female,0,No,No,40,Yes,Yes,DSL,No,No,No internet service,No,Month-to-month,Yes,Electronic check,137.57,4724.14,0,149.8,1
CUST-003125,Female,0,No,No,44,Yes,No,Fiber optic,Yes,No,No internet service,No internet service,One year,Yes,Credit card,88.06,3831.55,1,238.1,1
CUST-003126,Female,0,Yes,No,27,No,No,Fiber optic,No,Yes,Yes,No,Month-to-month,No,Credit card,138.41,3212.29,1,308.0,0
CUST-003127,Female,0,No,Yes,51,Yes,Yes,DSL,No internet service,No,No,Yes,Month-to-month,No,Credit card,54.19,2567.5,1,209.8,0
CUST-003128,Male,0,No,Yes,59,Yes,No,DSL,No internet service,No,Yes,No,Two year,No,Credit card,120.94,6845.87,2,63.9,0
CUST-003129,Female,0,No,No,45,Yes,Yes,DSL,Yes,No,No,No,Month-to-month,Yes,Electronic check,35.45,1604.72,0,177.9,1
CUST-003130,Male,0,Yes,No,47,Yes,Yes,DSL,No internet service,No,No,Yes,One year,Yes,Electronic check,75.28,3643.36,1,136.1,0
CUST-003131,Female,0,No,No,37,Yes,No phone service,Fiber optic,No,No internet service,Yes,No,Month-to-month,Yes,Electronic check,62.23,2051.49,0,5.6,1
CUST-003132,Male,1,No,No,69,Yes,No,No,No,Yes,No,Yes,Two year,Yes,Electronic check,148.02,10036.99,3,56.6,1
CUST-003133,Female,0,Yes,No,32,Yes,No,Fiber optic,Yes,No,No,No,One year,Yes,Bank transfer,87.52,2644.0,3,343.1,1
CUST-003134,Female,0,No,Yes,19,Yes,No,DSL,No,No,No,Yes,Month-to-month,Yes,Credit card,94.85,1808.53,3,146.2,0
CUST-003135,Male,0,Yes,No,32,Yes,No,No,No,No internet service,Yes,No,Two year,Yes,Credit card,83.52,2774.03,1,162.4,0
CUST-003136,Male,0,Yes,No,10,Yes,Yes,No,No internet service,No internet service,Yes,No,Month-to-month,Yes,Electronic check,69.23,662.29,2,69.6,1
CUST-003137,Female,0,Yes,No,9,Yes,Yes,Fiber optic,No internet service,No,No,No,Month-to-month,Yes,Mailed check,110.53,902.62,0,360.7,0
CUST-003138,Male,0,No,Yes,59,Yes,No phone service,Fiber optic,No,Yes,No,No,One year,Yes,Credit card,135.78,8088.45,0,216.1,0
CUST-003139,Female,1,Yes,No,72,Yes,No,DSL,Yes,No,No,No,One year,Yes,Bank transfer,90.05,6193.83,0,149.2,0
CUST-003140,Male,1,No,Yes,25,No,No,Fiber optic,Yes,No,No,Yes,Month-to-month,No,Credit card,99.87,2562.9,1,251.0,1
CUST-003141,Male,0,Yes,No,59,No,No,DSL,No,Yes,No internet service,No,Month-to-month,No,Electronic check,85.58,4863.46,1,296.7,0
CUST-003142,Male,0,Yes,Yes,5,Yes,No phone service,DSL,Yes,No internet service,Yes,No internet service,Month-to-month,No,Electronic check,127.45,661.1,1,0.0,1
CUST-003143,Female,0,Yes,No,45,No,Yes,Fiber optic,No,No,No,No internet service,One year,Yes,Bank transfer,82.5,3168.48,2,290.6,1
CUST-003144,Male,0,No,Yes,32,Yes,No,Fiber optic,Yes,No,No,Yes,Two year,No,Bank transfer,39.38,1257.49,0,100.0,0
CUST-003145,Male,1,Yes,No,72,Yes,Yes,DSL,Yes,No,No,Yes,Month-to-month,No,Credit card,37.1,2455.98,2,31.8,0
CUST-003146,Male,0,No,No,29,Yes,Yes,DSL,Yes,No internet service,No,Yes,Two year,Yes,Credit card,39.34,1122.19,2,364.0,0
CUST-003147,Female,0,No,Yes,13,Yes,No phone service,Fiber optic,No internet service,No,No,No,Month-to-month,No,Credit card,68.56,925.59,1,210.9,1
CUST-003148,Female,0,No,No,8,No,Yes,Fiber optic,No,Yes,Yes,No internet service,One year,Yes,Mailed check,69.59,546.04,0,120.7,1
CUST-003149,Female,1,No,Yes,32,Yes,No,Fiber optic,No,No,Yes,No,Two year,Yes,Credit card,94.29,3014.32,1,347.9,1
CUST-003150,Male,0,No,No,37,Yes,No,DSL,No,Yes,Yes,Yes,One year,No,Mailed check,77.42,2525.49,3,137.4,0
CUST-003151,Male,0,No,No,27,Yes,Yes,DSL,Yes,No,Yes,No,Month-to-month,No,Credit card,77.1,1840.44,0,88.9,0
CUST-003152,Male,0,Yes,Yes,60,Yes,No phone service,No,No internet service,Yes,Yes,Yes,Month-to-month,No,Bank transfer,48.09,2783.6,2,259.8,0
CUST-003153,Male,0,Yes,No,72,Yes,Yes,No,No,No,No internet service,No,Month-to-month,Yes,Mailed check,99.82,6727.74,1,37.3,0
CUST-003154,Female,0,No,No,25,Yes,Yes,DSL,Yes,No internet service,No,Yes,One year,Yes,Mailed check,86.03,1876.03,1,183.7,0
CUST-003155,Female,1,No,No,6,Yes,Yes,No,No,No internet service,No,Yes,Two year,No,Credit card,117.44,701.58,0,50.7,0
CUST-003156,Male,0,No,No,40,Yes,No phone service,Fiber optic,Yes,Yes,Yes,Yes,Month-to-month,No,Bank transfer,120.4,4766.95,1,79.6,1
CUST-003157,Male,0,No,No,70,Yes,No phone service,DSL,No,Yes,No,Yes,Month-to-month,Yes,Bank transfer,59.51,3617.39,1,232.7,1
CUST-003158,Female,0,No,No,25,Yes,Yes,DSL,No internet service,No internet service,No internet service,Yes,Month-to-month,No,Bank transfer,109.16,2346.31,0,92.9,1
CUST-003159,Female,0,Yes,Yes,47,Yes,No,DSL,No,No,Yes,Yes,One year,Yes,Electronic check,78.21,3402.88,0,252.5,0
CUST-003160,Female,0,Yes,No,12,Yes,No,DSL,Yes,Yes,No,No internet service,One year,Yes,Mailed check,93.94,1100.88,0,0.0,1
CUST-003161,Male,0,Yes,No,39,Yes,No phone service,Fiber optic,No,No,No internet service,No,Month-to-month,No,Electronic check,116.61,4678.49,1,160.2,1
CUST-003162,Male,0,No,No,48,Yes,No,No,No,No,No,No,One year,No,Electronic check,66.27,2980.26,0,130.1,0
CUST-003163,Female,0,No,No,40,Yes,No,No,Yes,No,No internet service,No,Month-to-month,Yes,Mailed check,73.1,2534.52,2,157.7,1
CUST-003164,Male,0,Yes,Yes,72,Yes,Yes,No,Yes,No,Yes,Yes,One year,Yes,Credit card,66.06,4842.29,0,140.6,0
CUST-003165,Male,0,Yes,No,72,Yes,No,DSL,No,No,No internet service,No,Month-to-month,Yes,Mailed check,44.41,2797.87,2,213.3,1
CUST-003166,Female,1,No,No,53,Yes,No,No,Yes,Yes,Yes,Yes,Month-to-month,No,Bank transfer,18.0,932.51,2,217.4,1
CUST-003167,Male,1,No,No,65,Yes,Yes,DSL,Yes,No internet service,No,Yes,One year,Yes,Mailed check,49.19,2981.89,1,143.6,0
CUST-003168,Female,0,No,No,39,Yes,No,DSL,No,No internet service,Yes,No,One year,No,Electronic check,75.97,3057.59,0,132.9,1
CUST-003169,Female,0,Yes,No,31,Yes,No phone service,Fiber optic,No internet service,No internet service,No internet service,Yes,Month-to-month,No,Electronic check,127.57,3918.93,1,216.8,1
CUST-003170,Male,0,Yes,No,23,Yes,No,No,No,Yes,Yes,No,One year,No,Credit card,93.88,1835.41,0,227.5,0
CUST-003171,Male,0,No,No,12,No,Yes,DSL,Yes,Yes,No,Yes,Month-to-month,Yes,Mailed check,61.61,683.56,0,0.0,0
CUST-003172,Female,0,Yes,No,72,Yes,No,DSL,No,No,No,No,Month-to-month,Yes,Mailed check,49.59,3163.97,2,55.2,0
CUST-003173,Female,1,Yes,No,72,Yes,No,No,Yes,No,Yes,No,Two year,No,Electronic check,64.6,4217.52,0,67.4,0
CUST-003174,Male,1,No,No,33,Yes,Yes,Fiber optic,Yes,Yes,No,No,Two year,Yes,Mailed check,65.75,2017.41,1,137.7,0
CUST-003175,Female,0,No,No,33,Yes,Yes,DSL,No,No,No internet service,No internet service,Month-to-month,No,Credit card,18.0,569.22,1,3.2,0
CUST-003176,Male,0,Yes,Yes,49,Yes,Yes,Fiber optic,Yes,Yes,No,No,Two year,Yes,Bank transfer,48.65,2406.7,3,220.0,0
CUST-003177,Female,0,Yes,Yes,29,Yes,No phone service,DSL,No,Yes,Yes,Yes,One year,No,Bank transfer,111.24,2797.89,0,90.1,0
CUST-003178,Male,1,Yes,Yes,14,Yes,No,Fiber optic,Yes,No internet service,No internet service,No,Month-to-month,No,Credit card,150.72,1979.7,0,242.8,1
CUST-003179,Male,0,No,No,10,Yes,Yes,Fiber optic,Yes,Yes,No,Yes,Month-to-month,No,Credit card,117.62,1199.87,2,117.8,1
CUST-003180,Female,1,No,No,72,Yes,No,Fiber optic,No,No internet service,Yes,No,Month-to-month,No,Bank transfer,93.26,6287.6,2,257.5,1
CUST-003181,Male,0,No,No,7,Yes,Yes,Fiber optic,No,No,No internet service,No internet service,One year,Yes,Bank transfer,53.21,355.29,2,145.9,0
CUST-003182,Male,0,Yes,Yes,41,Yes,No,Fiber optic,No internet service,No,No,Yes,Two year,Yes,Credit card,90.17,3717.96,4,159.5,1
CUST-003183,Male,0,No,No,8,Yes,No,DSL,Yes,Yes,No,No,Month-to-month,Yes,Electronic check,88.36,701.6,1,238.5,0
CUST-003184,Female,0,Yes,No,30,Yes,No,Fiber optic,No internet service,No,Yes,Yes,Month-to-month,No,Bank transfer,119.9,3424.24,2,134.2,1
CUST-003185,Female,1,No,Yes,24,Yes,No,Fiber optic,No,No internet service,No internet service,No internet service,Month-to-month,Yes,Electronic check,115.66,2896.47,0,28.9,1
CUST-003186,Male,0,No,No,9,Yes,Yes,Fiber optic,No internet service,No,Yes,No internet service,Month-to-month,No,Electronic check,131.29,1012.9,0,30.2,1
CUST-003187,Male,1,Yes,No,50,Yes,Yes,Fiber optic,Yes,Yes,No,No,Two year,No,Electronic check,153.29,6598.32,2,265.4,0
CUST-003188,Male,0,No,No,13,Yes,Yes,Fiber optic,No internet service,Yes,No,Yes,Month-to-month,Yes,Mailed check,82.85,1007.54,0,62.6,1
CUST-003189,Female,0,Yes,No,8,Yes,Yes,No,No internet service,Yes,No,No,One year,No,Bank transfer,154.16,1087.22,0,139.0,1
CUST-003190,Male,0,No,No,54,Yes,Yes,DSL,Yes,No,Yes,Yes,Month-to-month,Yes,Mailed check,18.0,868.29,4,304.3,0
CUST-003191,Female,0,No,No,25,Yes,Yes,Fiber optic,Yes,No,No,No internet service,One year,No,Electronic check,71.65,1576.34,3,124.0,1
CUST-003192,Male,0,Yes,No,17,Yes,No,DSL,No,No,Yes,No internet service,One year,Yes,Mailed check,76.0,1277.11,1,108.9,0
CUST-003193,Male,1,No,Yes,56,No,Yes,Fiber optic,Yes,No internet service,Yes,No,One year,Yes,Mailed check,111.47,5831.95,2,198.5,1
CUST-003194,Male,0,No,No,12,Yes,Yes,DSL,Yes,No,No,No,Month-to-month,Yes,Electronic check,64.55,787.65,2,297.6,0
CUST-003195,Male,0,No,No,6,Yes,Yes,No,No internet service,No,No,Yes,One year,No,Electronic check,55.13,297.71,3,327.1,0
CUST-003196,Male,0,Yes,No,72,Yes,Yes,Fiber optic,No,Yes,No,Yes,One year,No,Mailed check,161.08,11303.99,0,107.4,1
CUST-003197,Female,0,No,Yes,72,Yes,Yes,Fiber optic,No,No,No,No internet service,One year,Yes,Mailed check,78.69,5057.96,3,228.1,0
CUST-003198,Male,0,No,Yes,29,Yes,Yes,DSL,No internet service,No,Yes,Yes,One year,Yes,Electronic check,39.42,974.98,1,166.9,0
CUST-003199,Female,0,Yes,No,29,Yes,No phone service,Fiber optic,No,No internet service,Yes,Yes,Two year,No,Electronic check,145.72,4174.39,2,170.5,1
CUST-003200,Male,0,No,No,58,Yes,Yes,Fiber optic,No,Yes,No,Yes,Month-to-month,Yes,Mailed check,120.47,6142.76,0,218.9,1
CUST-003201,Male,0,No,No,69,Yes,No,DSL,No,Yes,No internet service,Yes,Month-to-month,No,Electronic check,102.84,7016.32,3,207.6,0
CUST-003202,Male,1,No,No,14,No,No,DSL,No,Yes,No,Yes,Two year,No,Mailed check,75.88,1049.66,3,83.8,0
CUST-003203,Female,1,No,Yes,26,Yes,No phone service,Fiber optic,Yes,No,Yes,Yes,Month-to-month,Yes,Electronic check,53.72,1373.86,0,84.4,1
CUST-003204,Male,0,No,Yes,39,Yes,Yes,No,No,No,Yes,Yes,Two year,No,Bank transfer,72.54,2739.59,1,324.5,0
CUST-003205,Male,0,No,No,56,Yes,Yes,Fiber optic,No,Yes,Yes,No,One year,No,Credit card,49.59,2851.94,1,128.7,0
CUST-003206,Male,1,Yes,Yes,52,Yes,No,Fiber optic,Yes,No,No,No internet service,Two year,Yes,Mailed check,102.27,4600.75,4,230.0,1
CUST-003207,Female,0,No,Yes,46,Yes,No,DSL,Yes,No,Yes,Yes,One year,No,Credit card,89.6,4271.58,1,312.5,0
CUST-003208,Female,0,Yes,No,69,No,No,DSL,No internet service,No,Yes,No,Two year,Yes,Credit card,102.26,6090.8,1,161.5,0
CUST-003209,Female,0,No,No,31,Yes,Yes,DSL,Yes,No,No internet service,No,One year,No,Mailed check,67.23,1977.93,2,304.6,0
CUST-003210,Female,0,No,No,72,Yes,No phone service,DSL,No,No,No,No,Month-to-month,No,Electronic check,92.44,6886.48,2,118.9,0
CUST-003211,Female,0,Yes,Yes,21,Yes,Yes,DSL,No,No internet service,Yes,No,Month-to-month,Yes,Mailed check,42.88,813.93,1,272.9,0
CUST-003212,Female,0,Yes,No,53,Yes,Yes,No,Yes,No,Yes,No,Month-to-month,Yes,Electronic check,99.0,5339.19,1,188.2,1
CUST-003213,Male,0,No,No,23,Yes,No phone service,DSL,No,No,No internet service,Yes,Month-to-month,No,Electronic check,90.24,2010.37,0,156.4,0
CUST-003214,Male,0,Yes,No,29,Yes,No,Fiber optic,No,No,No,No internet service,Two year,Yes,Electronic check,70.99,2104.56,2,249.7,1
CUST-003215,Female,0,Yes,Yes,33,Yes,No,DSL,Yes,Yes,Yes,Yes,Month-to-month,No,Bank transfer,85.91,2437.34,0,157.9,0
CUST-003216,Female,0,Yes,No,22,Yes,Yes,Fiber optic,No,No internet service,Yes,No,One year,Yes,Credit card,127.69,2700.19,0,115.2,0
CUST-003217,Female,0,No,No,71,Yes,Yes,DSL,No,Yes,No,Yes,Month-to-month,No,Bank transfer,72.36,4560.73,1,27.9,1
CUST-003218,Male,0,No,Yes,24,Yes,Yes,Fiber optic,No,No internet service,No,No,Month-to-month,No,Mailed check,70.32,1440.72,1,231.1,1
CUST-003219,Male,0,Yes,No,32,Yes,No,DSL,Yes,No internet service,No,No,Two year,Yes,Electronic check,75.33,2381.21,2,239.4,0
CUST-003220,Male,1,No,No,49,Yes,No phone service,DSL,No internet service,Yes,Yes,Yes,Month-to-month,Yes,Mailed check,86.57,4241.83,1,340.0,0
CUST-003221,Female,0,No,No,72,Yes,No phone service,DSL,No internet service,Yes,No internet service,Yes,One year,Yes,Electronic check,45.1,3238.26,0,218.8,0
CUST-003222,Female,0,No,Yes,50,Yes,No,Fiber optic,No internet service,No,No,Yes,Month-to-month,Yes,Credit card,64.77,3223.62,2,105.9,1
CUST-003223,Male,0,Yes,Yes,34,Yes,No,Fiber optic,No,No,No,No,Month-to-month,Yes,Credit card,110.65,3799.63,3,189.5,1
CUST-003224,Female,0,No,No,5,Yes,Yes,No,No,No,Yes,No,Month-to-month,Yes,Electronic check,94.7,446.94,0,165.2,0
CUST-003225,Female,0,Yes,No,29,Yes,Yes,No,No internet service,No internet service,Yes,No,One year,Yes,Bank transfer,134.49,3586.37,1,282.1,0
CUST-003226,Male,0,No,Yes,19,Yes,Yes,DSL,No internet service,No internet service,Yes,No,Month-to-month,Yes,Mailed check,89.97,1716.63,1,285.6,0
CUST-003227,Female,0,Yes,Yes,25,No,No,Fiber optic,No internet service,No,Yes,Yes,Two year,No,Bank transfer,58.73,1443.66,1,395.1,1
CUST-003228,Male,0,No,No,23,Yes,No phone service,Fiber optic,Yes,Yes,Yes,No,One year,Yes,Mailed check,156.19,3197.29,1,164.9,0
CUST-003229,Male,0,No,No,48,Yes,No,DSL,Yes,No internet service,No,No,Month-to-month,No,Electronic check,101.65,4572.08,0,286.6,0
CUST-003230,Female,0,Yes,No,28,Yes,No,Fiber optic,No,No,No,No,Month-to-month,Yes,Mailed check,34.84,864.78,1,313.7,1
CUST-003231,Male,0,Yes,Yes,15,Yes,Yes,No,No,No,No,No internet service,Month-to-month,Yes,Credit card,39.09,589.76,4,247.7,0
CUST-003232,Female,0,Yes,No,60,No,No,DSL,No internet service,No,No,Yes,One year,Yes,Bank transfer,55.25,2981.77,1,135.4,0
CUST-003233,Female,0,Yes,No,11,No,Yes,Fiber optic,Yes,No,No internet service,No,Month-to-month,No,Electronic check,120.14,1287.92,2,144.9,1
CUST-003234,Male,0,No,No,33,Yes,No phone service,Fiber optic,No,No,Yes,Yes,Month-to-month,No,Bank transfer,23.62,777.06,1,251.3,1
CUST-003235,Female,0,Yes,No,29,Yes,No,Fiber optic,No,Yes,No,Yes,Month-to-month,No,Electronic check,91.43,2779.49,1,232.9,1
CUST-003236,Female,0,Yes,No,42,Yes,Yes,DSL,No,No,No internet service,Yes,Month-to-month,No,Bank transfer,93.43,3675.44,0,68.2,0
CUST-003237,Female,0,Yes,Yes,69,Yes,No,DSL,No,No,No,Yes,One year,Yes,Electronic check,18.0,1272.42,1,81.3,0
CUST-003238,Male,1,Yes,No,72,Yes,Yes,Fiber optic,No internet service,No,Yes,No,Month-to-month,No,Credit card,117.4,8308.2,2,225.6,1
CUST-003239,Female,0,No,No,34,Yes,Yes,DSL,No,Yes,No,No,Month-to-month,Yes,Electronic check,96.01,2780.16,1,0.0,1
CUST-003240,Male,0,Yes,No,19,Yes,No,Fiber optic,No,Yes,No,Yes,Month-to-month,Yes,Credit card,69.6,1227.53,2,196.9,1
CUST-003241,Male,0,Yes,No,17,Yes,No,DSL,Yes,Yes,No internet service,Yes,One year,No,Electronic check,35.4,558.99,0,125.0,0
CUST-003242,Female,0,Yes,No,17,Yes,Yes,No,No,No,No,Yes,One year,No,Mailed check,44.13,655.65,1,98.0,1
CUST-003243,Male,0,Yes,Yes,41,Yes,Yes,Fiber optic,Yes,No,No,No internet service,Month-to-month,No,Bank transfer,18.0,691.81,0,132.7,0
CUST-003244,Male,0,Yes,No,4,Yes,Yes,Fiber optic,No,Yes,No internet service,No internet service,Month-to-month,Yes,Mailed check,85.21,297.67,0,196.7,0
CUST-003245,Female,0,Yes,Yes,10,No,Yes,No,Yes,No,No,Yes,One year,Yes,Electronic check,76.59,778.96,2,176.4,1
CUST-003246,Male,0,Yes,No,41,Yes,Yes,Fiber optic,Yes,No,Yes,No internet service,Month-to-month,No,Electronic check,58.42,2209.3,2,64.6,0
CUST-003247,Female,0,Yes,No,62,Yes,No,Fiber optic,No,No,Yes,Yes,One year,No,Credit card,124.16,6825.25,2,17.6,1
CUST-003248,Female,0,No,No,62,Yes,No,No,No,No,Yes,No,Month-to-month,Yes,Mailed check,73.08,4396.5,0,193.6,1
CUST-003249,Male,0,No,No,35,Yes,Yes,DSL,No internet service,No internet service,Yes,No,Month-to-month,Yes,Mailed check,77.8,2781.61,0,220.7,1
CUST-003250,Female,0,No,No,57,Yes,No phone service,No,No,No,Yes,No,Month-to-month,Yes,Credit card,57.94,3424.73,1,243.5,0
CUST-003251,Male,0,No,No,70,No,No,DSL,No,No,No,Yes,Month-to-month,Yes,Electronic check,92.29,6646.82,0,27.1,1
CUST-003252,Female,0,Yes,No,24,Yes,No,DSL,No internet service,Yes,No internet service,No,One year,Yes,Mailed check,108.72,2678.11,4,201.5,0
CUST-003253,Male,0,Yes,Yes,66,Yes,No,Fiber optic,Yes,No,No,No,Month-to-month,Yes,Credit card,82.77,5023.94,0,230.9,0
CUST-003254,Male,0,No,No,7,Yes,No phone service,Fiber optic,Yes,No internet service,No internet service,Yes,Month-to-month,No,Bank transfer,117.83,784.47,1,129.6,1
CUST-003255,Male,0,No,Yes,10,Yes,No,DSL,Yes,No internet service,No internet service,Yes,Month-to-month,No,Electronic check,93.16,861.05,2,141.4,0
CUST-003256,Female,0,Yes,No,25,Yes,No,Fiber optic,No,No,No,No internet service,Month-to-month,No,Credit card,107.54,2781.02,1,133.6,0
CUST-003257,Female,0,No,No,6,Yes,No,DSL,No,No internet service,Yes,Yes,One year,Yes,Bank transfer,120.31,626.99,1,124.1,1
CUST-003258,Male,0,Yes,No,49,Yes,No,Fiber optic,No internet service,No,Yes,Yes,One year,Yes,Electronic check,73.21,3446.68,1,289.8,0
CUST-003259,Male,0,Yes,No,21,Yes,No,Fiber optic,No,No,Yes,No,Two year,No,Electronic check,82.35,1555.41,0,122.2,0
CUST-003260,Female,1,No,No,29,Yes,No,DSL,Yes,No,Yes,No,Month-to-month,No,Bank transfer,46.69,1381.23,3,106.5,0
CUST-003261,Male,0,No,No,30,No,Yes,DSL,No,No,No,No,Month-to-month,No,Credit card,91.75,2526.38,2,0.0,0
CUST-003262,Male,0,No,No,24,Yes,No,Fiber optic,Yes,Yes,No internet service,Yes,Month-to-month,Yes,Credit card,86.83,2131.19,2,233.9,1
CUST-003263,Female,0,No,No,17,Yes,No,DSL,No,No internet service,No internet service,No,Two year,No,Credit card,49.13,864.91,2,100.9,0
CUST-003264,Male,0,Yes,No,47,Yes,Yes,Fiber optic,No,No,No,No internet service,Month-to-month,No,Mailed check,144.89,6022.75,1,100.4,1
CUST-003265,Male,0,Yes,No,21,Yes,Yes,Fiber optic,No,Yes,No,No internet service,Month-to-month,No,Bank transfer,149.29,3137.66,1,313.4,1
CUST-003266,Male,0,Yes,No,30,Yes,No,No,No,No,No internet service,Yes,One year,No,Bank transfer,60.14,1659.83,2,65.7,0
CUST-003267,Male,0,Yes,Yes,42,Yes,Yes,No,Yes,Yes,No internet service,No,Month-to-month,Yes,Electronic check,28.98,1132.67,0,39.4,0
CUST-003268,Female,0,No,No,70,Yes,No,Fiber optic,No,Yes,No internet service,No,Month-to-month,Yes,Mailed check,150.91,9558.56,1,40.5,1
CUST-003269,Female,1,Yes,No,66,Yes,No,Fiber optic,No internet service,No,No,Yes,Month-to-month,Yes,Electronic check,109.12,7009.99,1,40.4,1
CUST-003270,Female,0,Yes,Yes,22,Yes,No,No,Yes,No,No,No,One year,Yes,Credit card,82.62,1669.78,1,108.2,0
CUST-003271,Male,0,No,Yes,16,No,No phone service,DSL,No internet service,No internet service,Yes,Yes,One year,Yes,Bank transfer,73.15,1168.2,1,164.6,0
CUST-003272,Male,0,Yes,No,72,No,No,Fiber optic,No,No,No,Yes,Month-to-month,Yes,Electronic check,70.99,5140.44,4,143.0,1
CUST-003273,Male,0,Yes,No,21,Yes,No,Fiber optic,No internet service,No internet service,Yes,Yes,One year,Yes,Electronic check,82.6,1611.52,0,250.9,0
CUST-003274,Male,0,No,Yes,46,Yes,Yes,Fiber optic,Yes,No,Yes,No,Month-to-month,No,Bank transfer,115.33,4514.5,1,212.7,1
CUST-003275,Female,0,Yes,No,6,Yes,Yes,DSL,No internet service,No,No,No,Month-to-month,Yes,Credit card,56.57,293.01,0,192.1,1
CUST-003276,Male,0,No,No,4,Yes,Yes,DSL,No,Yes,No,No internet service,Two year,Yes,Mailed check,82.99,300.34,0,203.8,0
CUST-003277,Female,1,Yes,Yes,34,Yes,No,Fiber optic,Yes,No internet service,Yes,No,One year,No,Credit card,95.4,3375.89,2,225.7,0
CUST-003278,Female,1,Yes,Yes,27,Yes,Yes,Fiber optic,No,No,No,No,Two year,Yes,Electronic check,63.29,1587.18,1,159.4,0
CUST-003279,Female,0,Yes,Yes,54,Yes,No,Fiber optic,No internet service,Yes,Yes,No,One year,Yes,Electronic check,143.63,7747.29,5,317.9,1
CUST-003280,Male,0,Yes,No,17,Yes,Yes,DSL,No,Yes,Yes,Yes,Month-to-month,No,Credit card,87.82,1548.52,0,113.7,1
CUST-003281,Male,1,Yes,No,40,Yes,Yes,No,Yes,No,Yes,No,Month-to-month,No,Electronic check,79.92,2935.71,3,120.7,0
CUST-003282,Male,0,No,No,52,Yes,No,DSL,Yes,No internet service,No,No internet service,Month-to-month,Yes,Electronic check,86.65,4335.77,0,93.7,1
CUST-003283,Female,0,No,Yes,18,Yes,No phone service,DSL,Yes,No,No,Yes,Month-to-month,Yes,Mailed check,18.0,330.63,4,98.2,1
CUST-003284,Female,0,Yes,Yes,25,Yes,Yes,Fiber optic,Yes,Yes,Yes,No internet service,Month-to-month,Yes,Mailed check,80.2,1950.9,3,64.1,0
CUST-003285,Female,0,Yes,No,12,Yes,Yes,DSL,No,Yes,Yes,No,Month-to-month,Yes,Electronic check,24.18,253.16,2,67.8,0
CUST-003286,Female,0,No,No,56,Yes,Yes,Fiber optic,No,No,Yes,Yes,Month-to-month,Yes,Electronic check,98.74,5551.12,3,155.4,1
CUST-003287,Male,1,Yes,No,48,Yes,Yes,Fiber optic,No internet service,No,No,Yes,Two year,Yes,Electronic check,104.78,5184.31,2,153.2,0
CUST-003288,Male,0,Yes,Yes,50,Yes,No,DSL,No,No,No,No internet service,Month-to-month,No,Mailed check,74.24,3725.95,1,127.5,0
CUST-003289,Male,0,No,Yes,27,Yes,No,No,No,No,No,No,Month-to-month,Yes,Credit card,105.36,2846.1,1,97.4,1
CUST-003290,Male,1,No,No,47,Yes,No,Fiber optic,Yes,No,No internet service,No,One year,Yes,Credit card,50.08,2356.41,1,289.9,0
CUST-003291,Female,0,Yes,No,29,Yes,No,DSL,No,No,No,Yes,One year,Yes,Mailed check,46.02,1297.96,1,309.7,0
CUST-003292,Female,1,Yes,No,72,Yes,Yes,No,No,Yes,No,No internet service,Month-to-month,Yes,Electronic check,82.43,5338.89,4,236.1,0
CUST-003293,Male,0,No,No,32,Yes,No,DSL,Yes,Yes,No,No,One year,Yes,Bank transfer,77.92,2573.59,0,200.8,0
CUST-003294,Male,1,Yes,No,64,No,No,DSL,No internet service,No,No internet service,Yes,One year,Yes,Electronic check,30.54,1711.6,1,310.0,0
CUST-003295,Female,0,No,No,27,No,No,Fiber optic,No,Yes,Yes,No,Two year,No,Electronic check,130.9,3588.82,0,202.0,0
CUST-003296,Male,0,Yes,No,72,Yes,No phone service,No,No internet service,No,Yes,Yes,Month-to-month,Yes,Credit card,116.3,7719.19,0,50.5,1
CUST-003297,Male,0,Yes,No,16,Yes,No,Fiber optic,No,Yes,No,No,Month-to-month,No,Electronic check,107.77,1698.01,1,85.6,1
CUST-003298,Male,1,No,Yes,43,Yes,No,Fiber optic,No,No,No,Yes,One year,No,Electronic check,49.73,2161.86,2,182.1,0
CUST-003299,Male,0,Yes,Yes,19,No,No,Fiber optic,No,Yes,No internet service,Yes,Month-to-month,Yes,Mailed check,99.79,1914.47,0,233.9,1
CUST-003300,Male,0,Yes,No,39,Yes,No,DSL,Yes,No,No,No internet service,One year,No,Electronic check,80.21,2759.79,1,294.0,0
CUST-003301,Female,1,No,Yes,21,Yes,No,DSL,Yes,Yes,Yes,Yes,One year,Yes,Bank transfer,61.84,1262.61,1,291.7,0
CUST-003302,Female,0,No,Yes,32,Yes,Yes,No,Yes,No,Yes,Yes,One year,Yes,Credit card,110.42,3154.98,3,257.7,0
CUST-003303,Female,1,Yes,No,23,Yes,No,DSL,No,No,No,Yes,Two year,Yes,Mailed check,66.52,1334.81,0,268.6,0
CUST-003304,Male,0,No,No,51,Yes,Yes,No,Yes,No,Yes,Yes,One year,No,Credit card,133.14,6468.87,2,146.8,0
CUST-003305,Male,0,Yes,Yes,45,Yes,No,DSL,No,No internet service,No internet service,Yes,Two year,Yes,Bank transfer,93.49,4407.07,0,142.5,0
CUST-003306,Female,0,No,No,19,No,Yes,DSL,No,No,Yes,No,One year,No,Electronic check,78.28,1556.28,3,136.7,0
CUST-003307,Female,1,Yes,Yes,18,Yes,Yes,Fiber optic,No,Yes,No,No,Month-to-month,No,Credit card,122.61,2129.08,2,183.7,0
CUST-003308,Male,0,Yes,No,15,Yes,No,Fiber optic,No,No internet service,No,Yes,One year,Yes,Credit card,140.93,2123.27,2,247.6,1
CUST-003309,Female,0,Yes,No,13,Yes,No phone service,DSL,No internet service,No,Yes,No internet service,One year,Yes,Electronic check,96.97,1134.49,0,466.5,0
CUST-003310,Male,0,No,Yes,53,Yes,No phone service,DSL,No,No,No,Yes,Two year,No,Mailed check,67.72,3212.08,1,141.1,0
CUST-003311,Male,0,Yes,Yes,14,Yes,No phone service,Fiber optic,No internet service,No,No internet service,Yes,Month-to-month,No,Electronic check,75.2,1043.68,4,121.5,1
CUST-003312,Female,0,No,Yes,41,Yes,No,DSL,No,Yes,Yes,Yes,Month-to-month,No,Electronic check,36.34,1500.53,0,238.1,1
CUST-003313,Female,0,Yes,No,22,Yes,No,Fiber optic,No,No internet service,Yes,No,Two year,Yes,Electronic check,21.78,478.34,0,140.9,0
CUST-003314,Female,1,No,No,62,Yes,Yes,Fiber optic,Yes,No internet service,No,Yes,Month-to-month,No,Bank transfer,100.23,5411.85,2,296.6,0
CUST-003315,Female,1,No,No,72,Yes,No,Fiber optic,Yes,No internet service,No internet service,No internet service,One year,Yes,Electronic check,83.37,5529.95,1,309.5,0
CUST-003316,Male,0,Yes,No,1,Yes,Yes,Fiber optic,Yes,No,No,Yes,Month-to-month,Yes,Mailed check,84.98,72.98,0,350.4,1
CUST-003317,Male,0,No,No,16,Yes,Yes,Fiber optic,Yes,No,No,No,Month-to-month,Yes,Mailed check,125.87,2028.42,2,222.9,1
CUST-003318,Female,1,Yes,No,21,Yes,No,No,No internet service,Yes,Yes,Yes,Month-to-month,Yes,Mailed check,66.64,1276.74,0,323.4,0
CUST-003319,Female,0,No,No,27,Yes,Yes,No,Yes,No,Yes,No internet service,Two year,No,Bank transfer,126.85,3205.65,1,65.6,1
CUST-003320,Female,0,Yes,No,26,Yes,No,Fiber optic,No internet service,Yes,Yes,No,Month-to-month,No,Electronic check,77.81,1953.75,0,299.3,1
CUST-003321,Female,0,Yes,No,10,Yes,No phone service,Fiber optic,No,No,No,Yes,One year,Yes,Credit card,65.87,559.98,2,254.5,1
CUST-003322,Female,0,No,No,72,Yes,Yes,DSL,No,Yes,No internet service,Yes,One year,No,Mailed check,32.27,2139.54,1,203.4,0
CUST-003323,Male,0,Yes,No,27,Yes,Yes,Fiber optic,Yes,No internet service,No,No,One year,No,Bank transfer,116.68,3136.11,1,165.0,1
CUST-003324,Female,0,Yes,No,45,Yes,No,No,No,No internet service,No,Yes,Month-to-month,Yes,Credit card,104.54,4267.99,3,0.0,1
CUST-003325,Male,0,Yes,No,46,Yes,No,DSL,Yes,No,No,Yes,Month-to-month,No,Electronic check,52.17,2313.57,0,246.2,1
CUST-003326,Female,0,No,Yes,8,Yes,No,No,No,No,No,Yes,Two year,Yes,Credit card,38.08,318.49,3,132.7,0
CUST-003327,Female,0,No,Yes,24,Yes,No,Fiber optic,Yes,No internet service,No internet service,No,Month-to-month,Yes,Bank transfer,140.91,2954.45,1,151.1,1
CUST-003328,Female,0,No,No,53,No,No,No,No internet service,Yes,No,Yes,Month-to-month,Yes,Electronic check,26.49,1268.6,2,202.9,0
CUST-003329,Female,0,No,No,72,Yes,No,DSL,No,No,No,No,Two year,Yes,Mailed check,100.31,7126.7,0,212.9,0
CUST-003330,Female,0,No,Yes,25,Yes,Yes,DSL,No,No,No internet service,No,Month-to-month,No,Electronic check,52.87,1281.68,1,111.7,0
CUST-003331,Male,0,No,Yes,10,Yes,No phone service,No,Yes,Yes,No internet service,Yes,Month-to-month,No,Bank transfer,81.91,856.48,2,106.6,1
CUST-003332,Male,0,No,Yes,20,Yes,No,DSL,No,No,No,No,Two year,No,Credit card,102.31,1753.39,0,95.6,0
CUST-003333,Female,0,No,No,24,Yes,No,Fiber optic,Yes,Yes,No internet service,No,Month-to-month,Yes,Mailed check,109.29,2690.05,1,189.4,0
CUST-003334,Male,0,No,No,23,Yes,Yes,DSL,No,No,No internet service,No,Month-to-month,Yes,Bank transfer,61.14,1332.74,0,288.3,1
CUST-003335,Female,0,Yes,Yes,15,Yes,No phone service,No,Yes,No,No,No,Month-to-month,Yes,Electronic check,111.88,1502.67,0,197.1,0
CUST-003336,Male,0,No,No,9,Yes,Yes,No,No internet service,Yes,Yes,No,One year,Yes,Electronic check,78.67,673.13,4,209.1,0
CUST-003337,Male,0,No,No,12,Yes,No,DSL,Yes,Yes,No,No,Two year,No,Bank transfer,180.48,2019.39,0,161.3,1
CUST-003338,Female,0,Yes,No,20,Yes,Yes,DSL,No,No internet service,Yes,Yes,One year,Yes,Electronic check,18.85,333.89,1,138.9,0
CUST-003339,Male,0,No,No,53,Yes,No,Fiber optic,Yes,No,Yes,No internet service,Two year,Yes,Bank transfer,43.4,2056.2,1,122.7,1
CUST-003340,Male,0,No,No,67,Yes,No,Fiber optic,No,No,No,No internet service,Month-to-month,No,Electronic check,124.83,7590.92,2,145.0,0
CUST-003341,Female,1,No,Yes,34,Yes,Yes,DSL,Yes,Yes,No internet service,No internet service,One year,No,Bank transfer,69.05,2254.74,0,52.9,0
CUST-003342,Female,0,No,No,12,Yes,Yes,Fiber optic,No internet service,No,No,Yes,Month-to-month,No,Electronic check,118.78,1235.23,2,299.2,1
CUST-003343,Female,1,Yes,Yes,21,Yes,Yes,Fiber optic,Yes,Yes,No,No,Two year,No,Mailed check,62.05,1130.72,1,204.9,0
CUST-003344,Male,0,No,No,4,Yes,Yes,DSL,No,No,No internet service,No internet service,Two year,Yes,Mailed check,71.62,262.53,0,199.4,0
CUST-003345,Male,0,Yes,No,72,Yes,Yes,DSL,No internet service,Yes,Yes,No internet service,Month-to-month,No,Electronic check,83.72,5976.32,1,215.1,0
CUST-003346,Female,0,Yes,No,18,Yes,No,DSL,No,No,No,Yes,Two year,No,Bank transfer,53.69,1010.52,1,143.1,0
CUST-003347,Male,1,No,No,42,Yes,No,Fiber optic,No,No internet service,No,No internet service,One year,Yes,Credit card,101.95,3650.07,1,209.2,0
CUST-003348,Female,0,No,No,64,Yes,No,Fiber optic,No internet service,No,No,No,Month-to-month,Yes,Credit card,54.15,3619.99,2,122.3,0
CUST-003349,Male,0,No,No,72,Yes,Yes,DSL,Yes,Yes,No internet service,Yes,One year,Yes,Bank transfer,81.84,5817.44,2,133.8,1
CUST-003350,Male,0,No,Yes,57,Yes,No,No,No,No,No,No internet service,Two year,Yes,Bank transfer,113.36,6656.84,3,178.0,0
CUST-003351,Female,0,No,Yes,23,Yes,No,Fiber optic,No,No,Yes,Yes,Month-to-month,Yes,Credit card,57.87,1274.19,2,186.5,1
CUST-003352,Male,0,No,No,46,Yes,No,No,No,No,No,Yes,Month-to-month,Yes,Credit card,31.06,1346.79,1,313.9,1
CUST-003353,Male,0,No,No,72,Yes,No phone service,DSL,No internet service,Yes,No,No internet service,Two year,Yes,Bank transfer,105.7,7663.74,1,97.7,0
CUST-003354,Male,0,Yes,No,18,Yes,No phone service,No,No,No,No internet service,No,Month-to-month,No,Electronic check,30.53,527.7,0,93.5,1
CUST-003355,Female,0,No,Yes,8,Yes,No,DSL,No internet service,Yes,No internet service,Yes,Month-to-month,Yes,Bank transfer,95.22,784.2,0,140.8,1
CUST-003356,Female,0,No,No,15,Yes,No,Fiber optic,Yes,No internet service,Yes,No,One year,Yes,Mailed check,96.66,1491.39,0,273.4,1
CUST-003357,Male,0,No,Yes,44,Yes,Yes,DSL,No internet service,No,Yes,Yes,One year,Yes,Credit card,57.47,2417.45,0,206.5,0
CUST-003358,Male,0,Yes,No,23,Yes,Yes,DSL,No,No internet service,Yes,No,Month-to-month,Yes,Bank transfer,114.0,2529.49,3,383.3,1
CUST-003359,Female,0,No,Yes,30,Yes,No,Fiber optic,No,Yes,No internet service,Yes,Month-to-month,Yes,Bank transfer,122.84,3468.84,1,174.1,1
CUST-003360,Male,0,Yes,No,49,Yes,No,Fiber optic,Yes,Yes,Yes,No,Two year,Yes,Electronic check,103.39,5004.79,2,213.9,0
CUST-003361,Female,0,Yes,No,15,Yes,No,DSL,Yes,No,No,Yes,Month-to-month,No,Electronic check,18.0,266.35,0,188.0,0
CUST-003362,Female,0,Yes,No,29,No,No,DSL,Yes,No,Yes,No,One year,No,Electronic check,91.37,2596.98,1,205.1,0
CUST-003363,Female,0,No,Yes,21,No,No,No,No,No,No,No,Two year,No,Mailed check,37.87,685.97,2,111.8,0
CUST-003364,Male,0,No,No,72,Yes,Yes,Fiber optic,No,No,No,No,Month-to-month,Yes,Mailed check,88.36,6633.57,0,188.0,0
CUST-003365,Male,0,No,Yes,56,Yes,No phone service,Fiber optic,No,Yes,Yes,No,Two year,No,Mailed check,95.22,4890.38,1,78.8,0
CUST-003366,Female,1,No,Yes,24,Yes,No,No,Yes,No,Yes,No,One year,No,Electronic check,126.92,2739.13,2,211.2,0
CUST-003367,Female,0,No,No,23,Yes,Yes,Fiber optic,No internet service,No internet service,No internet service,No internet service,Two year,No,Mailed check,87.4,1793.58,1,219.9,0
CUST-003368,Female,0,Yes,No,72,Yes,No,Fiber optic,Yes,No,Yes,No,Month-to-month,No,Credit card,52.32,3253.99,2,162.1,0
CUST-003369,Male,0,No,No,72,Yes,No phone service,No,No,No internet service,Yes,No,Month-to-month,No,Electronic check,114.09,7733.13,2,120.7,1
CUST-003370,Female,0,Yes,No,44,Yes,No,No,No internet service,No,Yes,Yes,One year,Yes,Electronic check,91.77,3465.84,1,112.5,0
CUST-003371,Male,0,No,No,31,Yes,No,DSL,No,Yes,No,No internet service,Two year,Yes,Bank transfer,92.89,2540.3,1,95.2,0
CUST-003372,Female,0,Yes,No,10,Yes,No phone service,Fiber optic,No,No internet service,No internet service,No internet service,Two year,Yes,Electronic check,139.65,1188.52,3,114.6,0
CUST-003373,Female,0,Yes,No,15,Yes,No,DSL,Yes,No,Yes,Yes,Month-to-month,Yes,Mailed check,121.7,1615.4,3,404.9,1
CUST-003374,Male,1,No,No,9,Yes,No,No,No,No,No internet service,No internet service,Month-to-month,No,Electronic check,43.25,408.32,1,205.9,0
CUST-003375,Female,0,Yes,No,66,Yes,No,No,No internet service,Yes,Yes,No,Month-to-month,No,Credit card,28.27,1788.02,1,157.8,0
CUST-003376,Male,0,No,No,10,Yes,No,Fiber optic,No,Yes,No internet service,No,One year,Yes,Bank transfer,120.27,1038.48,1,114.6,1
CUST-003377,Female,0,No,No,22,Yes,No,No,No internet service,Yes,Yes,Yes,Two year,No,Electronic check,62.13,1315.97,0,166.5,0
CUST-003378,Male,0,Yes,No,5,Yes,Yes,DSL,No,Yes,Yes,No,One year,Yes,Credit card,64.85,314.56,0,233.0,0
CUST-003379,Male,0,No,Yes,7,Yes,No,Fiber optic,No internet service,No internet service,No,No,Month-to-month,No,Bank transfer,61.35,412.08,1,227.9,0
CUST-003380,Female,1,Yes,No,51,Yes,No,Fiber optic,Yes,No,Yes,No internet service,Two year,No,Electronic check,112.52,5263.21,0,266.8,0
CUST-003381,Female,0,No,No,39,Yes,Yes,Fiber optic,No,No,Yes,No,Month-to-month,Yes,Credit card,107.06,4098.03,2,271.1,1
CUST-003382,Male,0,Yes,No,32,Yes,No,No,Yes,No,No,No,Month-to-month,Yes,Electronic check,65.34,1836.74,1,178.3,1
CUST-003383,Male,0,Yes,No,23,Yes,No,Fiber optic,No,Yes,Yes,No,One year,Yes,Credit card,53.35,1096.87,0,117.0,0
CUST-003384,Male,0,No,No,6,Yes,Yes,DSL,No,No,No,Yes,Month-to-month,Yes,Electronic check,106.27,668.86,0,158.5,1
CUST-003385,Female,0,No,No,20,Yes,No,Fiber optic,Yes,No,No internet service,No,One year,No,Electronic check,102.67,1916.08,2,250.8,1
CUST-003386,Female,0,Yes,No,27,Yes,Yes,DSL,No internet service,No internet service,Yes,No internet service,One year,No,Mailed check,103.54,2458.76,1,121.1,0
CUST-003387,Male,0,No,Yes,48,Yes,Yes,DSL,No,Yes,Yes,Yes,Month-to-month,No,Mailed check,18.0,771.9,1,369.4,0
CUST-003388,Female,1,No,Yes,63,Yes,Yes,No,No,No internet service,No,No,Month-to-month,Yes,Mailed check,71.7,4494.02,1,118.2,0
CUST-003389,Female,0,Yes,Yes,52,Yes,No,DSL,No internet service,No,No,No,Month-to-month,Yes,Credit card,48.49,2202.02,0,225.6,1
CUST-003390,Male,0,No,No,39,Yes,No phone service,DSL,No internet service,No internet service,No,Yes,One year,Yes,Electronic check,71.08,2552.72,2,206.3,0
CUST-003391,Female,0,No,No,31,Yes,No,DSL,No internet service,No,Yes,No,Month-to-month,Yes,Electronic check,98.3,2790.24,1,251.8,1
CUST-003392,Female,0,No,Yes,36,Yes,Yes,DSL,No,No internet service,No,Yes,Month-to-month,No,Electronic check,81.1,2614.73,0,0.0,1
CUST-003393,Male,0,Yes,Yes,19,Yes,Yes,No,No,No internet service,No,No internet service,Month-to-month,Yes,Electronic check,70.54,1267.1,0,265.7,0
CUST-003394,Female,0,No,No,33,No,Yes,DSL,Yes,No,No,No,One year,No,Electronic check,70.38,2025.41,0,147.1,0
CUST-003395,Female,0,No,Yes,27,Yes,Yes,No,No,No,Yes,No,Month-to-month,Yes,Electronic check,23.21,589.82,0,103.5,1
CUST-003396,Female,0,No,No,72,Yes,No,Fiber optic,No,Yes,Yes,No internet service,Month-to-month,Yes,Electronic check,67.8,4181.39,2,267.1,1
CUST-003397,Female,0,No,No,37,Yes,No phone service,DSL,No,No,No,Yes,Month-to-month,Yes,Electronic check,103.64,4003.62,3,16.8,0
CUST-003398,Female,0,Yes,No,4,Yes,No phone service,No,No internet service,No,Yes,No internet service,Month-to-month,No,Mailed check,54.83,212.97,1,352.8,1
CUST-003399,Female,1,No,Yes,22,No,Yes,No,No,No,Yes,No,Month-to-month,Yes,Electronic check,104.21,1983.2,0,198.7,0
CUST-003400,Male,1,No,No,25,No,Yes,DSL,No,Yes,No,No,Month-to-month,No,Credit card,94.79,2104.71,3,166.7,1
CUST-003401,Female,0,Yes,Yes,57,Yes,No,DSL,No,Yes,No,Yes,One year,Yes,Electronic check,96.38,5478.55,0,66.2,0
CUST-003402,Female,0,No,No,40,Yes,No,No,Yes,No internet service,Yes,Yes,Month-to-month,Yes,Mailed check,79.99,3187.77,2,155.9,0
CUST-003403,Male,0,Yes,No,39,Yes,Yes,Fiber optic,No,No,No,No internet service,Month-to-month,Yes,Credit card,81.92,2948.85,0,285.5,1
CUST-003404,Female,0,No,No,72,Yes,No phone service,No,No,No internet service,No,No,Two year,Yes,Bank transfer,65.47,4146.42,1,203.5,0
CUST-003405,Male,0,Yes,No,72,Yes,No,Fiber optic,No internet service,Yes,Yes,No,Month-to-month,Yes,Electronic check,114.21,7871.16,2,230.6,1
CUST-003406,Male,0,No,No,51,Yes,No,Fiber optic,Yes,No internet service,No,No,Month-to-month,Yes,Mailed check,31.23,1441.94,1,270.9,0
CUST-003407,Male,0,Yes,No,23,Yes,No,DSL,No,Yes,No,No internet service,Month-to-month,Yes,Bank transfer,107.31,2145.76,2,103.4,0
CUST-003408,Female,0,No,Yes,24,Yes,Yes,Fiber optic,No,Yes,No internet service,Yes,Month-to-month,Yes,Credit card,80.0,1764.78,3,34.1,1
CUST-003409,Female,1,No,No,69,Yes,No,Fiber optic,No,Yes,No internet service,No,Month-to-month,Yes,Bank transfer,92.41,6377.68,1,89.9,0
CUST-003410,Male,0,Yes,No,24,Yes,No phone service,Fiber optic,Yes,Yes,No,No internet service,Two year,No,Mailed check,92.67,2048.0,0,177.3,0
CUST-003411,Male,0,Yes,Yes,30,Yes,No phone service,No,No,Yes,Yes,No internet service,Month-to-month,Yes,Bank transfer,68.81,1771.36,0,158.5,1
CUST-003412,Female,0,No,No,21,Yes,Yes,DSL,Yes,No internet service,No internet service,No,One year,Yes,Bank transfer,30.59,561.51,1,157.1,0
CUST-003413,Male,0,Yes,Yes,12,No,Yes,No,No,No,Yes,No,Two year,No,Mailed check,74.55,867.13,2,226.3,0
CUST-003414,Male,0,No,No,72,Yes,No,Fiber optic,No,No,Yes,No,Month-to-month,No,Credit card,112.83,7753.63,4,141.3,1
CUST-003415,Female,0,No,No,30,Yes,Yes,Fiber optic,Yes,No,Yes,Yes,One year,No,Electronic check,33.67,994.82,0,84.5,0
CUST-003416,Male,0,No,No,72,Yes,No,Fiber optic,No internet service,No,Yes,No,Month-to-month,No,Credit card,55.98,3886.62,1,91.3,1
CUST-003417,Female,0,Yes,No,24,No,No,Fiber optic,No,No,No,No,Month-to-month,Yes,Bank transfer,121.88,2777.15,0,235.3,1
CUST-003418,Female,1,Yes,Yes,18,Yes,Yes,Fiber optic,No internet service,No internet service,No internet service,No,Two year,Yes,Credit card,116.29,1978.21,0,276.4,0
CUST-003419,Male,0,No,No,48,Yes,Yes,Fiber optic,No,Yes,Yes,No internet service,Month-to-month,Yes,Credit card,103.96,5201.31,1,306.3,1
CUST-003420,Male,1,Yes,Yes,63,Yes,No,DSL,No,Yes,Yes,Yes,Two year,Yes,Electronic check,49.54,3190.83,4,137.2,0
CUST-003421,Female,0,No,Yes,66,Yes,No phone service,DSL,No,Yes,Yes,No,One year,No,Credit card,91.47,5593.66,0,195.8,0
CUST-003422,Female,1,No,No,27,Yes,No,Fiber optic,Yes,No,Yes,No,Month-to-month,No,Mailed check,58.91,1559.94,0,222.5,0
CUST-003423,Male,0,No,Yes,51,Yes,No phone service,DSL,Yes,No,No,No internet service,Month-to-month,Yes,Electronic check,65.88,2869.62,1,206.0,0
CUST-003424,Male,0,No,No,20,Yes,No,Fiber optic,No,No,Yes,Yes,One year,Yes,Mailed check,55.81,953.37,1,230.5,1
CUST-003425,Female,1,No,No,33,Yes,Yes,DSL,Yes,No,No,Yes,Month-to-month,No,Bank transfer,65.14,1964.14,2,242.7,1
CUST-003426,Male,0,No,No,25,Yes,Yes,DSL,No,No,No,No,Month-to-month,Yes,Electronic check,39.09,978.14,2,111.2,1
CUST-003427,Male,1,Yes,No,22,Yes,No,No,Yes,Yes,Yes,No,Month-to-month,Yes,Credit card,92.67,2110.38,1,124.1,0
CUST-003428,Male,0,Yes,Yes,34,Yes,Yes,No,Yes,No internet service,Yes,Yes,Month-to-month,Yes,Credit card,83.0,2784.02,3,218.4,0
CUST-003429,Male,0,Yes,No,12,Yes,Yes,Fiber optic,No,No,No internet service,No,Two year,Yes,Credit card,77.88,926.44,1,90.7,0
CUST-003430,Female,0,Yes,Yes,60,Yes,Yes,DSL,No,Yes,Yes,Yes,Month-to-month,Yes,Electronic check,102.71,5277.74,0,124.0,1
CUST-003431,Female,0,No,No,22,Yes,No,No,Yes,No,No internet service,No internet service,Month-to-month,Yes,Mailed check,41.31,941.58,5,194.0,1
CUST-003432,Male,0,No,No,58,Yes,No phone service,No,Yes,Yes,No internet service,Yes,One year,Yes,Credit card,68.94,3468.22,0,135.7,0
CUST-003433,Male,0,No,Yes,14,Yes,No phone service,DSL,No,No,No internet service,Yes,One year,Yes,Bank transfer,51.56,750.2,3,211.9,0
CUST-003434,Female,0,No,No,22,Yes,No,DSL,No,No,No,No,Two year,Yes,Credit card,92.27,1783.0,1,116.8,0
CUST-003435,Male,0,Yes,Yes,12,Yes,Yes,DSL,Yes,No,No,Yes,Two year,No,Electronic check,89.3,918.05,3,0.0,0
CUST-003436,Female,0,Yes,No,11,Yes,No,No,No,Yes,Yes,No internet service,Month-to-month,No,Mailed check,109.06,1154.93,1,206.4,0
CUST-003437,Male,0,Yes,No,16,No,Yes,Fiber optic,No,Yes,Yes,No,Month-to-month,Yes,Credit card,97.49,1361.31,2,173.4,0
CUST-003438,Female,0,No,Yes,14,Yes,No,Fiber optic,No,Yes,No,No,One year,Yes,Bank transfer,18.0,215.65,2,293.1,0
CUST-003439,Male,0,Yes,Yes,12,Yes,No,No,Yes,No,Yes,Yes,Month-to-month,No,Electronic check,57.07,673.63,2,146.4,1
CUST-003440,Female,0,Yes,No,31,Yes,Yes,DSL,No internet service,No,No,Yes,One year,No,Credit card,116.96,3617.18,2,187.4,0
CUST-003441,Female,1,Yes,No,47,Yes,Yes,Fiber optic,No,Yes,No,Yes,Month-to-month,No,Electronic check,85.25,3640.49,2,143.7,0
CUST-003442,Female,0,No,No,49,Yes,No phone service,Fiber optic,Yes,Yes,Yes,Yes,Two year,Yes,Bank transfer,37.47,1756.72,0,116.3,0
CUST-003443,Male,0,Yes,No,6,Yes,Yes,DSL,No internet service,Yes,No,No,One year,Yes,Mailed check,83.48,484.46,1,136.5,0
CUST-003444,Female,1,Yes,No,25,Yes,No,DSL,No,No,No,No,One year,Yes,Credit card,85.72,1890.53,0,91.6,0
CUST-003445,Male,1,No,No,23,Yes,No,DSL,Yes,No,No,No,Month-to-month,Yes,Credit card,48.18,1039.54,3,191.1,1
CUST-003446,Male,0,Yes,Yes,72,Yes,No,Fiber optic,No internet service,No,No,No,Two year,Yes,Credit card,87.6,6164.44,2,189.2,0
CUST-003447,Female,0,No,Yes,26,Yes,Yes,Fiber optic,No,No,No,No internet service,One year,Yes,Mailed check,69.58,1858.21,3,93.0,0
CUST-003448,Female,0,No,Yes,29,Yes,No,DSL,Yes,No,Yes,No,Two year,No,Mailed check,85.68,2320.08,1,255.5,0
CUST-003449,Male,0,No,No,8,Yes,No,Fiber optic,No,No,Yes,No,Two year,No,Electronic check,96.7,765.74,0,114.2,1
CUST-003450,Female,0,No,No,16,Yes,No,DSL,No,Yes,Yes,Yes,Month-to-month,Yes,Bank transfer,35.03,532.59,0,177.7,1
CUST-003451,Male,0,Yes,Yes,8,Yes,No,DSL,Yes,No,Yes,No,Month-to-month,Yes,Credit card,69.71,552.92,2,254.4,0
CUST-003452,Male,0,No,No,33,Yes,Yes,Fiber optic,No,No internet service,No,No internet service,Month-to-month,No,Credit card,73.01,2428.09,1,295.8,0
CUST-003453,Male,0,No,No,72,Yes,No,DSL,Yes,No,No,No internet service,One year,Yes,Mailed check,113.83,7836.18,1,0.0,0
CUST-003454,Female,0,No,Yes,16,Yes,No,Fiber optic,Yes,Yes,Yes,Yes,One year,Yes,Electronic check,121.81,1680.45,2,257.3,0
CUST-003455,Female,0,Yes,No,26,Yes,Yes,DSL,Yes,No internet service,No internet service,Yes,Month-to-month,Yes,Mailed check,66.33,1767.88,0,201.2,1
CUST-003456,Female,1,Yes,No,15,Yes,No,DSL,Yes,No,Yes,No internet service,Two year,Yes,Credit card,72.43,1054.1,1,223.0,0
CUST-003457,Female,0,No,No,19,Yes,Yes,DSL,No,No,Yes,No,Month-to-month,Yes,Mailed check,100.41,1850.86,2,135.5,1
CUST-003458,Male,0,No,No,33,Yes,No,No,No,No,No internet service,No,One year,No,Electronic check,64.79,2035.27,0,242.9,0
CUST-003459,Female,0,No,No,72,Yes,No,Fiber optic,Yes,No,Yes,No internet service,Month-to-month,No,Bank transfer,117.75,7501.4,1,274.2,1
CUST-003460,Male,1,Yes,No,72,Yes,No,No,Yes,No,Yes,Yes,Month-to-month,No,Electronic check,114.32,7796.84,2,230.3,1
CUST-003461,Female,0,No,No,72,Yes,No,Fiber optic,No,Yes,Yes,Yes,Month-to-month,Yes,Bank transfer,80.27,5533.28,1,254.8,1
CUST-003462,Male,0,No,No,58,Yes,No,No,No,No,Yes,No,One year,Yes,Mailed check,119.38,6417.11,2,348.1,0
CUST-003463,Female,0,Yes,No,25,Yes,No,Fiber optic,No,Yes,Yes,No,One year,Yes,Bank transfer,135.65,2983.77,1,304.3,1
CUST-003464,Male,0,No,No,23,Yes,Yes,DSL,Yes,No,No internet service,No,Month-to-month,Yes,Mailed check,77.46,1785.87,0,119.1,1
CUST-003465,Female,0,No,Yes,16,Yes,No phone service,Fiber optic,No,Yes,No,No internet service,Month-to-month,Yes,Mailed check,81.68,1230.23,2,241.9,0
CUST-003466,Female,0,No,No,25,Yes,No,Fiber optic,No internet service,No,Yes,No,One year,Yes,Electronic check,102.08,2526.9,3,278.2,1
CUST-003467,Female,0,Yes,Yes,72,Yes,Yes,Fiber optic,No,No,No,Yes,Month-to-month,Yes,Credit card,87.66,5424.4,0,206.6,0
CUST-003468,Male,0,Yes,No,72,Yes,Yes,Fiber optic,No,No,Yes,Yes,One year,No,Electronic check,71.22,4875.72,0,236.9,1
CUST-003469,Female,0,Yes,No,72,Yes,No,Fiber optic,Yes,No internet service,Yes,No internet service,Month-to-month,No,Electronic check,110.97,6909.15,2,40.3,1
CUST-003470,Female,0,No,No,35,Yes,Yes,Fiber optic,No,No,No internet service,No internet service,Two year,Yes,Electronic check,64.29,2242.89,1,173.3,0
CUST-003471,Female,0,No,Yes,10,Yes,Yes,DSL,Yes,No,Yes,Yes,One year,No,Electronic check,59.84,578.2,1,154.2,0
CUST-003472,Female,0,No,Yes,45,Yes,Yes,DSL,No,No,No internet service,Yes,Month-to-month,Yes,Mailed check,60.24,2548.82,2,92.0,1
CUST-003473,Male,0,Yes,No,72,Yes,No,Fiber optic,No,No,Yes,Yes,One year,Yes,Electronic check,54.04,4064.46,2,265.4,0
CUST-003474,Female,0,No,No,72,Yes,Yes,No,Yes,No,No internet service,Yes,Month-to-month,Yes,Electronic check,89.75,5914.32,1,71.1,0
CUST-003475,Male,0,Yes,No,21,Yes,Yes,DSL,No,Yes,Yes,Yes,Two year,No,Bank transfer,63.15,1239.39,2,262.1,0
CUST-003476,Female,0,Yes,No,11,Yes,Yes,Fiber optic,No,No,Yes,No internet service,One year,Yes,Bank transfer,133.97,1469.94,1,165.0,0
CUST-003477,Female,1,No,No,11,Yes,No,Fiber optic,No internet service,Yes,No,Yes,Month-to-month,No,Electronic check,87.66,920.88,2,281.6,0
CUST-003478,Male,0,No,No,17,Yes,Yes,DSL,No internet service,No,Yes,Yes,One year,No,Credit card,57.8,964.66,2,213.6,0
CUST-003479,Male,0,Yes,No,19,Yes,Yes,DSL,Yes,Yes,Yes,No internet service,Month-to-month,No,Mailed check,42.86,851.21,0,192.0,0
CUST-003480,Female,0,Yes,No,24,Yes,No,No,No internet service,No,Yes,Yes,Two year,Yes,Credit card,71.17,1689.54,3,175.4,1
CUST-003481,Male,0,No,No,49,Yes,No,DSL,Yes,No,No,Yes,Two year,No,Mailed check,71.34,3076.69,0,137.3,1
CUST-003482,Male,0,No,No,23,Yes,Yes,No,No,No,Yes,No,One year,Yes,Credit card,92.25,1892.39,0,199.4,0
CUST-003483,Male,1,Yes,No,32,Yes,No,DSL,No,No,No,Yes,Month-to-month,Yes,Credit card,72.01,2359.58,2,0.0,0
CUST-003484,Female,0,No,Yes,7,Yes,No,No,Yes,No,Yes,No,One year,No,Electronic check,132.82,799.18,2,151.7,1
CUST-003485,Male,0,Yes,No,16,Yes,No,DSL,No,No internet service,Yes,No,Month-to-month,No,Bank transfer,83.69,1274.49,0,236.2,1
CUST-003486,Female,0,Yes,No,16,No,Yes,DSL,No,Yes,No,No,Month-to-month,Yes,Mailed check,40.39,666.48,4,170.7,0
CUST-003487,Female,0,Yes,No,6,Yes,No,DSL,No,No internet service,No internet service,Yes,Two year,Yes,Mailed check,37.86,228.33,0,259.5,0
CUST-003488,Male,0,Yes,No,23,Yes,No phone service,DSL,No,No,No,No internet service,Month-to-month,No,Mailed check,86.04,1727.94,2,107.6,1
CUST-003489,Male,1,Yes,No,7,Yes,Yes,Fiber optic,No,Yes,No,Yes,Month-to-month,Yes,Bank transfer,64.45,450.29,0,88.9,1
CUST-003490,Male,0,Yes,No,22,Yes,No,Fiber optic,Yes,No,No,No internet service,Month-to-month,Yes,Mailed check,112.85,2299.91,3,190.8,1
CUST-003491,Female,0,No,No,34,Yes,No,Fiber optic,Yes,No,Yes,No internet service,Two year,Yes,Bank transfer,121.87,4268.92,0,125.3,1
CUST-003492,Female,0,Yes,No,72,Yes,No,Fiber optic,Yes,No,Yes,Yes,Two year,Yes,Electronic check,122.59,8513.82,2,230.7,0
CUST-003493,Male,0,Yes,Yes,15,Yes,Yes,No,No,No,No,No internet service,Month-to-month,Yes,Credit card,43.92,632.35,0,136.5,1
CUST-003494,Female,0,No,Yes,33,Yes,No,DSL,Yes,No,No internet service,Yes,Month-to-month,Yes,Credit card,97.64,2744.53,0,198.2,0
CUST-003495,Female,0,Yes,No,18,Yes,Yes,Fiber optic,No,No,No,Yes,Two year,Yes,Bank transfer,104.68,1695.65,1,0.0,1
CUST-003496,Male,0,No,No,7,Yes,No,Fiber optic,No,Yes,Yes,Yes,Month-to-month,No,Bank transfer,76.76,501.1,0,151.2,1
CUST-003497,Male,0,Yes,No,72,Yes,Yes,Fiber optic,No internet service,No,Yes,No internet service,Two year,Yes,Bank transfer,90.22,6461.81,1,152.0,0
CUST-003498,Female,1,No,No,35,Yes,Yes,No,No internet service,No,No internet service,Yes,Two year,No,Mailed check,84.14,2809.41,1,22.8,0
CUST-003499,Male,0,No,No,43,Yes,Yes,No,Yes,No,No internet service,Yes,One year,Yes,Mailed check,49.81,2185.95,0,200.6,0
CUST-003500,Male,0,Yes,No,72,Yes,No,Fiber optic,No,No internet service,No,No internet service,Month-to-month,No,Mailed check,104.06,6419.68,0,168.3,0
CUST-003501,Male,0,No,No,22,Yes,No,Fiber optic,Yes,No internet service,No,No internet service,One year,No,Electronic check,138.37,2784.06,0,104.5,1
CUST-003502,Female,0,No,No,10,Yes,Yes,No,No internet service,Yes,No,No internet service,Two year,No,Electronic check,98.92,959.06,4,295.7,0
CUST-003503,Male,0,No,No,15,Yes,Yes,DSL,No,Yes,No internet service,No internet service,Month-to-month,No,Mailed check,72.46,1067.06,2,90.4,1
CUST-003504,Female,0,Yes,No,9,Yes,No phone service,No,Yes,No internet service,No,Yes,Two year,Yes,Bank transfer,77.02,658.89,1,261.7,1
CUST-003505,Male,0,Yes,Yes,65,Yes,Yes,Fiber optic,Yes,Yes,No,No,Month-to-month,Yes,Mailed check,78.86,4765.8,1,170.2,0
CUST-003506,Female,0,No,No,72,No,Yes,Fiber optic,No internet service,Yes,No internet service,Yes,Two year,No,Electronic check,79.7,4959.96,1,264.4,0
CUST-003507,Female,0,Yes,No,33,No,Yes,DSL,No,No,Yes,No,One year,Yes,Mailed check,23.88,779.7,0,230.5,0
CUST-003508,Male,0,No,No,50,Yes,Yes,Fiber optic,No internet service,No,No,No internet service,Month-to-month,No,Bank transfer,102.53,5284.29,2,4.3,0
CUST-003509,Female,0,Yes,No,60,Yes,No phone service,No,No,No,No,No internet service,Month-to-month,No,Bank transfer,90.47,5492.38,1,87.5,0
CUST-003510,Male,0,Yes,Yes,72,Yes,No,DSL,No,Yes,Yes,No,Month-to-month,Yes,Bank transfer,67.87,4839.31,1,105.1,0
CUST-003511,Female,0,Yes,No,72,No,Yes,Fiber optic,No internet service,Yes,Yes,No,Month-to-month,Yes,Bank transfer,68.68,4830.42,2,390.1,1
CUST-003512,Female,0,Yes,Yes,5,Yes,No,DSL,No,No,Yes,No internet service,Two year,No,Electronic check,71.98,361.51,1,272.2,0
CUST-003513,Female,0,No,No,19,Yes,No,DSL,No,No,No internet service,No,Month-to-month,Yes,Mailed check,110.25,2106.01,2,312.8,1
CUST-003514,Female,0,Yes,Yes,31,Yes,Yes,No,Yes,No,No,No,Two year,No,Mailed check,96.94,2558.53,1,78.4,0
CUST-003515,Female,0,No,Yes,17,No,Yes,Fiber optic,No internet service,No,No,No internet service,Month-to-month,Yes,Credit card,94.12,1474.48,3,198.2,0
CUST-003516,Female,0,No,Yes,24,Yes,Yes,DSL,No internet service,Yes,No,No,One year,No,Electronic check,131.42,3228.62,2,114.1,0
CUST-003517,Male,0,No,No,41,No,Yes,Fiber optic,No internet service,No,No,Yes,Two year,No,Bank transfer,175.96,7359.84,0,322.6,0
CUST-003518,Female,0,No,Yes,41,Yes,Yes,No,Yes,No,No internet service,No internet service,One year,No,Mailed check,55.6,2261.17,2,224.9,0
CUST-003519,Female,0,No,No,58,No,No,DSL,No internet service,No,Yes,No internet service,Two year,No,Mailed check,62.62,3311.86,1,159.4,0
CUST-003520,Female,0,No,No,31,Yes,Yes,Fiber optic,No,No,No,No,Two year,No,Bank transfer,115.8,3624.2,0,120.7,1
CUST-003521,Female,1,No,Yes,2,No,No,DSL,Yes,No,Yes,No,One year,No,Bank transfer,42.61,76.38,2,240.5,1
CUST-003522,Female,0,Yes,No,23,Yes,Yes,DSL,No,Yes,No,No,One year,No,Mailed check,95.47,1964.94,0,212.4,0
CUST-003523,Male,0,No,No,39,Yes,No,DSL,No,Yes,No,Yes,Month-to-month,Yes,Electronic check,73.04,2726.64,2,150.9,0
CUST-003524,Male,0,Yes,Yes,61,Yes,No,Fiber optic,Yes,No internet service,No,Yes,Month-to-month,Yes,Electronic check,106.15,6243.73,0,112.3,1
CUST-003525,Female,0,Yes,Yes,55,Yes,No,DSL,No,No,Yes,Yes,Month-to-month,Yes,Mailed check,52.74,2669.26,1,239.9,0
CUST-003526,Female,0,Yes,No,28,Yes,No,No,No,No,No internet service,Yes,Two year,No,Credit card,46.37,1260.36,1,176.6,0
CUST-003527,Male,0,No,No,18,Yes,Yes,Fiber optic,No internet service,No,Yes,No,One year,Yes,Mailed check,35.44,632.63,3,121.2,0
CUST-003528,Female,1,No,No,29,Yes,Yes,Fiber optic,Yes,No internet service,No internet service,No,One year,Yes,Mailed check,139.54,3585.61,2,200.1,0
CUST-003529,Male,1,No,No,5,Yes,Yes,No,No,No,Yes,Yes,Two year,Yes,Credit card,98.24,445.89,1,246.9,1
CUST-003530,Male,0,Yes,No,19,Yes,Yes,DSL,No internet service,Yes,Yes,Yes,Month-to-month,Yes,Electronic check,90.2,1696.62,1,181.0,0
CUST-003531,Female,1,Yes,No,69,Yes,Yes,DSL,No internet service,Yes,Yes,Yes,Two year,No,Mailed check,80.45,5747.82,2,239.0,0
CUST-003532,Male,0,Yes,No,29,Yes,No,No,Yes,No internet service,Yes,No,Month-to-month,No,Bank transfer,18.0,536.04,0,101.1,1
CUST-003533,Female,0,Yes,No,40,No,No,Fiber optic,No,No internet service,No,No internet service,Month-to-month,Yes,Credit card,72.47,2539.04,3,313.4,1
CUST-003534,Female,0,Yes,Yes,8,Yes,No,No,No,No internet service,No internet service,Yes,One year,No,Credit card,62.32,480.57,2,104.6,0
CUST-003535,Female,1,Yes,Yes,61,No,No,DSL,No,Yes,No,Yes,Month-to-month,Yes,Mailed check,37.56,2314.13,1,230.6,0
CUST-003536,Male,1,No,No,27,Yes,Yes,Fiber optic,No,No,No,No internet service,One year,Yes,Bank transfer,44.19,1070.9,0,169.0,0
CUST-003537,Male,0,No,No,39,Yes,No,No,No internet service,No,Yes,Yes,One year,No,Credit card,40.68,1552.6,0,95.9,0
CUST-003538,Male,0,Yes,No,45,Yes,No,DSL,No,No,No internet service,Yes,Two year,No,Mailed check,71.47,3008.98,2,147.2,0
CUST-003539,Female,0,Yes,No,59,Yes,Yes,Fiber optic,No,No internet service,Yes,No,Month-to-month,No,Credit card,96.48,5593.08,1,337.7,0
CUST-003540,Female,0,No,No,35,Yes,No,No,No internet service,No internet service,No,No internet service,Month-to-month,No,Mailed check,97.23,2914.32,1,92.9,1
CUST-003541,Female,0,No,No,27,Yes,No phone service,No,No internet service,Yes,No internet service,No internet service,Month-to-month,No,Electronic check,131.9,3249.9,0,93.4,1
CUST-003542,Male,0,No,No,10,Yes,Yes,No,Yes,Yes,Yes,No,Month-to-month,Yes,Mailed check,90.57,825.54,1,101.7,1
CUST-003543,Male,0,No,Yes,8,Yes,Yes,Fiber optic,No,Yes,Yes,Yes,Month-to-month,No,Credit card,89.73,670.3,0,269.4,1
CUST-003544,Female,0,Yes,No,34,Yes,Yes,Fiber optic,No internet service,No internet service,No internet service,Yes,Month-to-month,Yes,Bank transfer,149.01,4422.44,2,196.3,1
CUST-003545,Female,0,Yes,No,39,No,No,DSL,No internet service,No internet service,Yes,Yes,Two year,No,Credit card,22.54,824.03,1,143.6,0
CUST-003546,Male,0,Yes,Yes,44,Yes,Yes,No,No internet service,No,Yes,No internet service,Two year,No,Credit card,18.0,758.97,3,154.0,0
CUST-003547,Male,1,No,No,15,Yes,No,Fiber optic,No,Yes,No internet service,No,Two year,Yes,Bank transfer,68.4,877.55,1,139.9,0
CUST-003548,Female,0,No,No,19,Yes,Yes,DSL,Yes,No,Yes,No internet service,Month-to-month,Yes,Electronic check,94.37,1631.91,0,162.4,0
CUST-003549,Female,0,Yes,Yes,34,Yes,Yes,Fiber optic,Yes,No,No,No,One year,No,Credit card,100.06,3012.27,0,83.8,1
CUST-003550,Male,0,No,Yes,21,Yes,Yes,DSL,No,No,No,No,Month-to-month,Yes,Bank transfer,36.15,792.89,4,56.7,1
CUST-003551,Male,1,No,Yes,72,Yes,Yes,DSL,No,No,Yes,Yes,Month-to-month,Yes,Mailed check,48.19,3039.41,0,200.8,0
CUST-003552,Female,1,No,No,19,No,No,Fiber optic,No internet service,Yes,Yes,No,Month-to-month,Yes,Mailed check,57.76,1070.45,2,124.2,1
CUST-003553,Female,0,No,Yes,41,No,Yes,DSL,No,No,No,No,Two year,No,Electronic check,32.75,1249.44,1,217.3,0
CUST-003554,Female,0,No,Yes,54,No,No phone service,DSL,No,Yes,Yes,Yes,One year,Yes,Credit card,116.53,5710.43,0,195.1,0
CUST-003555,Male,0,No,Yes,56,Yes,No,DSL,No,No,No,No internet service,Month-to-month,No,Credit card,65.7,3755.61,2,284.8,0
CUST-003556,Female,0,No,No,21,Yes,Yes,No,Yes,Yes,No internet service,No,One year,Yes,Electronic check,123.09,2540.42,1,194.1,0
CUST-003557,Male,0,No,No,45,No,Yes,Fiber optic,No,No,Yes,Yes,Two year,Yes,Bank transfer,68.3,2993.76,0,233.2,0
CUST-003558,Male,0,Yes,No,41,Yes,No,Fiber optic,No,No,Yes,Yes,Month-to-month,No,Mailed check,109.73,3908.5,1,130.0,1
CUST-003559,Male,1,No,Yes,47,Yes,Yes,DSL,No,No,No,No internet service,Two year,No,Electronic check,76.81,3255.64,0,27.8,0
CUST-003560,Male,0,No,No,33,Yes,Yes,DSL,No,No internet service,No,Yes,Month-to-month,Yes,Bank transfer,96.39,2879.65,1,156.5,0
CUST-003561,Male,0,No,No,54,Yes,No phone service,Fiber optic,No,No,No,No,Month-to-month,No,Bank transfer,102.64,5192.51,1,132.5,0
CUST-003562,Male,0,Yes,Yes,36,Yes,Yes,No,No internet service,No,No,Yes,Two year,No,Mailed check,99.55,3706.79,1,92.5,0
CUST-003563,Female,0,Yes,No,9,Yes,No phone service,Fiber optic,Yes,No internet service,No internet service,No,Month-to-month,No,Electronic check,111.63,935.04,1,255.3,1
CUST-003564,Male,0,Yes,No,35,Yes,Yes,Fiber optic,No,Yes,No,No,One year,Yes,Credit card,62.26,1995.25,0,150.9,0
CUST-003565,Male,0,No,Yes,39,Yes,Yes,No,Yes,Yes,No,No,Month-to-month,No,Mailed check,91.98,3100.08,1,210.2,1
CUST-003566,Female,1,No,No,52,Yes,No,No,No,Yes,Yes,Yes,One year,No,Credit card,66.91,3225.16,1,76.6,0
CUST-003567,Male,0,Yes,No,34,Yes,No,DSL,No,No,Yes,Yes,One year,No,Mailed check,46.7,1366.21,2,197.0,1
CUST-003568,Male,1,No,No,72,Yes,Yes,Fiber optic,No,No,No,No internet service,Two year,Yes,Mailed check,115.82,7697.23,0,266.0,0
CUST-003569,Female,0,No,No,28,Yes,No,Fiber optic,No,No,Yes,No internet service,Two year,No,Mailed check,122.65,3583.69,1,359.2,0
CUST-003570,Male,0,No,No,20,Yes,No,Fiber optic,No,No,Yes,No internet service,One year,No,Electronic check,80.49,1547.42,1,55.1,1
CUST-003571,Male,0,Yes,No,72,No,No,DSL,Yes,No,Yes,No,Month-to-month,Yes,Credit card,59.48,3819.27,0,206.7,0
CUST-003572,Male,0,No,Yes,28,Yes,No,DSL,No internet service,No,No internet service,Yes,Month-to-month,Yes,Bank transfer,28.39,723.16,1,52.2,1
CUST-003573,Female,1,Yes,No,32,Yes,Yes,Fiber optic,No,Yes,No,No internet service,One year,No,Credit card,40.86,1260.68,0,69.0,1
CUST-003574,Male,0,Yes,No,39,Yes,Yes,DSL,No,No internet service,No internet service,No internet service,Month-to-month,Yes,Electronic check,62.73,2088.96,1,205.1,0
CUST-003575,Male,0,No,Yes,36,Yes,Yes,DSL,No internet service,Yes,Yes,Yes,Month-to-month,Yes,Electronic check,93.76,3476.39,0,216.6,0
CUST-003576,Female,0,Yes,No,46,Yes,No phone service,Fiber optic,No,No,No,No,Two year,No,Mailed check,77.8,3455.88,3,248.4,1
CUST-003577,Female,0,Yes,No,50,Yes,Yes,Fiber optic,Yes,No,No,No,Month-to-month,No,Credit card,137.83,6536.47,2,167.6,1
CUST-003578,Male,0,Yes,No,19,Yes,No phone service,No,No,No,No internet service,No,Month-to-month,Yes,Credit card,63.85,1204.92,1,286.9,0
CUST-003579,Female,0,No,No,11,Yes,Yes,Fiber optic,No,No,No,No,Two year,Yes,Credit card,88.97,871.06,2,248.1,0
CUST-003580,Male,0,No,Yes,13,Yes,No,Fiber optic,Yes,No,Yes,No internet service,One year,No,Bank transfer,86.33,958.77,0,173.2,0
CUST-003581,Male,0,No,No,70,Yes,No,Fiber optic,No,No internet service,No,No internet service,One year,Yes,Bank transfer,124.45,8476.52,2,244.4,0
CUST-003582,Male,0,Yes,No,26,Yes,Yes,DSL,No,No,Yes,Yes,Month-to-month,Yes,Bank transfer,41.23,945.55,1,147.9,1
CUST-003583,Female,0,Yes,No,54,Yes,Yes,DSL,No,No internet service,Yes,No,Month-to-month,Yes,Mailed check,66.13,3044.16,0,277.9,1
CUST-003584,Male,0,No,No,51,Yes,Yes,DSL,Yes,No internet service,No internet service,Yes,One year,No,Credit card,53.58,2830.3,0,203.4,0
CUST-003585,Male,0,Yes,Yes,32,Yes,No,Fiber optic,No,Yes,No,Yes,Month-to-month,No,Mailed check,78.15,2520.11,2,157.6,1
CUST-003586,Male,0,No,No,15,Yes,Yes,DSL,Yes,No,No,No,One year,No,Mailed check,71.05,930.29,3,115.4,1
CUST-003587,Male,0,Yes,No,52,Yes,Yes,Fiber optic,Yes,No internet service,No internet service,No internet service,Month-to-month,Yes,Electronic check,91.6,4902.64,1,160.4,1
CUST-003588,Female,0,No,Yes,31,Yes,Yes,No,No,No,No internet service,Yes,Month-to-month,Yes,Electronic check,101.55,2718.39,0,208.5,0
CUST-003589,Male,0,No,No,11,No,No,No,No,No,No,No,Month-to-month,Yes,Electronic check,69.68,774.57,3,180.0,1
CUST-003590,Female,0,Yes,No,21,Yes,No,DSL,No,No,No internet service,No,Month-to-month,No,Electronic check,86.65,1697.54,1,244.3,0
CUST-003591,Female,0,No,No,7,Yes,No phone service,Fiber optic,No,No,No,Yes,Month-to-month,No,Mailed check,100.18,668.76,1,151.2,0
CUST-003592,Female,0,Yes,Yes,22,Yes,Yes,DSL,No,No,No internet service,No,One year,No,Electronic check,112.11,2426.19,0,228.7,1
CUST-003593,Female,0,Yes,No,33,Yes,Yes,Fiber optic,Yes,No,No,No,One year,Yes,Mailed check,85.93,2466.3,0,0.0,0
CUST-003594,Female,0,No,Yes,29,Yes,No,Fiber optic,Yes,No,No internet service,Yes,Month-to-month,Yes,Mailed check,86.01,2573.07,1,155.4,1
CUST-003595,Male,0,No,No,26,Yes,Yes,No,No internet service,No,No internet service,No,One year,No,Electronic check,92.35,2109.94,2,149.4,0
CUST-003596,Female,0,No,Yes,33,Yes,Yes,Fiber optic,Yes,No,Yes,Yes,Month-to-month,No,Electronic check,85.52,2930.29,0,0.2,1
CUST-003597,Female,0,No,Yes,44,Yes,Yes,Fiber optic,No internet service,Yes,No internet service,Yes,Month-to-month,Yes,Electronic check,109.95,4200.71,0,268.0,0
CUST-003598,Male,0,No,Yes,57,Yes,No,DSL,No,Yes,No,Yes,Two year,No,Credit card,140.14,7064.45,0,177.0,0
CUST-003599,Male,0,Yes,No,62,Yes,Yes,DSL,Yes,No,No,No internet service,One year,No,Mailed check,40.63,2170.27,0,223.1,0
CUST-003600,Male,0,Yes,No,17,Yes,No,DSL,Yes,No,No,Yes,One year,No,Mailed check,115.95,1832.3,2,143.7,0
CUST-003601,Female,1,Yes,No,66,Yes,No,Fiber optic,Yes,No internet service,No internet service,No internet service,Month-to-month,Yes,Credit card,80.23,5126.89,1,252.6,1
CUST-003602,Male,0,No,No,31,Yes,No,DSL,No,No internet service,No,Yes,Month-to-month,Yes,Mailed check,110.13,3328.74,2,188.3,1
CUST-003603,Male,0,Yes,No,24,Yes,No,Fiber optic,No,No,No,No,One year,No,Bank transfer,115.58,2817.51,2,236.2,1
CUST-003604,Male,0,Yes,No,13,Yes,No,No,No internet service,No,No internet service,Yes,One year,Yes,Electronic check,88.01,1093.42,2,193.5,1
CUST-003605,Male,0,Yes,No,42,Yes,Yes,Fiber optic,Yes,No,No internet service,No,One year,No,Electronic check,90.47,3617.48,2,223.2,0
CUST-003606,Male,0,Yes,No,41,Yes,No,Fiber optic,No,Yes,No,No,Two year,Yes,Bank transfer,87.48,3282.82,2,189.3,0
CUST-003607,Female,0,Yes,No,20,Yes,Yes,DSL,Yes,Yes,No,Yes,Month-to-month,No,Bank transfer,48.34,947.67,1,214.9,1
CUST-003608,Male,0,Yes,Yes,20,Yes,No phone service,Fiber optic,No,No internet service,Yes,Yes,Two year,No,Electronic check,95.19,1964.13,1,186.9,1
CUST-003609,Female,1,Yes,Yes,28,Yes,No,DSL,Yes,Yes,No,Yes,One year,Yes,Mailed check,64.48,1662.99,2,39.8,0
CUST-003610,Male,0,No,No,23,Yes,No,Fiber optic,No,Yes,No internet service,Yes,Month-to-month,No,Bank transfer,100.73,2134.4,0,49.1,1
CUST-003611,Female,0,Yes,No,16,Yes,No,Fiber optic,No,Yes,Yes,No,Month-to-month,Yes,Credit card,52.68,774.33,1,134.4,0
CUST-003612,Male,0,Yes,Yes,12,Yes,No,Fiber optic,No internet service,No,No internet service,No,One year,Yes,Mailed check,95.68,1028.15,2,279.0,1
CUST-003613,Female,0,Yes,No,67,No,Yes,Fiber optic,Yes,Yes,No,No internet service,Month-to-month,Yes,Mailed check,132.88,8576.57,2,179.4,1
CUST-003614,Male,0,No,Yes,21,Yes,No,Fiber optic,No,No,Yes,Yes,One year,Yes,Credit card,123.32,2255.97,0,59.7,1
CUST-003615,Female,0,No,No,41,Yes,No,Fiber optic,No,No internet service,No internet service,No internet service,One year,Yes,Electronic check,95.69,3989.83,2,153.7,0
CUST-003616,Female,0,Yes,Yes,47,Yes,Yes,Fiber optic,No,No,No,No internet service,Month-to-month,Yes,Bank transfer,171.87,7088.86,1,140.8,1
CUST-003617,Female,1,Yes,No,42,Yes,Yes,No,No internet service,No,No,No,Month-to-month,No,Mailed check,52.68,1957.62,2,159.9,1
CUST-003618,Female,0,Yes,No,48,Yes,No,DSL,No internet service,No internet service,No,No,One year,No,Electronic check,67.4,2794.28,1,245.4,0
CUST-003619,Female,0,No,Yes,42,Yes,No,Fiber optic,Yes,No,Yes,Yes,Month-to-month,Yes,Mailed check,51.48,2002.92,1,226.5,0
CUST-003620,Male,0,No,Yes,18,Yes,Yes,Fiber optic,No,No,No,No,Two year,No,Credit card,82.89,1494.32,2,273.0,0
CUST-003621,Male,0,No,No,24,Yes,Yes,Fiber optic,No,No internet service,No,Yes,Month-to-month,Yes,Credit card,148.63,3681.44,1,157.2,1
CUST-003622,Female,0,No,No,66,Yes,Yes,Fiber optic,No,Yes,No internet service,Yes,Two year,No,Mailed check,84.04,5196.13,0,214.6,0
CUST-003623,Male,1,Yes,Yes,21,Yes,No,DSL,Yes,No internet service,No,Yes,Month-to-month,No,Bank transfer,24.17,455.21,0,268.7,0
CUST-003624,Male,0,No,No,31,Yes,No phone service,Fiber optic,No internet service,Yes,No,No,Month-to-month,No,Mailed check,121.16,3737.67,3,173.6,1
CUST-003625,Female,1,No,No,44,Yes,Yes,No,No,Yes,No internet service,Yes,One year,Yes,Electronic check,81.68,3549.3,1,1.8,0
CUST-003626,Male,1,Yes,No,72,Yes,No phone service,DSL,Yes,No,No internet service,No internet service,Month-to-month,Yes,Mailed check,94.92,6740.76,2,150.5,1
CUST-003627,Male,0,No,Yes,62,Yes,Yes,Fiber optic,Yes,No internet service,No,No,Month-to-month,Yes,Electronic check,86.09,5010.22,2,336.9,1
CUST-003628,Male,0,Yes,No,14,Yes,Yes,Fiber optic,No internet service,No,No internet service,No,Month-to-month,No,Mailed check,64.79,873.5,2,207.2,0
CUST-003629,Female,0,No,No,40,Yes,Yes,Fiber optic,No,Yes,No,No,One year,No,Credit card,89.49,3087.07,0,185.0,0
CUST-003630,Male,0,Yes,No,37,Yes,No phone service,Fiber optic,No,Yes,Yes,Yes,One year,Yes,Bank transfer,111.65,3717.8,1,125.6,0
CUST-003631,Male,0,Yes,No,25,Yes,Yes,DSL,Yes,No,No,No,Month-to-month,Yes,Bank transfer,67.83,1755.77,3,135.3,0
CUST-003632,Female,1,Yes,Yes,32,Yes,No phone service,Fiber optic,Yes,No internet service,No,No,Month-to-month,No,Mailed check,106.64,2929.09,1,192.0,0
CUST-003633,Female,0,Yes,Yes,18,Yes,No,Fiber optic,No,No,No,No,Month-to-month,Yes,Electronic check,78.9,1292.76,2,253.2,1
CUST-003634,Male,0,Yes,No,27,Yes,No,Fiber optic,Yes,No,Yes,No,Two year,Yes,Bank transfer,107.75,2604.81,0,49.1,0
CUST-003635,Male,0,Yes,No,21,Yes,No,DSL,Yes,Yes,Yes,Yes,Month-to-month,No,Electronic check,69.91,1286.13,4,86.1,0
CUST-003636,Female,0,Yes,No,33,Yes,No,Fiber optic,Yes,No internet service,No,No,One year,No,Mailed check,73.82,2521.14,2,207.4,0
CUST-003637,Female,0,No,No,24,No,Yes,No,No,Yes,No,No,Month-to-month,Yes,Credit card,74.2,1558.49,0,187.2,1
CUST-003638,Male,1,No,No,72,Yes,Yes,Fiber optic,Yes,Yes,Yes,Yes,One year,No,Credit card,83.4,5691.74,0,11.8,1
CUST-003639,Female,0,Yes,No,34,Yes,No,Fiber optic,No internet service,No,Yes,Yes,Two year,Yes,Mailed check,113.51,3928.6,0,144.2,0
CUST-003640,Female,0,Yes,Yes,30,Yes,Yes,DSL,No internet service,No,Yes,No,Month-to-month,Yes,Electronic check,96.19,2455.2,0,297.2,0
CUST-003641,Male,0,No,Yes,26,Yes,No,DSL,No,No internet service,No,Yes,One year,Yes,Credit card,85.05,1927.51,4,176.1,0
CUST-003642,Male,0,Yes,No,24,No,Yes,Fiber optic,No,No,Yes,No,Month-to-month,Yes,Mailed check,45.95,1012.8,3,100.6,0
CUST-003643,Female,0,Yes,Yes,11,Yes,No,DSL,Yes,No,No,Yes,One year,No,Bank transfer,41.06,397.21,1,165.6,0
CUST-003644,Female,0,Yes,No,54,Yes,Yes,Fiber optic,No,No,No,Yes,Month-to-month,Yes,Credit card,75.9,3633.67,3,294.9,0
CUST-003645,Female,0,Yes,Yes,72,Yes,Yes,Fiber optic,No,No,No internet service,No,Month-to-month,No,Electronic check,71.11,4957.31,2,227.3,1
CUST-003646,Male,0,Yes,No,21,Yes,Yes,Fiber optic,No internet service,Yes,No,No internet service,Month-to-month,Yes,Credit card,78.71,1461.47,0,113.0,0
CUST-003647,Female,0,No,No,65,Yes,Yes,DSL,No,No,No,Yes,Month-to-month,No,Credit card,97.76,6212.98,0,224.3,1
CUST-003648,Male,0,No,Yes,72,Yes,No,DSL,Yes,Yes,No,Yes,Two year,No,Electronic check,90.96,6765.89,2,149.1,0
CUST-003649,Female,0,No,Yes,72,Yes,Yes,DSL,No,No internet service,No,No,One year,Yes,Credit card,57.28,3695.06,2,70.3,0
CUST-003650,Female,0,No,No,72,Yes,No,No,No,No internet service,No,Yes,Month-to-month,No,Credit card,87.75,5638.79,2,266.1,1
CUST-003651,Female,0,Yes,No,12,Yes,No,DSL,No,No internet service,Yes,No,Month-to-month,No,Electronic check,79.87,816.81,4,224.8,1
CUST-003652,Male,0,No,No,12,No,Yes,No,No,No,Yes,No internet service,One year,Yes,Bank transfer,69.01,706.37,2,98.0,0
CUST-003653,Male,0,No,No,48,Yes,No,Fiber optic,No,No,No,No,Month-to-month,Yes,Mailed check,129.45,5774.31,1,262.0,1
CUST-003654,Male,0,No,Yes,31,Yes,Yes,DSL,Yes,No,Yes,Yes,Month-to-month,No,Bank transfer,50.16,1473.84,1,0.0,0
CUST-003655,Female,0,No,No,4,Yes,Yes,DSL,Yes,No internet service,Yes,Yes,One year,Yes,Credit card,71.58,253.85,1,177.6,1
CUST-003656,Male,0,Yes,No,23,Yes,No,Fiber optic,No,No,No,Yes,Month-to-month,No,Credit card,63.47,1335.23,3,376.5,1
CUST-003657,Male,0,No,No,47,Yes,No,Fiber optic,No,No internet service,No,No,Month-to-month,Yes,Mailed check,64.91,2678.85,1,360.6,1
CUST-003658,Male,0,Yes,No,28,Yes,No phone service,DSL,Yes,Yes,Yes,Yes,Month-to-month,No,Bank transfer,29.18,805.72,2,152.3,0
CUST-003659,Female,0,Yes,No,31,Yes,No phone service,Fiber optic,Yes,No,Yes,No internet service,Month-to-month,Yes,Credit card,65.42,1883.32,3,417.9,1
CUST-003660,Male,0,Yes,No,12,Yes,Yes,Fiber optic,Yes,No internet service,No internet service,No,One year,Yes,Electronic check,97.49,1166.25,4,232.9,1
CUST-003661,Female,0,Yes,Yes,22,Yes,No,DSL,No internet service,No,No,Yes,One year,Yes,Electronic check,60.93,1286.83,0,162.0,1
CUST-003662,Female,0,Yes,Yes,48,Yes,Yes,DSL,No,No,Yes,No,Two year,Yes,Mailed check,61.9,2749.9,0,199.6,1
CUST-003663,Female,0,No,Yes,22,Yes,Yes,Fiber optic,No,No,No,Yes,Month-to-month,No,Bank transfer,86.03,1845.76,1,140.2,1
CUST-003664,Female,1,No,No,69,Yes,No,Fiber optic,Yes,Yes,No internet service,No,One year,Yes,Mailed check,148.18,8705.55,1,252.4,0
CUST-003665,Female,0,No,Yes,32,Yes,No,No,No,No internet service,No,No internet service,Two year,No,Mailed check,35.88,1134.61,3,152.3,0
CUST-003666,Female,0,No,No,42,Yes,No phone service,No,No internet service,No,No,No,One year,No,Credit card,32.68,1268.42,1,206.3,0
CUST-003667,Male,0,Yes,No,48,No,No phone service,DSL,No internet service,No internet service,No internet service,No,Two year,Yes,Electronic check,44.64,2041.28,4,158.5,0
CUST-003668,Male,0,No,No,46,Yes,No,Fiber optic,No,Yes,Yes,No,Two year,Yes,Electronic check,92.84,4077.24,3,31.4,1
CUST-003669,Male,1,No,No,14,Yes,No,Fiber optic,No internet service,Yes,No,No,Two year,No,Credit card,110.44,1486.96,1,125.8,1
CUST-003670,Female,1,Yes,Yes,16,Yes,No phone service,Fiber optic,No,No,Yes,No internet service,Two year,No,Electronic check,113.56,1799.62,3,172.0,1
CUST-003671,Male,0,Yes,Yes,4,Yes,No,DSL,No,Yes,No,No,One year,Yes,Bank transfer,98.34,343.06,1,173.6,1
CUST-003672,Female,0,No,No,24,Yes,No,DSL,No,No,No,No,Month-to-month,Yes,Electronic check,66.75,1518.43,0,257.1,0
CUST-003673,Male,0,No,Yes,15,Yes,No,DSL,No,No,No internet service,No internet service,Two year,Yes,Electronic check,58.11,755.4,1,234.0,0
CUST-003674,Female,0,Yes,No,21,Yes,No,Fiber optic,No,Yes,No,No,Two year,Yes,Mailed check,144.0,2712.09,2,149.2,0
CUST-003675,Male,1,No,Yes,26,Yes,Yes,No,Yes,No,No,No,Month-to-month,Yes,Mailed check,18.0,415.52,2,143.4,0
CUST-003676,Female,0,No,No,35,No,Yes,Fiber optic,No internet service,No internet service,No,No internet service,Month-to-month,No,Bank transfer,96.88,3288.29,0,199.2,0
CUST-003677,Female,0,No,No,28,Yes,Yes,Fiber optic,Yes,No,Yes,No,Month-to-month,Yes,Electronic check,107.9,2934.25,2,156.5,1
CUST-003678,Female,0,No,No,28,Yes,No phone service,DSL,No,No,No,Yes,Two year,Yes,Mailed check,126.21,3591.07,0,141.1,1
CUST-003679,Female,0,Yes,No,40,No,Yes,DSL,No internet service,No,Yes,No,Month-to-month,Yes,Credit card,20.18,770.48,2,109.5,0
CUST-003680,Male,0,No,Yes,30,Yes,Yes,No,Yes,No internet service,No,Yes,Month-to-month,No,Electronic check,57.4,1720.04,1,149.4,1
CUST-003681,Female,0,No,No,56,Yes,No,DSL,No internet service,No,Yes,No internet service,Month-to-month,Yes,Electronic check,29.27,1684.81,1,229.2,0
CUST-003682,Female,0,Yes,No,30,Yes,Yes,No,No,No,Yes,No,Month-to-month,Yes,Mailed check,18.0,473.42,0,91.4,1
CUST-003683,Male,0,No,No,72,Yes,No phone service,Fiber optic,No,Yes,No,No,Two year,Yes,Credit card,88.86,6361.08,0,227.1,0
CUST-003684,Female,0,No,No,13,Yes,Yes,Fiber optic,Yes,No,Yes,No,Month-to-month,No,Credit card,119.99,1428.23,2,426.0,1
CUST-003685,Male,0,Yes,No,24,Yes,No,Fiber optic,No,Yes,No,No,Month-to-month,No,Electronic check,131.18,2851.14,1,136.1,1
CUST-003686,Male,0,No,Yes,18,No,No phone service,Fiber optic,No,Yes,No,No,Month-to-month,Yes,Electronic check,79.04,1483.39,1,160.0,1
CUST-003687,Male,0,Yes,Yes,36,Yes,No,No,No internet service,No internet service,No,Yes,One year,Yes,Mailed check,90.0,2887.65,0,142.1,0
CUST-003688,Female,0,Yes,No,13,Yes,No phone service,Fiber optic,No,No,Yes,Yes,One year,No,Credit card,89.07,1196.0,1,210.9,1
CUST-003689,Male,0,No,No,9,Yes,No,Fiber optic,No,No,No,No internet service,Month-to-month,No,Bank transfer,111.7,1020.1,1,153.5,0
CUST-003690,Female,0,No,No,16,Yes,Yes,Fiber optic,No,No,Yes,No internet service,Month-to-month,No,Credit card,129.63,2127.51,3,159.9,1
CUST-003691,Female,0,No,Yes,9,Yes,No,DSL,No internet service,No,Yes,No,Two year,Yes,Mailed check,64.17,558.61,1,43.0,0
CUST-003692,Female,0,Yes,No,27,Yes,No,No,No,No internet service,No,Yes,One year,No,Electronic check,102.31,2671.03,1,158.5,0
CUST-003693,Female,0,No,Yes,35,Yes,Yes,No,No,No,No,No internet service,One year,Yes,Electronic check,33.61,1094.59,3,75.3,0
CUST-003694,Male,0,Yes,Yes,7,Yes,No,Fiber optic,No,No,No internet service,No internet service,Month-to-month,Yes,Mailed check,114.7,746.81,1,113.8,1
CUST-003695,Male,0,No,No,23,Yes,No,DSL,Yes,No,No,No,Two year,Yes,Mailed check,101.01,2370.01,1,287.3,0
CUST-003696,Female,0,No,Yes,62,No,Yes,Fiber optic,No internet service,No internet service,Yes,No,One year,Yes,Electronic check,122.91,7068.11,2,102.2,1
CUST-003697,Female,0,No,No,72,Yes,No,No,No,No,No,Yes,Month-to-month,Yes,Electronic check,34.45,2349.74,2,147.4,0
CUST-003698,Female,0,No,No,51,Yes,No,Fiber optic,Yes,Yes,Yes,No,Two year,Yes,Bank transfer,88.83,4753.35,2,233.0,0
CUST-003699,Female,0,Yes,No,2,Yes,Yes,No,Yes,No internet service,Yes,No internet service,Two year,No,Mailed check,79.07,145.62,1,155.8,0
CUST-003700,Female,0,No,Yes,33,Yes,Yes,No,No,No,Yes,No,One year,Yes,Bank transfer,83.29,2788.53,2,232.2,1
CUST-003701,Male,0,Yes,Yes,66,Yes,No,DSL,No,No,Yes,No internet service,One year,Yes,Electronic check,73.48,4390.87,1,332.9,1
CUST-003702,Male,0,Yes,No,21,No,No,DSL,No,Yes,No,Yes,Month-to-month,No,Electronic check,112.88,2026.72,2,221.1,0
CUST-003703,Male,0,Yes,No,11,Yes,Yes,Fiber optic,No internet service,Yes,No,Yes,Month-to-month,No,Electronic check,56.13,598.1,4,67.8,1
CUST-003704,Male,0,No,Yes,63,Yes,Yes,Fiber optic,No,Yes,No,No internet service,Month-to-month,No,Bank transfer,87.79,5231.53,0,268.6,0
CUST-003705,Male,0,No,No,69,Yes,No,Fiber optic,No internet service,Yes,Yes,No internet service,One year,Yes,Electronic check,44.37,3083.77,2,149.2,0
CUST-003706,Male,0,No,No,30,Yes,Yes,Fiber optic,Yes,No internet service,No,Yes,Month-to-month,Yes,Bank transfer,113.64,2900.59,2,12.5,1
CUST-003707,Female,0,No,Yes,11,Yes,Yes,DSL,No,No internet service,No,No internet service,Month-to-month,Yes,Mailed check,86.64,823.52,0,76.0,0
CUST-003708,Male,0,No,No,6,No,No phone service,DSL,No internet service,Yes,Yes,Yes,Two year,Yes,Credit card,170.46,1045.18,1,160.3,1
CUST-003709,Female,0,No,No,39,Yes,No,No,No,No,Yes,No,Month-to-month,Yes,Mailed check,100.79,3719.23,0,240.5,1
CUST-003710,Female,0,No,No,19,Yes,No phone service,No,No,No internet service,Yes,Yes,Two year,No,Bank transfer,79.94,1444.87,2,146.2,0
CUST-003711,Female,0,Yes,No,29,Yes,No,Fiber optic,No,No,Yes,No internet service,Month-to-month,No,Mailed check,102.65,2664.26,0,203.9,1
CUST-003712,Male,1,No,Yes,27,Yes,Yes,Fiber optic,No,No internet service,No,No internet service,Month-to-month,No,Bank transfer,85.5,2389.77,2,139.8,0
CUST-003713,Male,0,No,No,15,Yes,No,Fiber optic,No internet service,No,Yes,Yes,Month-to-month,No,Electronic check,98.91,1532.51,2,346.9,0
CUST-003714,Male,0,No,Yes,6,Yes,No,Fiber optic,No,No,No internet service,No internet service,Month-to-month,Yes,Mailed check,103.29,590.81,1,116.4,0
CUST-003715,Male,0,No,No,22,No,No,DSL,No,No internet service,No,Yes,Month-to-month,No,Credit card,18.0,353.85,0,303.9,0
CUST-003716,Female,0,No,No,34,Yes,Yes,DSL,No,Yes,Yes,No internet service,Month-to-month,Yes,Credit card,75.91,2701.01,1,177.8,1
CUST-003717,Male,0,No,No,35,Yes,Yes,DSL,Yes,No,Yes,No internet service,One year,No,Mailed check,73.03,2628.89,1,216.2,0
CUST-003718,Male,0,Yes,No,18,Yes,Yes,DSL,No internet service,Yes,Yes,No internet service,Month-to-month,Yes,Mailed check,122.62,2106.26,0,0.0,1
CUST-003719,Male,0,No,No,68,Yes,Yes,No,Yes,No,No internet service,Yes,Month-to-month,Yes,Electronic check,66.05,4380.36,1,323.6,0
CUST-003720,Male,0,No,No,12,Yes,No,DSL,No internet service,No,Yes,Yes,Month-to-month,No,Electronic check,47.03,529.37,3,93.1,0
CUST-003721,Female,0,No,Yes,58,Yes,No,No,No,No,No internet service,No,Month-to-month,No,Mailed check,78.06,4034.73,3,241.6,0
CUST-003722,Female,0,Yes,No,33,Yes,Yes,No,No,Yes,No internet service,No,Month-to-month,Yes,Electronic check,72.23,2350.93,2,121.7,0
CUST-003723,Male,0,Yes,Yes,22,Yes,Yes,DSL,No internet service,No internet service,Yes,No,Month-to-month,No,Bank transfer,66.08,1430.29,1,57.8,0
CUST-003724,Female,0,Yes,Yes,42,Yes,No,Fiber optic,No internet service,No internet service,No internet service,No,One year,Yes,Electronic check,56.63,2282.06,1,261.1,0
CUST-003725,Male,0,Yes,No,25,Yes,Yes,No,No internet service,No internet service,Yes,Yes,One year,No,Electronic check,65.32,1654.03,1,131.1,1
CUST-003726,Male,0,Yes,No,8,Yes,No,Fiber optic,No,No,Yes,No,Two year,No,Electronic check,77.62,583.96,1,169.7,1
CUST-003727,Female,0,No,Yes,11,No,Yes,Fiber optic,No,No,No internet service,Yes,One year,Yes,Credit card,88.51,995.16,0,152.7,1
CUST-003728,Male,0,Yes,No,24,Yes,Yes,DSL,Yes,No internet service,No,Yes,Month-to-month,Yes,Electronic check,91.96,1971.88,1,16.0,1
CUST-003729,Male,0,Yes,No,20,Yes,No phone service,Fiber optic,No,Yes,No,No,Month-to-month,Yes,Bank transfer,74.76,1558.63,0,70.9,1
CUST-003730,Female,0,Yes,No,57,Yes,No,Fiber optic,No,No,No,No,Month-to-month,Yes,Mailed check,88.36,4487.77,1,0.0,0
CUST-003731,Female,0,No,Yes,19,Yes,No,Fiber optic,Yes,No,No,Yes,One year,Yes,Bank transfer,111.24,1864.15,1,96.6,0
CUST-003732,Male,0,No,No,18,Yes,No,No,No,No,No,Yes,Month-to-month,No,Mailed check,61.92,1081.84,3,320.5,1
CUST-003733,Female,1,Yes,Yes,16,Yes,No,DSL,No,Yes,Yes,No,Month-to-month,No,Mailed check,148.28,2060.71,2,289.1,1
CUST-003734,Male,0,Yes,Yes,15,Yes,No,No,No,No,No internet service,No,Two year,Yes,Credit card,77.47,1026.72,1,351.6,0
CUST-003735,Female,0,Yes,Yes,15,Yes,No,No,No,No internet service,No internet service,Yes,Month-to-month,No,Electronic check,32.74,489.09,0,268.9,1
CUST-003736,Male,0,No,Yes,10,Yes,No phone service,Fiber optic,No internet service,Yes,Yes,No,Month-to-month,Yes,Electronic check,69.82,636.51,1,208.3,0
CUST-003737,Female,0,No,No,34,Yes,Yes,DSL,No,No internet service,No,Yes,Two year,No,Electronic check,41.8,1435.51,1,314.1,0
CUST-003738,Female,0,No,No,27,Yes,No,DSL,No,No,Yes,No,Month-to-month,Yes,Bank transfer,45.25,1076.48,1,136.8,0
CUST-003739,Female,1,No,No,26,Yes,No,Fiber optic,No,Yes,No,No,Month-to-month,Yes,Electronic check,111.11,2678.13,0,316.3,1
CUST-003740,Male,0,No,No,7,Yes,Yes,No,No,No,No,No internet service,Month-to-month,Yes,Credit card,36.8,238.89,0,187.0,0
CUST-003741,Female,0,No,No,40,Yes,No,No,No,No internet service,Yes,Yes,Month-to-month,No,Bank transfer,60.06,2273.01,2,182.1,0
CUST-003742,Male,0,Yes,No,42,Yes,Yes,Fiber optic,No,Yes,Yes,No,Two year,No,Credit card,129.28,5061.06,2,184.5,0
CUST-003743,Female,0,Yes,Yes,72,Yes,Yes,No,No,No,No,Yes,One year,No,Bank transfer,54.41,3632.73,1,303.9,0
CUST-003744,Female,0,Yes,Yes,41,Yes,Yes,Fiber optic,No internet service,No internet service,No,No,Month-to-month,Yes,Bank transfer,115.14,4322.9,0,365.2,0
CUST-003745,Female,1,Yes,Yes,72,No,Yes,No,Yes,Yes,Yes,No internet service,Month-to-month,No,Credit card,19.51,1198.32,0,66.5,0
CUST-003746,Female,0,Yes,No,17,Yes,No,DSL,No,No internet service,No,No internet service,Month-to-month,Yes,Bank transfer,58.88,974.28,1,270.5,0
CUST-003747,Male,1,Yes,No,72,Yes,No phone service,Fiber optic,No internet service,Yes,No,Yes,One year,Yes,Electronic check,68.42,4653.92,0,157.1,0
CUST-003748,Male,0,Yes,Yes,42,Yes,Yes,No,No,No,No,Yes,Month-to-month,Yes,Bank transfer,78.99,3067.74,1,177.2,1
CUST-003749,Male,0,No,No,38,Yes,No,DSL,No,Yes,Yes,Yes,Month-to-month,Yes,Mailed check,38.96,1320.89,2,186.2,0
CUST-003750,Male,0,No,Yes,26,Yes,Yes,Fiber optic,No,No,Yes,Yes,One year,No,Electronic check,157.09,4199.83,5,269.4,1
CUST-003751,Male,0,Yes,No,22,Yes,No phone service,DSL,No,Yes,Yes,No,Two year,Yes,Electronic check,20.82,411.1,0,59.4,0
CUST-003752,Male,0,Yes,No,18,Yes,No,DSL,No,No internet service,No internet service,Yes,Two year,No,Bank transfer,104.07,1937.36,2,58.1,0
CUST-003753,Female,0,No,Yes,72,Yes,No phone service,DSL,No internet service,No internet service,Yes,No,Two year,Yes,Mailed check,96.35,6197.95,2,186.9,0
CUST-003754,Female,0,No,No,25,Yes,No,DSL,No,No internet service,No,No,Month-to-month,Yes,Electronic check,79.3,2070.19,1,48.5,1
CUST-003755,Male,1,Yes,No,42,No,No,Fiber optic,No internet service,No internet service,Yes,No,One year,Yes,Bank transfer,96.63,3790.6,1,196.8,0
CUST-003756,Female,0,No,No,49,Yes,No,Fiber optic,No,No,Yes,No,Two year,No,Electronic check,150.65,7061.0,2,270.3,1
CUST-003757,Female,0,No,No,48,Yes,Yes,DSL,No,No,No,Yes,Month-to-month,No,Credit card,144.13,6293.91,1,218.7,1
CUST-003758,Female,0,No,No,34,Yes,No phone service,Fiber optic,No internet service,No internet service,Yes,No,Month-to-month,No,Bank transfer,88.78,3132.8,0,214.8,0
CUST-003759,Female,0,No,No,72,Yes,No,DSL,Yes,No,No,No,Month-to-month,No,Electronic check,74.73,4877.75,2,105.3,0
CUST-003760,Male,0,Yes,Yes,40,Yes,No phone service,No,No internet service,No internet service,No,Yes,Two year,No,Mailed check,53.43,2128.66,3,328.8,0
CUST-003761,Male,0,Yes,No,18,Yes,Yes,No,No,No,No internet service,Yes,Two year,Yes,Electronic check,34.92,536.87,1,296.4,0
CUST-003762,Male,0,No,Yes,23,Yes,Yes,DSL,No,No,No,Yes,Two year,Yes,Electronic check,83.89,1855.73,2,299.9,0
CUST-003763,Female,0,No,No,7,Yes,Yes,DSL,No,No,Yes,No,Month-to-month,Yes,Electronic check,77.49,541.51,2,233.0,1
CUST-003764,Male,0,No,Yes,37,Yes,Yes,No,No internet service,Yes,No,Yes,Two year,Yes,Electronic check,21.69,757.85,0,91.8,0
CUST-003765,Female,1,Yes,No,45,Yes,Yes,No,No internet service,No,Yes,No internet service,Month-to-month,Yes,Electronic check,83.68,3685.26,1,64.1,1
CUST-003766,Female,0,Yes,Yes,48,Yes,Yes,Fiber optic,No,Yes,No,Yes,Month-to-month,No,Electronic check,103.49,4985.66,1,288.2,0
CUST-003767,Female,0,Yes,No,42,Yes,Yes,DSL,No internet service,No internet service,No,No,One year,Yes,Bank transfer,51.96,2073.41,3,136.5,0
CUST-003768,Male,1,No,No,26,Yes,Yes,Fiber optic,No,Yes,No,No,One year,Yes,Electronic check,75.0,1742.66,0,53.8,1
CUST-003769,Female,0,Yes,No,29,Yes,No,Fiber optic,No,No internet service,No,Yes,Two year,No,Electronic check,107.71,2903.01,2,0.0,1
CUST-003770,Male,1,Yes,No,30,Yes,No,Fiber optic,No,No,Yes,No,Month-to-month,No,Bank transfer,143.27,4281.47,1,276.2,1
CUST-003771,Male,1,No,Yes,58,Yes,Yes,DSL,Yes,No,No,No,Month-to-month,Yes,Bank transfer,81.95,4297.94,1,280.8,1
CUST-003772,Female,0,Yes,Yes,5,Yes,No,DSL,Yes,No,No,No internet service,Month-to-month,Yes,Mailed check,93.41,456.05,0,380.2,0
CUST-003773,Female,0,Yes,No,21,Yes,No,No,No,No,Yes,No,Month-to-month,Yes,Credit card,45.03,831.91,3,199.7,1
CUST-003774,Male,0,Yes,Yes,13,Yes,Yes,Fiber optic,Yes,No,Yes,No,Two year,Yes,Mailed check,82.57,1112.14,2,189.2,0
CUST-003775,Female,0,No,Yes,72,Yes,Yes,Fiber optic,No internet service,No,Yes,No internet service,Month-to-month,No,Mailed check,113.24,7913.58,4,0.0,1
CUST-003776,Male,0,Yes,Yes,65,Yes,No,Fiber optic,No,No,No,Yes,Month-to-month,Yes,Credit card,54.25,3327.54,2,275.8,1
CUST-003777,Female,0,Yes,Yes,21,Yes,No,Fiber optic,Yes,Yes,No,No,Month-to-month,Yes,Electronic check,101.22,2151.69,0,162.8,0
CUST-003778,Female,0,No,No,9,Yes,Yes,Fiber optic,No,No internet service,Yes,No internet service,One year,No,Electronic check,109.8,997.55,1,176.4,1
CUST-003779,Female,0,No,No,11,Yes,No,No,No,No,Yes,No,Two year,Yes,Bank transfer,68.84,658.43,3,106.7,0
CUST-003780,Female,1,No,No,57,Yes,Yes,Fiber optic,No,No,No,Yes,Month-to-month,Yes,Mailed check,104.58,5433.05,2,172.5,1
CUST-003781,Male,0,No,Yes,7,No,No,DSL,No internet service,No,Yes,No internet service,Month-to-month,No,Electronic check,71.73,472.88,0,209.5,0
CUST-003782,Male,0,No,Yes,30,Yes,No,Fiber optic,No,No,No,No,Two year,Yes,Credit card,76.34,2102.52,2,148.5,0
CUST-003783,Female,0,No,No,51,Yes,No,DSL,No,No,Yes,No,One year,Yes,Bank transfer,34.66,1614.54,1,52.5,0
CUST-003784,Male,0,Yes,No,10,Yes,No,No,No,Yes,No,Yes,Month-to-month,No,Credit card,67.29,619.37,1,254.3,0
CUST-003785,Male,1,Yes,No,30,Yes,No phone service,No,No,No,Yes,No,Month-to-month,Yes,Mailed check,109.14,2875.96,0,222.4,1
CUST-003786,Male,0,No,No,22,Yes,No,Fiber optic,No,No,Yes,No,Two year,No,Bank transfer,125.73,2417.24,1,154.6,0
CUST-003787,Male,0,Yes,No,19,Yes,No,No,No,Yes,No,Yes,One year,Yes,Credit card,59.64,1022.18,3,307.4,0
CUST-003788,Male,0,Yes,No,17,Yes,No,Fiber optic,No,Yes,No internet service,No,Month-to-month,No,Mailed check,84.02,1234.06,3,158.1,1
CUST-003789,Female,0,Yes,Yes,54,Yes,Yes,No,No,No,No,Yes,Month-to-month,Yes,Bank transfer,56.81,2920.55,0,198.0,0
CUST-003790,Male,0,No,No,72,Yes,No phone service,Fiber optic,Yes,No,Yes,No,Month-to-month,Yes,Electronic check,81.81,5187.33,5,0.0,0
CUST-003791,Male,0,No,No,24,No,No,DSL,No,No,No,No internet service,Month-to-month,Yes,Electronic check,78.63,1629.6,1,106.4,0
CUST-003792,Female,0,Yes,Yes,38,Yes,Yes,DSL,Yes,No internet service,Yes,No,Month-to-month,Yes,Bank transfer,101.72,3932.9,0,217.0,0
CUST-003793,Female,0,Yes,No,30,Yes,No phone service,No,No,Yes,No,No internet service,Month-to-month,No,Electronic check,137.88,4002.1,2,154.8,0
CUST-003794,Male,1,Yes,No,5,Yes,No,No,No,No,Yes,No,Month-to-month,Yes,Electronic check,45.1,232.21,2,233.1,1
CUST-003795,Female,0,Yes,No,23,Yes,Yes,Fiber optic,Yes,No internet service,No,Yes,Month-to-month,Yes,Credit card,114.54,2757.28,2,0.0,0
CUST-003796,Female,0,Yes,No,4,Yes,No,No,No,No,No internet service,Yes,Month-to-month,Yes,Electronic check,86.27,334.28,1,237.0,0
CUST-003797,Male,0,Yes,No,20,No,No phone service,Fiber optic,Yes,No,No,No,Month-to-month,Yes,Credit card,85.11,1717.8,1,165.9,1
CUST-003798,Male,0,No,No,29,Yes,No,Fiber optic,No internet service,No internet service,No,Yes,Two year,Yes,Bank transfer,64.22,1642.44,1,304.1,1
CUST-003799,Female,1,No,No,48,Yes,Yes,Fiber optic,No,No,No internet service,No,Month-to-month,Yes,Electronic check,103.26,4905.35,1,169.2,0
CUST-003800,Female,1,Yes,No,36,No,No,Fiber optic,Yes,Yes,Yes,No internet service,Two year,Yes,Credit card,158.6,5480.58,2,234.2,0
CUST-003801,Female,0,Yes,No,55,Yes,No,Fiber optic,No,No,Yes,Yes,Two year,Yes,Electronic check,103.07,5585.47,4,232.8,1
CUST-003802,Female,0,No,No,15,Yes,Yes,DSL,No,No,Yes,Yes,Two year,No,Bank transfer,46.38,605.96,0,265.6,0
CUST-003803,Female,0,Yes,No,68,Yes,No,Fiber optic,No internet service,Yes,No internet service,No internet service,Month-to-month,No,Mailed check,90.28,6367.33,3,209.4,1
CUST-003804,Female,0,Yes,Yes,72,Yes,Yes,DSL,No internet service,No,Yes,No,Month-to-month,Yes,Electronic check,35.79,2405.83,1,181.6,0
CUST-003805,Male,0,Yes,No,4,Yes,Yes,Fiber optic,No,No,No internet service,Yes,One year,Yes,Mailed check,95.56,384.19,1,162.9,0
CUST-003806,Female,0,No,No,7,Yes,No,DSL,No,Yes,No,Yes,Month-to-month,Yes,Electronic check,90.5,664.0,0,276.2,1
CUST-003807,Male,1,Yes,Yes,28,Yes,Yes,Fiber optic,No internet service,Yes,No internet service,No,Month-to-month,Yes,Credit card,74.22,2129.47,1,152.6,0
CUST-003808,Male,1,Yes,No,19,Yes,Yes,Fiber optic,Yes,No,No,No internet service,Month-to-month,Yes,Bank transfer,18.0,312.02,0,129.2,0
CUST-003809,Male,0,No,No,21,Yes,No,DSL,No internet service,No,Yes,No internet service,One year,No,Mailed check,78.31,1529.97,0,248.0,0
CUST-003810,Male,0,Yes,No,36,Yes,No,No,No internet service,No,No,Yes,Two year,Yes,Bank transfer,54.95,1938.22,4,282.4,1
CUST-003811,Female,0,No,Yes,56,Yes,Yes,No,No internet service,No,No internet service,No internet service,Month-to-month,Yes,Credit card,47.48,2546.15,1,320.8,0
CUST-003812,Male,0,No,Yes,14,Yes,No phone service,Fiber optic,No internet service,No internet service,No,Yes,Two year,Yes,Bank transfer,72.22,942.4,0,329.8,0
CUST-003813,Female,0,Yes,No,63,Yes,No,No,Yes,No,Yes,No,One year,No,Credit card,82.01,5066.63,2,197.1,0
CUST-003814,Male,0,Yes,No,17,Yes,Yes,DSL,No,No,No,No internet service,Month-to-month,Yes,Electronic check,57.76,1013.3,0,239.1,0
CUST-003815,Male,1,No,Yes,72,No,No,No,Yes,No,Yes,Yes,Month-to-month,Yes,Credit card,97.91,6428.67,2,371.4,1
CUST-003816,Male,0,Yes,No,69,Yes,Yes,Fiber optic,Yes,No,No,No,Month-to-month,Yes,Bank transfer,123.57,7466.45,1,273.4,1
CUST-003817,Male,0,Yes,No,18,Yes,No,Fiber optic,No,No,No,No internet service,Two year,No,Electronic check,86.88,1540.64,0,326.7,0
CUST-003818,Male,1,Yes,No,9,No,No,Fiber optic,No internet service,No,Yes,No,One year,Yes,Bank transfer,79.37,691.45,1,268.1,0
CUST-003819,Female,0,No,Yes,18,Yes,No,No,No,No,Yes,No,One year,Yes,Bank transfer,73.83,1370.32,4,111.6,1
CUST-003820,Female,0,No,No,16,Yes,No,Fiber optic,No,No,No,Yes,One year,No,Mailed check,90.64,1448.08,2,159.9,1
CUST-003821,Female,0,No,No,44,Yes,No,Fiber optic,Yes,Yes,Yes,Yes,Month-to-month,Yes,Mailed check,42.42,1734.93,0,36.7,0
CUST-003822,Female,0,Yes,Yes,4,Yes,No,DSL,No,No,No,Yes,Two year,Yes,Electronic check,127.42,497.8,1,160.5,1
CUST-003823,Male,0,Yes,No,7,Yes,No,No,Yes,No,No,Yes,Two year,No,Electronic check,91.43,654.39,1,129.1,1
CUST-003824,Female,0,Yes,Yes,43,Yes,Yes,DSL,No,No internet service,No,Yes,One year,Yes,Electronic check,56.1,2217.92,0,121.2,0
CUST-003825,Male,0,Yes,Yes,15,Yes,No,DSL,Yes,Yes,Yes,No internet service,Month-to-month,Yes,Electronic check,18.0,230.25,4,160.5,1
CUST-003826,Female,0,No,No,20,Yes,No,Fiber optic,Yes,No,No,Yes,Month-to-month,No,Credit card,89.59,1747.43,1,104.0,1
CUST-003827,Male,0,No,No,51,Yes,Yes,No,No,No,No,No internet service,Month-to-month,No,Electronic check,52.36,2283.68,5,73.8,1
CUST-003828,Male,0,Yes,No,58,Yes,No,Fiber optic,No,No internet service,No,No internet service,Month-to-month,Yes,Mailed check,93.18,5607.25,4,272.0,1
CUST-003829,Female,1,No,No,67,Yes,No,Fiber optic,No,No internet service,No,No,One year,No,Bank transfer,30.08,1781.08,1,126.4,0
CUST-003830,Female,0,Yes,Yes,48,Yes,No,DSL,No,No,Yes,Yes,One year,Yes,Bank transfer,55.83,2478.57,0,156.8,0
CUST-003831,Female,0,No,Yes,25,No,Yes,Fiber optic,No,No,No,No,Two year,Yes,Mailed check,82.66,2147.63,2,291.3,1
CUST-003832,Female,0,Yes,No,24,Yes,No,DSL,Yes,No,No,No internet service,Month-to-month,No,Electronic check,64.23,1334.97,0,112.0,1
CUST-003833,Female,0,Yes,Yes,21,Yes,No phone service,DSL,No,Yes,No internet service,Yes,Month-to-month,Yes,Bank transfer,62.91,1124.16,0,249.4,0
CUST-003834,Female,0,Yes,Yes,10,Yes,Yes,Fiber optic,Yes,No,No,Yes,Month-to-month,No,Bank transfer,96.57,840.84,2,66.6,1
CUST-003835,Male,0,Yes,No,14,Yes,Yes,Fiber optic,No,No internet service,Yes,No,Two year,Yes,Mailed check,140.64,2061.84,1,191.7,1
CUST-003836,Male,0,No,No,61,Yes,No,Fiber optic,Yes,No,No,Yes,One year,Yes,Credit card,79.55,5067.71,0,238.0,0
CUST-003837,Male,0,No,No,16,Yes,Yes,Fiber optic,No internet service,No,No,Yes,Month-to-month,Yes,Mailed check,67.67,1003.52,1,126.8,0
CUST-003838,Female,0,No,Yes,10,Yes,No,No,No,No internet service,Yes,Yes,One year,No,Electronic check,18.18,181.54,1,273.7,1
CUST-003839,Male,0,No,No,64,Yes,No,DSL,Yes,Yes,Yes,No internet service,One year,Yes,Electronic check,54.67,3488.82,1,227.1,0
CUST-003840,Female,0,Yes,No,34,Yes,No phone service,Fiber optic,No,Yes,No,Yes,Month-to-month,No,Credit card,52.96,1566.56,4,212.0,1
CUST-003841,Male,0,Yes,No,72,Yes,No,Fiber optic,No internet service,No,No,No,Month-to-month,No,Bank transfer,123.8,7995.9,1,280.5,1
CUST-003842,Female,0,Yes,No,72,Yes,No,No,No,No,No,No,Month-to-month,Yes,Credit card,67.12,4966.74,1,257.1,1
CUST-003843,Male,0,Yes,No,11,Yes,No,No,No,No,Yes,No internet service,Month-to-month,Yes,Credit card,98.18,953.81,3,178.9,1
CUST-003844,Female,0,Yes,Yes,27,Yes,Yes,No,No,No,No,Yes,One year,Yes,Bank transfer,113.97,2936.19,2,44.5,0
CUST-003845,Female,0,No,No,13,Yes,Yes,Fiber optic,No,No,Yes,No,Month-to-month,Yes,Electronic check,69.05,806.81,1,353.1,1
CUST-003846,Female,1,No,No,13,Yes,Yes,DSL,Yes,No internet service,No,No internet service,One year,Yes,Credit card,59.58,744.73,1,133.6,0
CUST-003847,Male,0,Yes,No,21,Yes,No,Fiber optic,Yes,No,Yes,No,One year,Yes,Electronic check,134.95,2520.26,1,0.0,0
CUST-003848,Female,1,Yes,No,45,Yes,No,DSL,No internet service,No,Yes,No internet service,Month-to-month,No,Bank transfer,75.68,3041.57,0,329.4,1
CUST-003849,Female,0,No,Yes,45,Yes,Yes,Fiber optic,No,No internet service,Yes,Yes,Two year,No,Electronic check,110.65,4278.79,0,236.0,0
CUST-003850,Male,0,No,No,41,Yes,No,DSL,Yes,No,Yes,No,Month-to-month,No,Electronic check,100.99,4339.45,1,183.5,1
CUST-003851,Male,0,Yes,No,25,Yes,Yes,Fiber optic,No,Yes,No,No internet service,One year,Yes,Mailed check,121.9,2659.21,1,175.0,1
CUST-003852,Male,0,Yes,No,47,No,Yes,DSL,No internet service,No,No,No,Month-to-month,Yes,Bank transfer,82.31,3609.89,2,261.0,1
CUST-003853,Male,0,No,No,10,Yes,No,Fiber optic,No,No,Yes,Yes,One year,Yes,Credit card,136.89,1277.89,0,381.0,0
CUST-003854,Female,0,No,No,35,Yes,No,No,No,No,Yes,Yes,Month-to-month,No,Electronic check,67.95,2166.01,0,146.2,1
CUST-003855,Male,0,No,No,30,Yes,Yes,Fiber optic,No,No,No internet service,No internet service,Month-to-month,Yes,Credit card,110.58,3346.66,0,107.2,1
CUST-003856,Male,0,Yes,No,24,Yes,No,DSL,No,No,No,Yes,Month-to-month,No,Bank transfer,64.7,1424.69,0,160.3,1
CUST-003857,Male,0,No,No,36,Yes,Yes,Fiber optic,No internet service,Yes,No,Yes,One year,Yes,Credit card,125.62,4409.55,2,56.3,1
CUST-003858,Male,0,No,No,13,Yes,Yes,DSL,No,Yes,No,No,One year,Yes,Mailed check,48.98,610.34,0,167.5,1
CUST-003859,Female,0,Yes,No,43,Yes,No,DSL,No,No,Yes,No internet service,One year,No,Bank transfer,19.51,858.25,0,293.2,0
CUST-003860,Male,1,Yes,No,29,Yes,No,Fiber optic,No,No,Yes,No,Month-to-month,Yes,Electronic check,114.65,3370.99,0,197.2,0
CUST-003861,Female,0,No,No,7,Yes,No,Fiber optic,Yes,Yes,No,Yes,One year,No,Credit card,64.4,402.8,1,220.6,1
CUST-003862,Male,0,Yes,No,29,Yes,Yes,Fiber optic,Yes,Yes,No,No internet service,One year,No,Electronic check,61.42,1781.3,1,271.4,1
CUST-003863,Female,0,Yes,No,19,Yes,Yes,Fiber optic,No internet service,Yes,No,Yes,Month-to-month,Yes,Bank transfer,132.95,2547.52,1,155.2,0
CUST-003864,Male,1,Yes,No,62,No,No,DSL,No,Yes,Yes,Yes,Month-to-month,No,Electronic check,98.99,6344.95,4,77.0,0
CUST-003865,Female,0,Yes,No,11,Yes,No phone service,Fiber optic,No,No,No,Yes,Month-to-month,Yes,Electronic check,84.72,971.72,1,164.2,1
CUST-003866,Female,1,No,Yes,11,Yes,No,Fiber optic,No,No internet service,No,No,Two year,Yes,Electronic check,18.0,197.48,0,168.2,0
CUST-003867,Male,0,Yes,Yes,39,Yes,Yes,Fiber optic,No,No,No,No internet service,Month-to-month,No,Electronic check,111.0,4069.1,2,253.7,1
CUST-003868,Female,0,Yes,No,26,Yes,No phone service,Fiber optic,Yes,No,No,No,Month-to-month,No,Electronic check,114.88,2713.75,1,248.2,1
CUST-003869,Male,0,No,No,25,Yes,No phone service,Fiber optic,No,No,No,No,Two year,No,Mailed check,110.5,2825.96,1,0.0,0
CUST-003870,Male,0,No,No,72,Yes,Yes,DSL,No,No,No,No,Two year,Yes,Bank transfer,84.13,6257.6,3,39.6,0
CUST-003871,Male,0,Yes,No,46,Yes,Yes,Fiber optic,No internet service,Yes,No,Yes,Month-to-month,Yes,Electronic check,89.56,3582.11,2,283.8,1
CUST-003872,Male,0,Yes,No,22,Yes,Yes,No,Yes,No,No,No internet service,Two year,No,Electronic check,57.69,1219.42,1,74.6,1
CUST-003873,Male,0,Yes,Yes,6,Yes,No,DSL,No,No,No,No,Month-to-month,Yes,Bank transfer,36.82,193.46,3,272.8,1
CUST-003874,Female,0,No,No,22,Yes,Yes,Fiber optic,No,Yes,No,No,Two year,Yes,Electronic check,74.08,1467.26,1,0.0,0
CUST-003875,Male,0,Yes,No,10,No,No,No,No internet service,No internet service,No,No,Month-to-month,Yes,Electronic check,79.64,738.02,2,341.6,0
CUST-003876,Male,1,No,Yes,14,Yes,Yes,DSL,No,Yes,No,Yes,Month-to-month,Yes,Mailed check,80.14,1023.46,3,185.9,0
CUST-003877,Female,0,No,Yes,14,Yes,No,DSL,Yes,No,Yes,No,Two year,Yes,Mailed check,93.69,1302.81,0,284.7,0
CUST-003878,Female,1,Yes,No,59,Yes,Yes,Fiber optic,No,No,No,Yes,Month-to-month,No,Mailed check,52.81,2697.48,0,196.6,0
CUST-003879,Female,0,No,Yes,8,Yes,No,DSL,Yes,No,No internet service,No,Two year,No,Bank transfer,20.22,157.38,2,318.4,0
CUST-003880,Male,0,No,No,55,No,No,Fiber optic,Yes,No,Yes,No internet service,Month-to-month,Yes,Electronic check,83.61,4443.44,1,314.3,1
CUST-003881,Male,0,No,No,40,Yes,No phone service,DSL,Yes,No,No,Yes,Month-to-month,No,Mailed check,39.4,1587.79,3,171.0,1
CUST-003882,Male,0,No,No,40,Yes,Yes,Fiber optic,No,Yes,No,No,Two year,No,Mailed check,100.58,3497.5,2,48.9,0
CUST-003883,Male,0,Yes,No,13,Yes,No,Fiber optic,No internet service,No,Yes,No,Month-to-month,No,Mailed check,55.7,663.7,0,26.7,0
CUST-003884,Male,0,No,No,50,Yes,No,DSL,No internet service,No,Yes,No,Two year,Yes,Electronic check,105.41,5214.59,2,95.7,0
CUST-003885,Female,1,Yes,No,12,Yes,No,Fiber optic,No,Yes,No internet service,Yes,Two year,No,Credit card,70.34,837.59,2,101.0,0
CUST-003886,Male,1,Yes,Yes,72,Yes,No,Fiber optic,Yes,No,Yes,Yes,Month-to-month,Yes,Electronic check,142.78,9662.6,0,319.0,0
CUST-003887,Female,0,Yes,Yes,60,Yes,Yes,No,No,No,Yes,Yes,Month-to-month,No,Mailed check,85.73,4847.23,1,133.3,1
CUST-003888,Male,0,No,No,72,Yes,Yes,Fiber optic,No,No,No,No,Month-to-month,Yes,Electronic check,63.34,4756.77,1,214.2,0
CUST-003889,Female,0,Yes,No,30,Yes,No,Fiber optic,No,Yes,No internet service,No internet service,Month-to-month,Yes,Credit card,157.84,4333.94,2,46.6,1
CUST-003890,Female,0,Yes,Yes,26,Yes,No,Fiber optic,No internet service,No,Yes,No,Month-to-month,No,Credit card,102.96,2355.87,1,152.2,1
CUST-003891,Male,0,Yes,No,21,Yes,No,No,No,No,Yes,No internet service,Month-to-month,Yes,Electronic check,74.98,1638.54,1,184.9,0
CUST-003892,Female,0,Yes,No,72,Yes,Yes,DSL,No,No,No internet service,Yes,Two year,Yes,Electronic check,68.04,4957.55,1,178.7,0
CUST-003893,Male,0,Yes,No,45,Yes,Yes,DSL,No,No,Yes,No,Month-to-month,No,Mailed check,84.0,3392.08,0,64.3,0
CUST-003894,Male,0,No,Yes,10,Yes,No,No,No,Yes,Yes,Yes,One year,Yes,Mailed check,85.76,876.02,2,240.9,0
CUST-003895,Female,1,No,No,70,Yes,No,DSL,No,No,Yes,Yes,Month-to-month,No,Mailed check,44.05,2776.62,1,254.8,0
CUST-003896,Male,0,No,No,25,Yes,No,No,Yes,Yes,No internet service,Yes,Month-to-month,Yes,Mailed check,63.59,1614.46,3,155.8,0
CUST-003897,Male,0,No,Yes,2,Yes,Yes,DSL,No internet service,No,No internet service,Yes,Month-to-month,Yes,Electronic check,73.47,143.37,1,0.0,1
CUST-003898,Male,0,Yes,No,16,Yes,No,No,No,No internet service,No,Yes,Month-to-month,No,Electronic check,87.48,1324.85,2,237.1,0
CUST-003899,Female,0,Yes,No,60,Yes,No,DSL,No,No,No internet service,No,One year,No,Electronic check,87.99,5467.47,2,206.4,1
CUST-003900,Male,0,No,Yes,40,Yes,No,Fiber optic,Yes,No internet service,Yes,No,Month-to-month,Yes,Electronic check,99.94,4044.91,2,304.0,1
CUST-003901,Male,0,No,No,46,Yes,Yes,Fiber optic,No internet service,No,Yes,No internet service,Two year,Yes,Mailed check,78.49,3162.79,4,85.0,0
CUST-003902,Female,0,No,No,69,No,Yes,Fiber optic,No,No internet service,No,No,Two year,Yes,Electronic check,76.95,5262.52,2,339.4,0
CUST-003903,Female,0,Yes,No,5,Yes,Yes,DSL,Yes,No internet service,No,Yes,Month-to-month,Yes,Electronic check,34.26,172.63,0,133.3,0
CUST-003904,Male,0,Yes,Yes,16,Yes,No,No,No,No internet service,Yes,Yes,Two year,No,Mailed check,87.78,1345.78,1,382.2,1
CUST-003905,Female,0,Yes,Yes,30,Yes,Yes,DSL,No,No,Yes,No internet service,Two year,No,Electronic check,51.52,1399.12,2,115.1,1
CUST-003906,Male,0,No,No,61,Yes,Yes,DSL,Yes,No internet service,Yes,No,Month-to-month,No,Bank transfer,64.25,3515.01,1,217.1,0
CUST-003907,Male,0,No,Yes,12,Yes,No,DSL,No,No,No,No internet service,Two year,No,Credit card,77.13,967.08,1,21.3,0
CUST-003908,Female,0,No,No,22,Yes,No phone service,No,Yes,No internet service,Yes,Yes,Month-to-month,Yes,Credit card,70.12,1445.97,1,159.2,0
CUST-003909,Male,0,No,No,29,Yes,No,DSL,No,No,No,No internet service,One year,No,Electronic check,69.83,1931.49,2,164.0,1
CUST-003910,Female,0,No,No,15,Yes,No,Fiber optic,No,Yes,Yes,No,Month-to-month,Yes,Electronic check,67.85,986.86,1,216.8,0
CUST-003911,Male,0,No,No,29,Yes,Yes,DSL,No,No internet service,No,No,Two year,Yes,Bank transfer,78.07,1969.89,0,147.7,1
CUST-003912,Male,1,No,Yes,26,No,Yes,Fiber optic,Yes,No,Yes,Yes,Two year,No,Mailed check,85.62,1928.29,1,163.7,1
CUST-003913,Female,0,Yes,No,19,Yes,Yes,Fiber optic,No internet service,No,No internet service,No,Two year,Yes,Electronic check,92.41,1561.96,1,281.5,0
CUST-003914,Female,0,Yes,No,50,Yes,Yes,Fiber optic,Yes,No internet service,No,No,Two year,Yes,Credit card,129.74,5598.67,1,118.9,0
CUST-003915,Female,0,No,No,44,Yes,No,Fiber optic,No,No internet service,No,Yes,Month-to-month,Yes,Bank transfer,110.16,4990.95,1,141.7,1
CUST-003916,Female,1,No,No,51,Yes,No,Fiber optic,No,No,Yes,No internet service,One year,Yes,Electronic check,77.88,3493.5,2,217.0,1
CUST-003917,Male,0,Yes,Yes,54,Yes,No,Fiber optic,No internet service,No,Yes,No internet service,Month-to-month,No,Electronic check,90.53,4376.97,2,187.9,1
CUST-003918,Female,0,No,No,7,Yes,Yes,No,No,Yes,No,No,Month-to-month,Yes,Credit card,117.98,790.75,1,166.5,1
CUST-003919,Male,1,Yes,No,8,No,No,Fiber optic,Yes,No,Yes,No,Month-to-month,No,Mailed check,85.78,706.29,3,185.8,1
CUST-003920,Male,0,No,No,47,Yes,No,No,No,No,No,No internet service,Two year,No,Electronic check,71.2,2877.11,4,58.1,0
CUST-003921,Female,0,No,Yes,20,Yes,No,Fiber optic,No,No,Yes,Yes,One year,Yes,Electronic check,114.92,2053.0,1,356.1,1
CUST-003922,Female,0,No,No,18,Yes,No phone service,No,No,No,No,No,Month-to-month,Yes,Electronic check,76.46,1367.22,1,132.3,1
CUST-003923,Female,0,No,No,16,Yes,Yes,DSL,No,No,No internet service,No,Two year,Yes,Bank transfer,58.82,897.6,1,97.6,0
CUST-003924,Female,0,Yes,No,53,Yes,Yes,No,Yes,Yes,No,Yes,Two year,Yes,Bank transfer,47.7,2449.35,6,200.2,0
CUST-003925,Female,0,No,No,72,No,Yes,DSL,No,No,Yes,No internet service,Month-to-month,Yes,Bank transfer,69.7,4282.47,1,75.0,1
CUST-003926,Female,0,Yes,No,54,Yes,Yes,DSL,Yes,Yes,No,Yes,Month-to-month,Yes,Credit card,89.74,4959.2,1,145.0,0
CUST-003927,Male,0,No,Yes,19,Yes,No,Fiber optic,No,No,No internet service,No,One year,Yes,Credit card,134.63,2470.3,1,290.0,1
CUST-003928,Female,0,Yes,No,51,Yes,No,Fiber optic,No,No,No internet service,Yes,One year,Yes,Electronic check,51.04,2646.93,2,182.1,1
CUST-003929,Male,0,Yes,No,8,Yes,Yes,DSL,No internet service,No,Yes,No,Month-to-month,Yes,Electronic check,122.88,1025.09,1,113.0,1
CUST-003930,Female,1,No,Yes,24,Yes,No,Fiber optic,No,No,No,No,Month-to-month,Yes,Electronic check,86.35,2064.95,2,74.8,0
CUST-003931,Female,0,No,Yes,5,Yes,Yes,Fiber optic,Yes,No internet service,Yes,No,Month-to-month,No,Mailed check,122.74,525.47,1,210.4,1
CUST-003932,Male,1,No,Yes,20,Yes,No,No,No,No,No internet service,No,Month-to-month,No,Mailed check,47.87,950.11,0,97.8,0
CUST-003933,Male,1,No,No,33,Yes,No,Fiber optic,No internet service,No internet service,Yes,No,Month-to-month,Yes,Credit card,46.67,1482.81,1,94.1,0
CUST-003934,Female,0,Yes,No,72,Yes,Yes,DSL,Yes,No,No,No,Month-to-month,Yes,Mailed check,30.61,1919.07,1,210.1,0
CUST-003935,Male,0,No,No,64,Yes,Yes,Fiber optic,No,No,No,No,Month-to-month,Yes,Bank transfer,85.07,4922.35,0,256.4,1
CUST-003936,Female,0,No,No,5,Yes,No,Fiber optic,No,Yes,Yes,Yes,One year,No,Electronic check,110.72,489.27,0,113.5,0
CUST-003937,Female,0,No,No,6,Yes,No,Fiber optic,No,No,No,No,Month-to-month,No,Electronic check,95.94,595.74,0,41.3,1
CUST-003938,Female,0,No,No,15,Yes,Yes,DSL,No,No,No,No,Month-to-month,No,Electronic check,62.49,945.88,2,146.3,1
CUST-003939,Female,0,No,No,72,Yes,Yes,No,No,No,Yes,No,Month-to-month,Yes,Electronic check,103.54,7381.65,2,235.0,0
CUST-003940,Male,1,No,No,6,Yes,Yes,No,No,No,Yes,No,Two year,Yes,Electronic check,70.06,421.48,0,210.0,0
CUST-003941,Male,0,No,Yes,16,Yes,No,Fiber optic,No,No,No,No,Month-to-month,No,Bank transfer,103.39,1605.08,2,117.1,1
CUST-003942,Female,0,Yes,No,16,Yes,Yes,Fiber optic,Yes,No internet service,No internet service,No,Month-to-month,No,Bank transfer,188.33,3076.73,3,213.1,1
CUST-003943,Female,1,No,Yes,39,Yes,No,No,No,No,No internet service,No,Month-to-month,No,Bank transfer,69.76,2436.9,1,116.7,1
CUST-003944,Male,0,Yes,No,52,Yes,Yes,Fiber optic,No,No internet service,No,Yes,One year,Yes,Bank transfer,74.12,3469.42,1,81.2,0
CUST-003945,Female,0,Yes,No,44,Yes,No,Fiber optic,Yes,No internet service,No,No,Month-to-month,Yes,Electronic check,109.43,4662.48,0,310.2,0
CUST-003946,Male,0,Yes,Yes,35,Yes,No,DSL,Yes,No,No,No,Month-to-month,Yes,Electronic check,92.02,3259.53,1,285.2,1
CUST-003947,Male,1,Yes,Yes,7,Yes,No,DSL,Yes,No,No internet service,No,Two year,Yes,Mailed check,79.03,562.7,1,96.8,0
CUST-003948,Male,0,No,No,31,Yes,No,Fiber optic,Yes,No,No,No,One year,Yes,Credit card,99.71,3230.8,1,225.7,1
CUST-003949,Male,0,Yes,No,71,Yes,No phone service,Fiber optic,No,No,Yes,Yes,Month-to-month,No,Mailed check,139.47,9926.48,2,57.2,0
CUST-003950,Female,0,No,No,72,Yes,No phone service,No,No internet service,Yes,No internet service,Yes,Month-to-month,Yes,Credit card,110.72,7146.98,1,310.1,0
CUST-003951,Female,0,No,No,38,Yes,No,No,Yes,No,Yes,Yes,Two year,Yes,Credit card,66.49,2264.08,0,237.7,0
CUST-003952,Male,0,No,No,6,No,No,DSL,No,No,Yes,No,Two year,Yes,Mailed check,50.7,285.65,0,199.1,0
CUST-003953,Female,0,Yes,No,38,No,Yes,DSL,No,No,No,No,One year,No,Electronic check,82.88,3086.4,1,58.4,0
CUST-003954,Male,0,No,No,26,Yes,No phone service,No,No,Yes,No internet service,Yes,One year,Yes,Bank transfer,50.52,1251.33,0,277.5,0
CUST-003955,Male,0,Yes,No,7,Yes,No,DSL,Yes,No,No,No,Two year,Yes,Bank transfer,96.55,583.62,0,209.6,1
CUST-003956,Male,0,No,Yes,11,Yes,Yes,DSL,Yes,No internet service,No,No,Two year,No,Credit card,82.72,861.15,2,226.4,0
CUST-003957,Female,0,Yes,No,13,Yes,Yes,DSL,Yes,No internet service,Yes,Yes,Month-to-month,No,Bank transfer,150.1,1977.5,1,285.7,1
CUST-003958,Female,1,No,No,47,Yes,No,Fiber optic,No,No internet service,No,Yes,Two year,No,Credit card,139.2,5875.44,0,233.9,0
CUST-003959,Male,0,Yes,No,72,Yes,Yes,No,No,No,Yes,Yes,One year,No,Mailed check,37.64,2647.61,3,67.8,0
CUST-003960,Female,0,Yes,No,42,Yes,No,DSL,No,Yes,Yes,No,One year,No,Credit card,54.44,2066.71,2,281.6,0
CUST-003961,Male,0,No,Yes,48,Yes,No phone service,Fiber optic,No,No internet service,No internet service,No internet service,Month-to-month,Yes,Mailed check,37.58,1733.8,1,110.4,1
CUST-003962,Female,1,No,Yes,27,Yes,Yes,DSL,No internet service,No internet service,No,Yes,Month-to-month,Yes,Electronic check,18.0,481.24,0,151.7,1
CUST-003963,Female,0,Yes,No,18,Yes,No,No,Yes,Yes,No internet service,No internet service,Two year,Yes,Mailed check,73.41,1178.01,2,148.9,0
CUST-003964,Male,0,No,No,43,Yes,No,Fiber optic,No internet service,No,Yes,No,One year,Yes,Electronic check,59.23,2541.5,2,59.9,0
CUST-003965,Male,0,Yes,No,35,Yes,No,DSL,Yes,No,No,No internet service,Month-to-month,No,Bank transfer,119.24,4111.91,1,109.8,1
CUST-003966,Female,0,Yes,No,14,Yes,Yes,Fiber optic,No,No,Yes,No internet service,One year,Yes,Bank transfer,129.74,1657.49,0,81.0,1
CUST-003967,Female,0,Yes,No,34,Yes,No,DSL,No,No,Yes,No,Month-to-month,Yes,Credit card,61.86,2164.05,3,85.6,1
CUST-003968,Female,0,Yes,Yes,28,Yes,Yes,No,No,No internet service,Yes,Yes,Month-to-month,No,Bank transfer,60.15,1694.5,1,169.7,1
CUST-003969,Male,0,Yes,No,22,Yes,No,No,No,Yes,Yes,Yes,One year,Yes,Electronic check,114.56,2404.98,2,251.7,0
CUST-003970,Female,0,Yes,Yes,17,Yes,No phone service,No,No,No internet service,No internet service,Yes,One year,No,Credit card,121.44,1788.92,1,349.2,0
CUST-003971,Male,0,No,No,38,Yes,No,DSL,Yes,Yes,No,Yes,Month-to-month,No,Mailed check,42.02,1498.03,2,230.1,0
CUST-003972,Male,0,Yes,Yes,18,Yes,No,DSL,No,No,No internet service,No,Month-to-month,Yes,Bank transfer,38.16,629.24,3,331.6,0
CUST-003973,Male,0,Yes,No,72,Yes,Yes,DSL,No,No,Yes,No,Month-to-month,Yes,Mailed check,60.97,3961.6,1,73.1,1
CUST-003974,Female,0,Yes,No,41,Yes,Yes,Fiber optic,No internet service,No,No,No,One year,Yes,Mailed check,107.94,4331.17,2,338.7,1
CUST-003975,Female,0,No,No,38,Yes,Yes,DSL,No internet service,No,Yes,Yes,Two year,Yes,Mailed check,54.59,2145.66,2,151.5,1
CUST-003976,Female,0,Yes,Yes,25,Yes,No,DSL,Yes,Yes,Yes,Yes,One year,No,Credit card,83.57,1837.02,0,380.0,0
CUST-003977,Male,0,Yes,No,21,Yes,No,DSL,No,No internet service,No internet service,No internet service,One year,No,Electronic check,128.51,2694.17,0,92.8,1
CUST-003978,Female,0,No,Yes,4,No,No,Fiber optic,Yes,Yes,Yes,No,Month-to-month,Yes,Electronic check,52.82,205.86,0,276.4,1
CUST-003979,Male,0,Yes,No,15,Yes,No,Fiber optic,No,Yes,No internet service,No internet service,Month-to-month,Yes,Bank transfer,81.63,1204.13,1,72.0,1
CUST-003980,Female,0,Yes,Yes,5,Yes,Yes,Fiber optic,Yes,Yes,No internet service,No,Two year,Yes,Mailed check,53.39,272.03,2,78.2,0
CUST-003981,Male,0,No,No,5,Yes,No,Fiber optic,No,No,Yes,Yes,Month-to-month,No,Mailed check,69.9,323.33,0,380.9,0
CUST-003982,Male,0,Yes,Yes,10,Yes,No phone service,Fiber optic,Yes,No,No internet service,No,Month-to-month,Yes,Bank transfer,86.16,832.23,4,103.0,1
CUST-003983,Female,0,Yes,No,66,Yes,No phone service,Fiber optic,No,No,No,No internet service,Month-to-month,No,Electronic check,73.18,4373.02,1,202.4,0
CUST-003984,Female,0,No,No,65,Yes,No,No,No,Yes,No,No,One year,Yes,Bank transfer,85.6,5045.63,2,74.5,0
CUST-003985,Male,1,No,No,15,Yes,No,Fiber optic,No,No internet service,No internet service,Yes,Month-to-month,No,Bank transfer,99.53,1422.25,1,183.1,1
CUST-003986,Female,0,No,No,7,Yes,No,No,Yes,Yes,No,No,Month-to-month,Yes,Mailed check,78.97,470.68,1,362.9,1
CUST-003987,Male,0,No,No,20,Yes,No,Fiber optic,No internet service,No internet service,No internet service,No,One year,No,Bank transfer,85.8,1543.74,0,205.5,1
CUST-003988,Female,0,Yes,No,47,Yes,No,No,No,No,No internet service,No internet service,Month-to-month,Yes,Mailed check,63.56,2629.89,0,132.0,0
CUST-003989,Female,0,No,No,57,Yes,Yes,DSL,No,No,Yes,No,Month-to-month,No,Mailed check,59.48,2963.05,0,144.5,1
CUST-003990,Female,0,No,No,33,Yes,No phone service,No,No,No,No,No internet service,Two year,Yes,Electronic check,62.54,1913.02,0,169.0,0
CUST-003991,Female,0,No,No,38,Yes,No,No,Yes,No,No,No,Two year,No,Credit card,82.57,2732.51,1,184.3,0
CUST-003992,Male,0,Yes,No,35,Yes,Yes,DSL,No,No internet service,Yes,No,Month-to-month,No,Mailed check,18.0,554.94,0,216.3,0
CUST-003993,Female,0,No,Yes,6,Yes,Yes,Fiber optic,Yes,No,Yes,No,Month-to-month,Yes,Credit card,103.64,611.72,1,251.8,0
CUST-003994,Male,0,No,No,8,Yes,No,DSL,No,No,Yes,No,Month-to-month,Yes,Mailed check,43.94,344.57,3,123.5,1
CUST-003995,Female,0,Yes,No,72,Yes,No,Fiber optic,No,Yes,No,No internet service,Month-to-month,Yes,Electronic check,84.83,6346.3,1,234.0,1
CUST-003996,Female,0,No,No,33,Yes,No,No,Yes,No,Yes,Yes,Two year,No,Bank transfer,23.15,790.1,0,29.2,0
CUST-003997,Male,0,No,Yes,3,Yes,No,No,Yes,No,Yes,No,One year,No,Bank transfer,59.24,182.12,2,197.8,0
CUST-003998,Male,1,Yes,Yes,39,Yes,No,Fiber optic,No internet service,No internet service,No internet service,No,Month-to-month,Yes,Credit card,103.34,3982.53,2,112.5,0
CUST-003999,Male,0,No,No,13,No,No,DSL,No,No,No internet service,Yes,One year,Yes,Bank transfer,83.71,983.05,1,164.8,0
CUST-004000,Male,0,Yes,No,60,Yes,Yes,Fiber optic,No,No,No,Yes,Month-to-month,Yes,Bank transfer,59.41,3156.93,1,226.5,0
CUST-004001,Male,0,Yes,No,56,Yes,Yes,DSL,No,No,No internet service,Yes,Month-to-month,Yes,Electronic check,82.27,4790.59,1,303.8,0
CUST-004002,Female,0,No,No,45,Yes,Yes,DSL,Yes,No,No,Yes,Two year,No,Electronic check,104.19,4885.28,1,155.2,0
CUST-004003,Female,0,No,Yes,33,Yes,No,DSL,No internet service,No,No,No,Month-to-month,No,Bank transfer,55.19,1731.8,3,211.6,0
CUST-004004,Female,0,Yes,No,70,Yes,Yes,No,No,No,No,No,Month-to-month,No,Bank transfer,70.03,4704.29,0,198.0,1
CUST-004005,Female,0,No,No,72,Yes,No phone service,Fiber optic,Yes,No,Yes,No,Two year,Yes,Bank transfer,32.94,2018.7,3,20.3,0
CUST-004006,Female,0,No,No,13,Yes,Yes,DSL,No,No,Yes,No internet service,Month-to-month,Yes,Bank transfer,43.09,492.78,1,203.8,1
CUST-004007,Female,0,No,No,44,Yes,No,DSL,No internet service,No,No,Yes,Month-to-month,No,Electronic check,78.12,3296.85,1,363.6,1
CUST-004008,Male,0,Yes,No,18,Yes,Yes,Fiber optic,No,No,No,Yes,Month-to-month,No,Credit card,123.66,1972.99,2,265.4,1
CUST-004009,Male,0,No,Yes,11,Yes,Yes,Fiber optic,No,No internet service,No,Yes,Month-to-month,Yes,Mailed check,77.02,801.27,0,144.4,1
CUST-004010,Female,0,No,Yes,72,Yes,Yes,Fiber optic,Yes,No,Yes,No,Month-to-month,Yes,Bank transfer,175.08,12719.11,1,142.8,1
CUST-004011,Male,0,No,Yes,50,Yes,No,DSL,Yes,No,No,No,Month-to-month,Yes,Bank transfer,79.42,4011.16,1,129.2,0
CUST-004012,Male,0,Yes,No,35,Yes,Yes,No,No internet service,No,No internet service,Yes,Month-to-month,No,Electronic check,31.8,1137.83,0,238.7,0
CUST-004013,Male,0,Yes,No,14,Yes,Yes,Fiber optic,No,Yes,No internet service,No,Month-to-month,Yes,Mailed check,133.62,1678.21,0,186.3,1
CUST-004014,Female,1,Yes,No,72,Yes,Yes,Fiber optic,No internet service,Yes,Yes,Yes,One year,Yes,Electronic check,57.41,3870.66,0,47.9,0
CUST-004015,Male,0,Yes,No,12,No,No,DSL,No internet service,No,Yes,No,Two year,Yes,Electronic check,79.85,934.63,5,241.7,1
CUST-004016,Male,0,No,No,10,Yes,No,Fiber optic,No,Yes,No internet service,No internet service,One year,No,Electronic check,67.12,648.55,1,230.5,0
CUST-004017,Male,0,No,No,29,Yes,No,Fiber optic,No,No,Yes,No internet service,One year,Yes,Electronic check,54.28,1652.44,1,180.5,0
CUST-004018,Male,0,No,No,47,Yes,Yes,DSL,No,No,Yes,Yes,Two year,No,Bank transfer,98.86,4206.4,4,199.6,0
CUST-004019,Male,1,Yes,No,22,Yes,Yes,Fiber optic,No,Yes,Yes,Yes,Month-to-month,No,Mailed check,87.21,1658.14,1,104.3,1
CUST-004020,Male,0,No,No,32,Yes,No,No,No,No internet service,No,No,Month-to-month,No,Mailed check,121.77,3614.42,0,315.9,0
CUST-004021,Male,0,Yes,Yes,17,Yes,No,Fiber optic,No internet service,No,Yes,No,Month-to-month,Yes,Electronic check,64.46,1045.01,1,49.1,0
CUST-004022,Female,1,No,No,19,Yes,Yes,DSL,No internet service,No,Yes,No,Month-to-month,Yes,Mailed check,23.21,409.01,0,175.6,1
CUST-004023,Male,0,Yes,Yes,72,Yes,Yes,Fiber optic,No,No,Yes,No,Two year,Yes,Credit card,80.61,5304.05,3,181.9,0
CUST-004024,Female,0,Yes,Yes,26,Yes,Yes,Fiber optic,Yes,No,No,Yes,Month-to-month,No,Credit card,181.72,4259.0,1,145.7,1
CUST-004025,Female,0,Yes,No,72,Yes,No phone service,DSL,No internet service,No,No,Yes,Two year,No,Mailed check,95.02,6399.98,0,186.0,1
CUST-004026,Female,1,Yes,Yes,5,Yes,No phone service,DSL,No internet service,No internet service,No internet service,No internet service,Month-to-month,Yes,Bank transfer,86.62,427.82,2,91.0,1
CUST-004027,Female,1,No,No,61,Yes,No phone service,No,No,Yes,Yes,No,Month-to-month,Yes,Credit card,87.61,4701.59,2,129.6,0
CUST-004028,Female,0,No,Yes,15,Yes,Yes,Fiber optic,No,No,No,No,Month-to-month,No,Mailed check,80.45,1234.71,2,92.8,0
CUST-004029,Female,0,Yes,No,51,Yes,No,DSL,Yes,No,Yes,Yes,Month-to-month,Yes,Electronic check,151.88,7577.23,5,163.8,1
CUST-004030,Male,0,No,Yes,15,Yes,No,DSL,No,No,No,Yes,Month-to-month,Yes,Mailed check,83.74,1094.69,2,307.8,1
CUST-004031,Female,0,No,No,20,Yes,No,Fiber optic,Yes,Yes,Yes,No,One year,Yes,Mailed check,105.93,1810.77,0,227.2,0
CUST-004032,Male,0,No,No,11,Yes,Yes,No,No,Yes,No,No,Month-to-month,Yes,Bank transfer,99.55,942.0,0,66.1,1
CUST-004033,Male,0,No,No,51,No,Yes,Fiber optic,Yes,No,No,Yes,Two year,Yes,Electronic check,56.8,2514.76,2,157.0,0
CUST-004034,Female,0,Yes,No,57,Yes,Yes,No,No,No,No internet service,No internet service,Two year,Yes,Electronic check,43.62,2433.38,2,177.5,0
CUST-004035,Male,1,No,No,15,Yes,No,DSL,Yes,No internet service,Yes,No internet service,Month-to-month,Yes,Mailed check,62.63,975.38,0,120.3,0
CUST-004036,Male,0,Yes,No,7,Yes,No phone service,Fiber optic,No internet service,No,No internet service,Yes,Two year,Yes,Electronic check,124.74,765.48,1,139.1,1
CUST-004037,Male,0,Yes,No,72,Yes,Yes,DSL,Yes,No,No,No,Month-to-month,No,Mailed check,31.06,2027.94,0,296.4,0
CUST-004038,Female,0,Yes,No,17,Yes,No,Fiber optic,No,No,No,Yes,Month-to-month,Yes,Bank transfer,92.98,1617.27,0,27.4,1
CUST-004039,Male,1,No,No,25,Yes,Yes,DSL,Yes,Yes,No,Yes,Month-to-month,No,Electronic check,63.73,1515.5,1,218.2,0
CUST-004040,Male,0,Yes,No,13,Yes,Yes,No,No,No,Yes,Yes,One year,Yes,Electronic check,22.77,276.88,1,16.8,0
CUST-004041,Female,1,Yes,No,48,Yes,No,DSL,No,No,No,Yes,Month-to-month,Yes,Credit card,54.73,2481.72,2,206.5,0
CUST-004042,Female,0,No,Yes,49,Yes,Yes,Fiber optic,Yes,Yes,Yes,No,One year,Yes,Mailed check,111.27,4744.56,1,102.4,0
CUST-004043,Male,0,Yes,No,72,Yes,No,Fiber optic,No,No internet service,No,Yes,Two year,Yes,Electronic check,50.5,3250.41,2,237.8,0
CUST-004044,Female,0,Yes,Yes,62,No,Yes,DSL,No,No,Yes,Yes,Month-to-month,Yes,Bank transfer,112.34,7260.43,0,356.7,0
CUST-004045,Female,0,Yes,No,59,Yes,Yes,DSL,Yes,No,No internet service,Yes,Two year,Yes,Electronic check,84.04,4852.75,0,175.2,0
CUST-004046,Female,0,No,No,27,No,No,DSL,No internet service,No,No,No,One year,Yes,Bank transfer,80.38,1968.99,1,300.1,0
CUST-004047,Female,0,Yes,No,25,Yes,No,Fiber optic,No,No,No internet service,No internet service,Month-to-month,Yes,Bank transfer,95.25,2474.95,1,242.3,0
CUST-004048,Female,0,No,Yes,47,Yes,No phone service,DSL,No,No internet service,Yes,Yes,Month-to-month,Yes,Electronic check,37.23,1626.46,0,221.4,1
CUST-004049,Male,0,Yes,No,26,Yes,No,DSL,No internet service,No,Yes,Yes,Month-to-month,Yes,Mailed check,50.51,1153.25,1,85.7,1
CUST-004050,Male,0,No,Yes,63,Yes,Yes,DSL,No,No internet service,No internet service,Yes,Month-to-month,No,Credit card,80.86,5313.27,1,279.9,0
CUST-004051,Female,0,No,No,12,No,No,Fiber optic,No,No,No internet service,No internet service,One year,No,Bank transfer,75.45,890.18,1,218.4,0
CUST-004052,Female,0,Yes,Yes,5,No,No,DSL,No internet service,No,No,No internet service,Month-to-month,Yes,Credit card,75.66,378.53,2,86.3,1
CUST-004053,Female,0,No,No,43,Yes,Yes,Fiber optic,No,No,Yes,Yes,Month-to-month,No,Mailed check,68.03,2499.8,0,97.3,1
CUST-004054,Female,1,Yes,No,19,Yes,No,No,Yes,Yes,Yes,Yes,One year,Yes,Bank transfer,83.54,1439.11,0,130.1,1
CUST-004055,Female,0,Yes,No,10,Yes,No,No,Yes,No,No internet service,No,One year,Yes,Electronic check,85.78,891.35,0,101.9,0
CUST-004056,Male,0,Yes,No,72,Yes,No phone service,No,Yes,No,No,Yes,Two year,Yes,Mailed check,21.17,1342.97,1,167.4,0
CUST-004057,Male,1,No,No,29,Yes,No,Fiber optic,No,Yes,No,Yes,Month-to-month,No,Credit card,97.02,2883.04,1,231.8,1
CUST-004058,Male,0,Yes,Yes,8,No,No,DSL,Yes,Yes,Yes,No,One year,Yes,Bank transfer,24.35,195.6,1,159.9,0
CUST-004059,Male,0,No,No,17,Yes,No,No,No,No,Yes,No,Month-to-month,Yes,Electronic check,18.0,283.27,0,199.6,0
CUST-004060,Male,1,Yes,No,23,Yes,No,Fiber optic,No,No,No,No,One year,No,Bank transfer,77.18,1823.76,0,68.1,0
CUST-004061,Female,1,No,No,43,Yes,Yes,Fiber optic,No,No,Yes,Yes,Month-to-month,No,Credit card,178.91,7958.75,1,273.8,1
CUST-004062,Female,0,No,Yes,17,Yes,No,Fiber optic,No,No,No,No,Month-to-month,Yes,Bank transfer,118.26,2057.44,2,259.2,1
CUST-004063,Female,0,Yes,No,26,Yes,Yes,DSL,No,Yes,No internet service,No,Two year,Yes,Bank transfer,111.76,2706.78,0,368.7,0
CUST-004064,Female,0,No,No,36,Yes,Yes,Fiber optic,No internet service,No,Yes,No internet service,One year,Yes,Bank transfer,113.25,3944.29,2,86.5,1
CUST-004065,Male,1,No,No,41,No,No,Fiber optic,No,Yes,Yes,No internet service,One year,Yes,Bank transfer,101.16,3779.49,1,76.2,0
CUST-004066,Female,0,Yes,No,27,No,Yes,DSL,No internet service,No,Yes,Yes,Month-to-month,Yes,Credit card,96.86,2290.95,1,61.4,0
CUST-004067,Female,0,Yes,No,72,Yes,No,DSL,No internet service,No,Yes,No,One year,No,Electronic check,50.81,3769.83,0,290.6,0
CUST-004068,Male,0,Yes,No,48,Yes,Yes,No,No,No,No,No internet service,Month-to-month,No,Electronic check,84.12,4224.2,1,53.8,0
CUST-004069,Male,0,Yes,No,46,Yes,No,DSL,Yes,No,Yes,No,Month-to-month,No,Bank transfer,105.31,4174.5,1,140.3,1
CUST-004070,Female,1,No,No,45,Yes,No,No,No internet service,No,Yes,Yes,Month-to-month,No,Electronic check,90.98,4043.24,2,38.0,0
CUST-004071,Female,0,No,No,64,Yes,No,DSL,Yes,Yes,No internet service,No,Month-to-month,No,Credit card,107.28,7139.75,1,186.9,0
CUST-004072,Male,0,No,No,34,Yes,Yes,No,Yes,No,Yes,No,Month-to-month,No,Electronic check,75.48,2493.33,1,200.0,1
CUST-004073,Male,0,Yes,Yes,12,Yes,No,Fiber optic,No internet service,Yes,No,No,One year,Yes,Bank transfer,145.76,1503.25,1,221.8,1
CUST-004074,Female,0,No,Yes,39,Yes,No,No,No,No,No,No internet service,Month-to-month,No,Credit card,63.75,2120.83,2,171.2,1
CUST-004075,Female,0,Yes,No,43,Yes,Yes,No,Yes,No internet service,No,Yes,Two year,Yes,Electronic check,133.53,5459.44,4,77.1,0
CUST-004076,Male,1,No,No,71,Yes,Yes,DSL,Yes,No,No,No,Two year,Yes,Credit card,87.21,6427.0,1,225.7,0
CUST-004077,Male,0,No,Yes,11,Yes,Yes,Fiber optic,No,Yes,Yes,No,Month-to-month,No,Electronic check,83.48,831.77,0,185.6,1
CUST-004078,Female,0,No,No,13,Yes,Yes,Fiber optic,Yes,No,Yes,No,One year,No,Electronic check,59.63,713.18,0,184.4,0
CUST-004079,Female,0,No,Yes,30,Yes,Yes,Fiber optic,No,Yes,No internet service,No,Month-to-month,Yes,Electronic check,70.76,2142.34,2,100.7,1
CUST-004080,Female,0,Yes,No,46,Yes,No,Fiber optic,No,Yes,Yes,No,Two year,Yes,Mailed check,66.22,3077.55,1,216.1,0
CUST-004081,Female,0,No,No,9,Yes,Yes,Fiber optic,No internet service,No,No,Yes,Month-to-month,No,Bank transfer,92.34,863.23,1,254.9,1
CUST-004082,Male,0,No,No,11,Yes,No,Fiber optic,No,No,No,No internet service,Month-to-month,Yes,Electronic check,56.78,635.67,2,104.8,1
CUST-004083,Male,0,Yes,No,54,Yes,No,Fiber optic,No internet service,No,Yes,No internet service,Month-to-month,No,Mailed check,133.78,6998.76,1,58.7,1
CUST-004084,Male,0,No,Yes,9,Yes,No,No,No internet service,Yes,Yes,Yes,Two year,No,Credit card,73.32,684.81,2,247.3,0
CUST-004085,Male,0,Yes,No,14,Yes,No,DSL,No,Yes,No internet service,Yes,Month-to-month,No,Electronic check,72.1,982.09,0,18.3,0
CUST-004086,Female,0,No,No,56,No,No,No,No,No,Yes,No,Two year,No,Mailed check,35.04,1903.91,1,89.6,0
CUST-004087,Female,0,Yes,No,45,Yes,Yes,Fiber optic,No internet service,No,No,No internet service,Month-to-month,Yes,Bank transfer,71.93,2761.31,0,111.3,0
CUST-004088,Female,0,Yes,Yes,17,Yes,Yes,Fiber optic,Yes,Yes,Yes,Yes,One year,No,Electronic check,28.39,454.18,2,102.9,0
CUST-004089,Female,0,No,No,42,Yes,No,Fiber optic,No,No internet service,No,No internet service,Month-to-month,Yes,Credit card,143.53,5175.95,2,246.0,1
CUST-004090,Male,0,Yes,No,36,Yes,No,No,No,Yes,Yes,No internet service,Month-to-month,Yes,Credit card,27.47,1018.29,1,284.0,0
CUST-004091,Female,0,Yes,No,26,Yes,No,Fiber optic,No,No,No internet service,No internet service,Month-to-month,No,Mailed check,54.74,1212.8,0,270.2,0
CUST-004092,Male,0,No,No,21,Yes,No,DSL,Yes,No internet service,Yes,No,Month-to-month,Yes,Credit card,112.4,2151.18,2,95.7,1
CUST-004093,Male,0,No,No,41,Yes,No,Fiber optic,Yes,No internet service,No,No internet service,One year,No,Electronic check,106.63,4585.98,1,314.2,1
CUST-004094,Female,1,Yes,No,10,Yes,No,Fiber optic,No,No,Yes,Yes,One year,No,Electronic check,98.62,995.11,1,64.4,0
CUST-004095,Male,0,No,No,40,Yes,Yes,Fiber optic,No internet service,No,No,No internet service,Month-to-month,No,Mailed check,105.21,4214.78,1,202.0,1
CUST-004096,Male,0,No,No,34,Yes,No,DSL,No,No internet service,No,No,Month-to-month,Yes,Mailed check,98.62,3328.09,3,196.7,0
CUST-004097,Male,1,Yes,No,36,Yes,No,Fiber optic,Yes,Yes,No,No,Month-to-month,No,Credit card,98.0,3034.84,1,316.4,1
CUST-004098,Male,0,No,No,13,Yes,Yes,No,Yes,No,No internet service,No internet service,One year,No,Mailed check,23.69,279.57,1,225.3,1
CUST-004099,Female,0,No,No,72,No,No,Fiber optic,No,No internet service,Yes,No,One year,Yes,Mailed check,117.0,8505.32,2,332.1,0
CUST-004100,Male,0,Yes,No,17,Yes,Yes,Fiber optic,Yes,No internet service,No,No,Two year,No,Mailed check,107.67,1883.68,0,101.7,0
CUST-004101,Male,0,No,No,19,Yes,Yes,Fiber optic,Yes,No internet service,No internet service,Yes,Two year,Yes,Electronic check,130.15,2274.99,0,257.0,0
CUST-004102,Female,1,No,No,26,Yes,Yes,No,Yes,No,Yes,No,Month-to-month,No,Bank transfer,32.53,762.73,3,282.5,1
CUST-004103,Male,0,No,No,45,Yes,Yes,DSL,No,No,Yes,Yes,Month-to-month,Yes,Electronic check,48.12,1942.74,1,229.1,1
CUST-004104,Female,0,Yes,No,35,Yes,Yes,DSL,No internet service,Yes,Yes,No,Two year,Yes,Credit card,81.76,2746.12,2,106.0,0
CUST-004105,Female,0,No,No,6,Yes,No,DSL,No,No internet service,Yes,No,Month-to-month,No,Credit card,41.66,227.06,0,155.5,1
CUST-004106,Male,1,Yes,No,29,Yes,Yes,No,Yes,No,Yes,No,Month-to-month,Yes,Mailed check,18.0,445.93,1,236.7,0
CUST-004107,Female,0,No,No,31,Yes,No,Fiber optic,Yes,No,Yes,No internet service,Month-to-month,No,Electronic check,100.92,2903.73,4,249.5,1
CUST-004108,Female,0,Yes,Yes,72,Yes,No,DSL,Yes,No internet service,Yes,Yes,One year,Yes,Electronic check,96.85,6699.49,3,94.0,0
CUST-004109,Female,0,No,No,23,Yes,No,No,No,Yes,Yes,No,One year,Yes,Electronic check,66.13,1485.82,2,77.8,0
CUST-004110,Male,0,No,No,43,No,No,Fiber optic,No,No internet service,No internet service,No,Two year,Yes,Electronic check,111.44,4401.97,1,294.6,0
CUST-004111,Female,0,No,No,72,Yes,Yes,Fiber optic,No internet service,No,No,No,Month-to-month,Yes,Bank transfer,107.1,7038.68,0,269.1,1
CUST-004112,Female,0,Yes,No,65,Yes,Yes,DSL,Yes,Yes,Yes,No,Month-to-month,No,Electronic check,70.31,4144.39,2,295.6,1
CUST-004113,Female,0,Yes,No,12,Yes,No,Fiber optic,No,No,No internet service,Yes,Month-to-month,Yes,Electronic check,99.08,1158.82,1,345.3,1
CUST-004114,Female,0,Yes,Yes,50,Yes,Yes,Fiber optic,No,No,No,Yes,One year,No,Bank transfer,135.47,6141.89,1,194.4,1
CUST-004115,Male,0,No,No,40,Yes,Yes,Fiber optic,No,No,Yes,Yes,Month-to-month,No,Credit card,66.07,2731.09,5,40.6,0
CUST-004116,Female,0,No,No,22,Yes,No,Fiber optic,Yes,No,No,No,Two year,No,Bank transfer,118.19,2356.67,1,311.0,0
CUST-004117,Female,0,No,No,50,Yes,Yes,DSL,Yes,Yes,No internet service,No,Month-to-month,Yes,Bank transfer,34.57,1742.84,0,168.0,1
CUST-004118,Female,0,No,No,12,Yes,No,DSL,No,Yes,Yes,No,One year,Yes,Electronic check,46.16,506.22,1,335.6,1
CUST-004119,Female,0,No,No,17,No,Yes,DSL,No,No internet service,No internet service,Yes,Two year,No,Bank transfer,105.88,1758.43,1,106.0,0
CUST-004120,Male,0,Yes,Yes,26,Yes,Yes,DSL,No,No,No,Yes,Month-to-month,No,Electronic check,33.71,867.4,2,267.7,1
CUST-004121,Male,1,Yes,No,21,Yes,No,Fiber optic,No internet service,No,No,No,One year,Yes,Bank transfer,87.75,1630.64,3,86.1,1
CUST-004122,Female,0,Yes,No,46,No,Yes,DSL,Yes,Yes,Yes,Yes,Month-to-month,No,Mailed check,140.84,5999.19,0,314.6,0
CUST-004123,Male,1,No,No,28,Yes,No,No,No,No,Yes,Yes,Two year,Yes,Mailed check,100.77,2470.24,0,41.6,0
CUST-004124,Female,0,No,No,20,Yes,Yes,Fiber optic,No,No internet service,Yes,Yes,Two year,Yes,Credit card,72.88,1387.92,0,186.7,0
CUST-004125,Male,0,Yes,No,64,Yes,No,DSL,Yes,No,No internet service,Yes,One year,Yes,Electronic check,53.03,3501.82,0,170.6,0
CUST-004126,Female,0,No,No,45,Yes,No,No,No,No,No,No internet service,Month-to-month,Yes,Bank transfer,64.9,2830.53,2,122.2,1
CUST-004127,Male,0,No,No,8,Yes,Yes,DSL,No,No internet service,No internet service,Yes,Two year,Yes,Credit card,109.36,866.41,4,179.1,1
CUST-004128,Female,0,No,Yes,8,Yes,No phone service,Fiber optic,No,No internet service,No,Yes,Two year,No,Electronic check,64.95,471.08,2,113.3,0
CUST-004129,Male,0,No,No,20,Yes,No,Fiber optic,No,No internet service,No internet service,Yes,One year,No,Mailed check,63.13,1191.54,1,153.6,0
CUST-004130,Male,1,Yes,Yes,9,Yes,Yes,DSL,Yes,No internet service,Yes,No internet service,Two year,No,Electronic check,91.4,821.09,1,193.3,0
CUST-004131,Male,0,No,No,57,Yes,No,DSL,Yes,No,No internet service,No internet service,Month-to-month,Yes,Bank transfer,19.57,977.25,0,103.1,0
CUST-004132,Female,0,No,Yes,18,Yes,Yes,DSL,No,No internet service,No internet service,No,Month-to-month,Yes,Bank transfer,42.67,671.51,2,170.6,0
CUST-004133,Female,0,Yes,Yes,43,Yes,Yes,DSL,Yes,No,No,No,Month-to-month,Yes,Mailed check,67.45,2595.38,2,244.5,1
CUST-004134,Female,0,No,Yes,49,Yes,Yes,Fiber optic,No,No internet service,No,No internet service,Month-to-month,No,Credit card,93.99,4132.6,2,99.8,1
CUST-004135,Male,0,Yes,No,4,Yes,Yes,DSL,No,No internet service,No,Yes,Month-to-month,Yes,Electronic check,29.06,121.18,0,188.3,1
CUST-004136,Male,0,No,Yes,19,Yes,No,DSL,No,No,Yes,No,One year,No,Electronic check,80.61,1350.47,1,82.0,1
CUST-004137,Female,0,No,No,25,Yes,No,No,Yes,Yes,Yes,Yes,Month-to-month,Yes,Bank transfer,86.61,1886.06,2,326.6,1
CUST-004138,Male,0,No,No,36,Yes,Yes,DSL,No internet service,No internet service,No internet service,Yes,Month-to-month,No,Electronic check,50.13,1583.52,0,217.1,0
CUST-004139,Female,0,Yes,No,55,Yes,Yes,Fiber optic,No,No,Yes,No,One year,Yes,Mailed check,144.82,7093.71,0,60.1,1
CUST-004140,Male,1,No,No,72,Yes,Yes,DSL,No,No internet service,Yes,Yes,One year,No,Mailed check,80.19,5333.28,1,345.5,0
CUST-004141,Male,1,Yes,No,72,Yes,No phone service,DSL,No internet service,No,No,Yes,Two year,Yes,Credit card,39.85,2552.23,4,212.6,0
CUST-004142,Female,0,No,No,28,Yes,Yes,Fiber optic,No,No,Yes,Yes,Month-to-month,Yes,Mailed check,143.62,3488.85,1,101.4,1
CUST-004143,Female,1,Yes,No,28,No,No,DSL,No internet service,No internet service,No internet service,No internet service,Two year,Yes,Bank transfer,54.3,1333.89,2,400.1,1
CUST-004144,Male,1,Yes,No,72,Yes,Yes,Fiber optic,No,Yes,No,No,Month-to-month,Yes,Credit card,100.37,7283.7,0,166.1,1
CUST-004145,Female,0,No,No,29,Yes,No,Fiber optic,No internet service,No,No internet service,No,Month-to-month,No,Electronic check,80.4,2224.29,0,35.0,0
CUST-004146,Male,0,Yes,No,18,Yes,Yes,DSL,No internet service,No internet service,No,No,One year,Yes,Credit card,88.72,1595.73,2,291.6,1
CUST-004147,Female,1,No,No,58,Yes,Yes,Fiber optic,Yes,No,No,Yes,Month-to-month,Yes,Bank transfer,80.55,4136.43,2,207.1,0
CUST-004148,Female,0,No,No,37,Yes,Yes,DSL,No,No,No,No,One year,No,Bank transfer,57.37,1933.99,1,302.8,0
CUST-004149,Female,0,No,No,8,Yes,No phone service,DSL,No internet service,No,Yes,No,Month-to-month,No,Credit card,65.2,545.84,3,191.6,0
CUST-004150,Male,0,Yes,No,23,Yes,No,No,No,No,Yes,Yes,Month-to-month,No,Mailed check,54.94,1095.76,0,116.6,1
CUST-004151,Female,0,Yes,Yes,9,Yes,Yes,DSL,No,No,No,Yes,Month-to-month,Yes,Electronic check,102.15,862.14,3,72.4,1
CUST-004152,Female,0,No,No,2,Yes,Yes,DSL,Yes,No internet service,No,Yes,Month-to-month,Yes,Mailed check,32.27,58.67,1,110.1,0
CUST-004153,Female,0,Yes,Yes,72,Yes,No,Fiber optic,No,No,Yes,No,Month-to-month,Yes,Electronic check,93.89,5755.71,1,117.3,0
CUST-004154,Male,0,Yes,No,32,No,Yes,No,No,No internet service,No,No,Month-to-month,Yes,Electronic check,72.68,2233.99,1,34.8,0
CUST-004155,Female,0,No,No,24,Yes,No,Fiber optic,No,No internet service,Yes,No,Month-to-month,Yes,Mailed check,91.26,2102.66,1,110.9,0
CUST-004156,Male,0,No,No,20,Yes,Yes,DSL,No,Yes,No,No internet service,One year,Yes,Electronic check,99.05,1810.8,3,163.6,0
CUST-004157,Male,1,No,No,30,No,Yes,DSL,No,No internet service,No internet service,No,Month-to-month,No,Mailed check,24.88,704.98,3,153.0,1
CUST-004158,Female,0,Yes,No,19,No,No,Fiber optic,No internet service,Yes,No,No,One year,Yes,Electronic check,112.04,1976.27,0,0.0,0
CUST-004159,Female,0,Yes,Yes,13,Yes,Yes,DSL,Yes,No internet service,No,No,One year,No,Credit card,32.65,400.21,0,80.0,0
CUST-004160,Male,0,Yes,Yes,20,Yes,Yes,DSL,No,No,Yes,Yes,Month-to-month,No,Bank transfer,54.74,1116.2,0,164.7,0
CUST-004161,Female,1,No,No,72,Yes,No phone service,Fiber optic,No,No,No,Yes,Month-to-month,Yes,Bank transfer,54.57,3900.68,0,118.4,0
CUST-004162,Male,0,No,No,57,Yes,No,Fiber optic,No internet service,No,No,Yes,One year,No,Electronic check,85.04,4391.73,1,226.4,0
CUST-004163,Female,0,No,No,20,Yes,No,Fiber optic,No internet service,No internet service,Yes,Yes,Two year,No,Electronic check,77.65,1394.52,0,127.2,0
CUST-004164,Female,0,No,No,72,Yes,Yes,No,No,No internet service,Yes,Yes,Month-to-month,No,Bank transfer,119.15,8536.15,2,169.4,0
CUST-004165,Female,0,No,Yes,28,Yes,No,DSL,No internet service,Yes,No,Yes,Two year,Yes,Electronic check,77.24,1935.45,0,214.1,0
CUST-004166,Male,0,No,No,15,Yes,No,Fiber optic,No,No,No,No,Month-to-month,Yes,Credit card,108.19,1674.05,0,266.9,1
CUST-004167,Male,0,No,No,38,Yes,Yes,DSL,Yes,Yes,No,Yes,Month-to-month,No,Credit card,36.77,1420.59,0,184.9,0
CUST-004168,Male,0,No,Yes,72,Yes,No,DSL,Yes,Yes,Yes,Yes,Month-to-month,No,Mailed check,92.2,5978.05,0,22.7,0
CUST-004169,Male,0,No,No,72,Yes,Yes,DSL,Yes,Yes,No,No,Month-to-month,Yes,Electronic check,119.15,8666.93,1,304.0,0
CUST-004170,Male,0,Yes,Yes,16,Yes,No,DSL,No,No,No,Yes,Month-to-month,No,Electronic check,96.1,1365.76,0,269.2,1
CUST-004171,Male,0,No,No,10,Yes,No,Fiber optic,No,Yes,No internet service,No,Month-to-month,Yes,Electronic check,55.64,475.7,1,87.4,0
CUST-004172,Female,0,Yes,Yes,22,Yes,No,Fiber optic,Yes,No,No,No,Month-to-month,No,Electronic check,81.08,1858.98,2,203.1,1
CUST-004173,Male,0,No,No,43,Yes,No phone service,DSL,No internet service,No internet service,No,Yes,One year,No,Credit card,73.25,3157.1,0,95.6,0
CUST-004174,Male,0,No,No,52,Yes,Yes,DSL,No,No,No,Yes,Month-to-month,Yes,Electronic check,52.69,2596.63,1,132.9,1
CUST-004175,Female,0,No,No,66,Yes,Yes,DSL,No internet service,Yes,Yes,Yes,Two year,Yes,Credit card,145.99,9814.94,1,243.2,0
CUST-004176,Male,0,Yes,No,34,Yes,No,Fiber optic,Yes,No internet service,Yes,No,Two year,Yes,Credit card,80.53,2368.89,1,197.2,0
CUST-004177,Female,1,No,Yes,34,Yes,No phone service,No,Yes,No,No,No,Month-to-month,Yes,Credit card,68.7,2330.96,3,209.1,1
CUST-004178,Female,0,Yes,Yes,33,Yes,No,Fiber optic,No internet service,No,No,No,Month-to-month,No,Credit card,76.99,2645.62,0,218.8,0
CUST-004179,Male,0,No,No,60,Yes,Yes,DSL,No,No internet service,Yes,No internet service,Month-to-month,No,Electronic check,76.95,4680.37,1,306.1,1
CUST-004180,Female,0,Yes,Yes,52,Yes,No phone service,Fiber optic,Yes,Yes,No,No internet service,Two year,Yes,Bank transfer,136.47,6644.67,2,239.7,0
CUST-004181,Female,1,No,No,15,Yes,No,DSL,No,Yes,No,No internet service,Month-to-month,Yes,Mailed check,73.45,1012.74,2,182.2,1
CUST-004182,Female,0,No,No,48,No,Yes,No,No,Yes,Yes,Yes,Month-to-month,Yes,Electronic check,63.43,3131.34,1,149.8,1
CUST-004183,Female,0,Yes,No,57,Yes,No,Fiber optic,No,No,No,No,Two year,Yes,Credit card,62.78,3250.46,0,165.2,0
CUST-004184,Male,1,No,No,61,Yes,No,DSL,Yes,Yes,No,Yes,Month-to-month,Yes,Credit card,106.27,6725.18,1,150.2,1
CUST-004185,Male,0,No,No,37,Yes,No phone service,DSL,Yes,No,Yes,No,Month-to-month,Yes,Mailed check,65.69,2221.4,1,187.6,0
CUST-004186,Female,1,No,No,36,Yes,Yes,Fiber optic,No internet service,Yes,No internet service,No,Two year,Yes,Credit card,89.4,2816.08,1,61.7,0
CUST-004187,Male,0,No,Yes,29,Yes,No,Fiber optic,Yes,No,Yes,No internet service,Two year,No,Credit card,24.83,646.08,1,182.0,0
CUST-004188,Male,0,No,No,31,Yes,Yes,DSL,No,Yes,Yes,No,Month-to-month,Yes,Credit card,66.18,1957.1,1,292.0,0
CUST-004189,Female,0,Yes,No,72,Yes,No,Fiber optic,No,No,No,No internet service,Month-to-month,No,Electronic check,82.97,5234.21,0,182.7,1
CUST-004190,Male,0,No,No,32,Yes,No phone service,Fiber optic,No,No,Yes,Yes,Month-to-month,Yes,Electronic check,40.22,1191.78,1,175.1,1
CUST-004191,Female,1,No,No,16,Yes,No,No,Yes,Yes,Yes,Yes,Month-to-month,Yes,Electronic check,99.69,1644.73,2,25.6,0
CUST-004192,Female,0,No,No,38,Yes,No phone service,DSL,Yes,No internet service,No,No,Month-to-month,Yes,Electronic check,53.94,1780.84,0,53.4,0
CUST-004193,Male,0,No,No,51,Yes,Yes,DSL,No,Yes,Yes,No,Month-to-month,No,Electronic check,126.87,6294.93,1,63.1,0
CUST-004194,Male,0,No,No,59,Yes,No,DSL,No,Yes,No internet service,Yes,One year,Yes,Mailed check,112.43,6174.21,0,148.1,0
CUST-004195,Female,0,Yes,No,12,Yes,No,DSL,No,No,No internet service,Yes,One year,Yes,Credit card,48.4,568.92,0,143.7,0
CUST-004196,Female,0,Yes,Yes,72,Yes,Yes,DSL,Yes,No internet service,No internet service,No internet service,Two year,No,Mailed check,111.08,7581.21,2,134.0,0
CUST-004197,Male,0,No,Yes,50,Yes,No,Fiber optic,No internet service,No,No,No,Two year,No,Credit card,143.32,7347.4,0,184.0,0
CUST-004198,Male,0,Yes,No,72,Yes,Yes,Fiber optic,No,No,No,No,Month-to-month,No,Bank transfer,78.23,5241.02,1,283.6,0
CUST-004199,Female,1,No,No,9,Yes,Yes,DSL,No,No,No,Yes,Month-to-month,No,Electronic check,39.02,334.21,2,236.7,0
CUST-004200,Male,0,No,No,62,Yes,Yes,No,No internet service,No internet service,No,Yes,Month-to-month,No,Credit card,18.0,977.65,1,328.0,0
CUST-004201,Male,0,Yes,No,12,Yes,No,Fiber optic,Yes,No,No internet service,No,Month-to-month,No,Electronic check,106.41,1210.64,0,34.3,1
CUST-004202,Male,0,No,Yes,24,Yes,Yes,No,No,Yes,Yes,Yes,Month-to-month,Yes,Bank transfer,40.8,854.79,1,199.8,1
CUST-004203,Male,0,Yes,Yes,51,Yes,Yes,DSL,No,Yes,Yes,No,One year,Yes,Credit card,82.31,4057.95,1,154.4,0
CUST-004204,Male,0,No,Yes,11,Yes,No phone service,DSL,Yes,No internet service,No,Yes,Month-to-month,Yes,Mailed check,52.96,545.02,0,236.2,0
CUST-004205,Male,0,No,No,19,No,No,Fiber optic,Yes,Yes,Yes,Yes,Month-to-month,Yes,Credit card,71.61,1369.63,1,115.0,1
CUST-004206,Female,1,Yes,No,8,Yes,No,Fiber optic,Yes,No,No internet service,No,Month-to-month,No,Credit card,78.16,583.79,3,190.9,1
CUST-004207,Female,0,No,Yes,50,Yes,Yes,DSL,No,No,Yes,No,Two year,Yes,Bank transfer,31.01,1513.25,0,137.0,0
CUST-004208,Male,0,No,Yes,15,Yes,Yes,Fiber optic,No,Yes,No,No internet service,One year,Yes,Credit card,78.14,1010.13,2,217.7,0
CUST-004209,Male,0,Yes,Yes,30,Yes,No,Fiber optic,No,Yes,No,Yes,Month-to-month,No,Mailed check,72.9,2169.56,2,291.4,0
CUST-004210,Female,1,Yes,No,40,Yes,No,Fiber optic,Yes,No internet service,Yes,No,Month-to-month,Yes,Bank transfer,94.58,3939.96,1,0.0,0
CUST-004211,Female,1,No,No,37,Yes,No,No,Yes,No internet service,No,No internet service,Two year,Yes,Mailed check,73.13,2542.18,2,143.4,0
CUST-004212,Male,0,No,No,35,Yes,Yes,Fiber optic,No,No internet service,No internet service,Yes,Month-to-month,Yes,Bank transfer,62.86,1874.56,1,334.0,0
CUST-004213,Female,0,Yes,No,35,Yes,No,DSL,Yes,No,No internet service,No,One year,Yes,Bank transfer,103.02,3500.3,1,268.6,1
CUST-004214,Male,0,No,No,9,Yes,Yes,Fiber optic,No,Yes,Yes,No,One year,Yes,Bank transfer,90.21,713.7,2,230.8,0
CUST-004215,Female,0,No,No,25,Yes,No,Fiber optic,Yes,No,Yes,Yes,One year,Yes,Credit card,140.07,3304.3,0,102.3,0
CUST-004216,Male,0,No,No,35,Yes,Yes,Fiber optic,No,No,Yes,No,Month-to-month,No,Electronic check,102.23,3064.64,0,112.8,0
CUST-004217,Female,1,No,No,32,Yes,No,DSL,No internet service,No,Yes,No internet service,Two year,Yes,Electronic check,72.07,2164.64,0,191.9,0
CUST-004218,Female,0,Yes,Yes,27,Yes,No phone service,DSL,No,No,Yes,Yes,Month-to-month,Yes,Bank transfer,55.27,1529.46,0,168.6,1
CUST-004219,Female,0,No,No,17,Yes,Yes,Fiber optic,No,No,No,Yes,Month-to-month,Yes,Electronic check,113.45,1691.5,2,75.4,1
CUST-004220,Female,1,No,No,37,Yes,Yes,No,No,Yes,Yes,No internet service,Month-to-month,Yes,Electronic check,71.01,2495.02,2,136.6,0
CUST-004221,Male,0,Yes,No,42,Yes,No,Fiber optic,No,No,Yes,Yes,Month-to-month,Yes,Electronic check,120.75,4568.43,2,396.4,1
CUST-004222,Female,0,Yes,No,21,Yes,Yes,No,No,No,No internet service,Yes,Month-to-month,Yes,Mailed check,118.14,2238.32,3,216.8,0
CUST-004223,Male,0,No,No,59,Yes,No phone service,Fiber optic,No,No,No,No,One year,Yes,Credit card,73.19,4226.32,1,40.6,0
CUST-004224,Female,1,No,No,72,No,Yes,No,Yes,No,Yes,No,Two year,Yes,Bank transfer,88.4,6362.89,0,331.4,0
CUST-004225,Female,0,Yes,No,31,Yes,Yes,No,Yes,No,Yes,No internet service,Month-to-month,Yes,Electronic check,87.55,2781.08,0,126.1,0
CUST-004226,Female,0,Yes,Yes,16,Yes,No,No,Yes,No internet service,No,No,Two year,Yes,Credit card,83.74,1213.47,0,345.4,0
CUST-004227,Female,0,No,No,11,Yes,No,Fiber optic,No,Yes,No,No,Two year,No,Credit card,82.0,779.51,0,265.1,0
CUST-004228,Female,1,No,Yes,24,Yes,Yes,DSL,No internet service,No internet service,Yes,Yes,Month-to-month,Yes,Bank transfer,57.61,1297.57,1,0.0,0
CUST-004229,Female,0,No,No,29,Yes,Yes,No,Yes,Yes,No,No,One year,Yes,Bank transfer,52.48,1471.67,3,0.0,0
CUST-004230,Male,0,Yes,Yes,10,Yes,Yes,DSL,Yes,No,No,Yes,Two year,Yes,Electronic check,51.89,517.8,0,177.6,0
CUST-004231,Male,1,No,No,23,Yes,Yes,Fiber optic,No,Yes,No,No internet service,One year,No,Mailed check,69.8,1607.26,0,221.0,1
CUST-004232,Male,0,No,No,57,Yes,Yes,DSL,No,No,No,Yes,Month-to-month,Yes,Mailed check,66.87,3897.92,0,234.9,0
CUST-004233,Male,0,No,No,3,Yes,No,Fiber optic,No,No,No,No,Two year,No,Bank transfer,72.27,185.63,1,270.7,0
CUST-004234,Male,0,Yes,No,32,Yes,No,DSL,No,No,Yes,No,One year,No,Bank transfer,83.07,2781.03,1,163.8,1
CUST-004235,Female,0,Yes,No,19,Yes,No,Fiber optic,No,Yes,Yes,No,Month-to-month,Yes,Electronic check,96.71,1917.14,2,46.7,1
CUST-004236,Male,0,No,No,30,Yes,Yes,DSL,Yes,Yes,No,No,Month-to-month,No,Electronic check,75.07,1930.39,1,145.0,1
CUST-004237,Female,0,No,No,72,Yes,No,Fiber optic,No,Yes,No,Yes,Month-to-month,No,Credit card,86.8,5703.45,1,6.1,1
CUST-004238,Female,0,No,Yes,29,Yes,Yes,Fiber optic,No,No,No,Yes,Month-to-month,No,Electronic check,97.07,2823.69,1,148.1,1
CUST-004239,Male,0,No,No,26,Yes,No,Fiber optic,No internet service,No,Yes,Yes,Month-to-month,Yes,Mailed check,87.58,2153.45,1,288.6,0
CUST-004240,Female,0,No,Yes,48,Yes,Yes,No,No,Yes,No,No,Month-to-month,No,Bank transfer,93.39,3814.32,0,315.9,0
CUST-004241,Male,0,No,No,37,Yes,No,DSL,No,No,No,Yes,Two year,No,Bank transfer,56.73,1933.01,0,136.2,0
CUST-004242,Male,0,No,Yes,32,Yes,No,DSL,No,No,Yes,No internet service,One year,Yes,Mailed check,81.27,2511.53,3,216.3,0
CUST-004243,Female,1,Yes,No,38,Yes,No,DSL,Yes,Yes,Yes,Yes,Month-to-month,Yes,Credit card,30.81,1201.08,1,54.7,0
CUST-004244,Male,0,Yes,No,68,No,Yes,DSL,No,Yes,No,No,Month-to-month,Yes,Mailed check,91.36,6311.1,0,264.2,1
CUST-004245,Male,0,No,Yes,55,No,No,Fiber optic,No internet service,Yes,No,Yes,Month-to-month,No,Electronic check,78.22,4471.14,2,110.2,0
CUST-004246,Male,0,Yes,Yes,24,Yes,Yes,DSL,No internet service,Yes,No internet service,No,Month-to-month,Yes,Electronic check,42.63,965.44,0,142.6,0
CUST-004247,Female,1,No,No,72,Yes,Yes,Fiber optic,No internet service,Yes,Yes,No internet service,One year,Yes,Mailed check,60.84,4422.48,1,239.1,0
CUST-004248,Female,0,No,Yes,20,Yes,No,DSL,No,Yes,No internet service,No,Month-to-month,Yes,Bank transfer,33.46,582.34,4,140.7,0
CUST-004249,Female,0,Yes,No,32,Yes,No,Fiber optic,Yes,No,Yes,No,Two year,No,Electronic check,80.56,2458.41,1,222.1,0
CUST-004250,Female,0,Yes,No,35,Yes,No,No,No internet service,No,No,No,Month-to-month,No,Electronic check,114.96,4157.61,2,147.3,1
CUST-004251,Male,0,No,No,23,Yes,Yes,DSL,No,No,Yes,No,Month-to-month,No,Mailed check,50.7,1186.83,0,217.4,0
CUST-004252,Male,0,No,Yes,72,Yes,No,Fiber optic,Yes,No internet service,No,Yes,Two year,No,Mailed check,28.72,2029.15,2,179.0,0
CUST-004253,Male,1,No,No,23,Yes,No,DSL,Yes,No internet service,Yes,Yes,Month-to-month,No,Electronic check,80.96,1638.41,0,281.9,0
CUST-004254,Male,0,Yes,No,27,Yes,Yes,Fiber optic,No,Yes,Yes,No,Month-to-month,Yes,Electronic check,61.57,1473.62,1,110.7,1
CUST-004255,Female,0,No,No,60,Yes,Yes,Fiber optic,No,No internet service,No,No,Month-to-month,No,Bank transfer,119.44,7064.39,0,247.5,0
CUST-004256,Male,0,No,No,21,Yes,Yes,No,No,No,No,Yes,One year,Yes,Electronic check,57.37,1102.46,2,177.0,0
CUST-004257,Male,0,No,No,10,Yes,No,DSL,No internet service,No,Yes,Yes,Month-to-month,Yes,Electronic check,61.78,565.83,1,217.8,1
CUST-004258,Male,0,No,No,33,Yes,Yes,DSL,Yes,No,No,Yes,Two year,Yes,Mailed check,105.92,3563.58,0,115.4,1
CUST-004259,Male,0,No,No,13,Yes,Yes,DSL,Yes,No,No,No,One year,No,Mailed check,88.53,982.99,2,319.6,0
CUST-004260,Female,0,No,No,11,Yes,No,Fiber optic,No,No,No,Yes,Two year,No,Electronic check,57.61,588.39,2,225.5,0
CUST-004261,Female,0,No,Yes,4,No,No,Fiber optic,No,No,No internet service,Yes,One year,No,Bank transfer,62.02,222.7,0,65.8,1
CUST-004262,Female,0,No,No,4,Yes,Yes,DSL,No,No internet service,Yes,No,One year,No,Bank transfer,18.0,61.59,0,261.4,0
CUST-004263,Female,0,No,No,5,Yes,No,DSL,No,No,No,No,One year,Yes,Electronic check,148.1,661.48,0,355.6,1
CUST-004264,Male,0,No,No,72,Yes,No,Fiber optic,Yes,Yes,Yes,No,Month-to-month,No,Mailed check,69.12,4413.45,4,93.0,0
CUST-004265,Male,1,Yes,Yes,5,Yes,Yes,Fiber optic,No,No,Yes,Yes,One year,Yes,Bank transfer,130.09,618.53,0,93.5,0
CUST-004266,Female,0,No,No,12,Yes,No phone service,Fiber optic,No,No,No,No internet service,One year,Yes,Credit card,79.03,888.67,1,309.6,1
CUST-004267,Female,0,No,No,27,Yes,No,Fiber optic,No internet service,No,No,No,Month-to-month,Yes,Electronic check,62.6,1596.23,0,121.0,1
CUST-004268,Male,0,No,Yes,46,Yes,Yes,Fiber optic,No internet service,No,No internet service,No,One year,Yes,Electronic check,95.65,4512.31,0,266.5,0
CUST-004269,Male,1,No,No,50,Yes,Yes,Fiber optic,No internet service,Yes,Yes,Yes,Month-to-month,Yes,Credit card,85.2,4042.26,0,201.6,0
CUST-004270,Male,0,No,Yes,16,Yes,No,DSL,No internet service,No,Yes,Yes,Month-to-month,Yes,Bank transfer,94.06,1471.49,2,138.8,1
CUST-004271,Male,0,No,No,32,Yes,Yes,Fiber optic,Yes,Yes,No,No,Month-to-month,No,Mailed check,119.43,3743.45,3,184.5,1
CUST-004272,Male,0,Yes,Yes,27,Yes,No,Fiber optic,No,No,No,No,Month-to-month,Yes,Bank transfer,77.3,1989.68,1,280.5,1
CUST-004273,Male,0,No,No,31,Yes,Yes,DSL,No internet service,No,No,No,Month-to-month,Yes,Bank transfer,26.8,756.86,0,219.3,1
CUST-004274,Male,1,Yes,No,34,Yes,Yes,No,No internet service,No,No,No,Month-to-month,Yes,Mailed check,34.09,1194.39,2,92.9,0
CUST-004275,Female,0,No,No,40,Yes,No,Fiber optic,No internet service,No internet service,No,No,Month-to-month,Yes,Bank transfer,26.53,994.88,0,146.9,1
CUST-004276,Female,0,No,No,19,Yes,No,Fiber optic,Yes,No,No,No,Month-to-month,No,Credit card,86.77,1589.58,1,268.2,1
CUST-004277,Female,0,Yes,No,23,Yes,No phone service,DSL,No,Yes,No,No,One year,Yes,Electronic check,69.65,1540.71,0,339.7,0
CUST-004278,Male,0,No,No,72,Yes,Yes,Fiber optic,Yes,No,No,No internet service,Month-to-month,No,Bank transfer,60.72,4439.37,2,246.3,1
CUST-004279,Female,0,No,No,20,Yes,Yes,Fiber optic,Yes,No,No internet service,No,Two year,Yes,Bank transfer,57.09,1092.62,2,396.7,1
CUST-004280,Male,0,No,No,32,Yes,No,DSL,No,No,Yes,Yes,Two year,No,Electronic check,69.52,2094.16,0,160.3,0
CUST-004281,Female,1,Yes,Yes,27,Yes,Yes,Fiber optic,No internet service,Yes,No,Yes,Month-to-month,No,Credit card,76.04,1934.06,1,245.6,0
CUST-004282,Male,0,Yes,No,31,Yes,Yes,No,No,Yes,No,No,Month-to-month,Yes,Electronic check,63.61,1983.79,0,208.6,0
CUST-004283,Male,0,No,Yes,61,Yes,Yes,No,No,No,Yes,Yes,Month-to-month,Yes,Bank transfer,58.98,3295.73,3,351.5,0
CUST-004284,Female,0,No,Yes,26,Yes,No phone service,Fiber optic,No internet service,No,No internet service,Yes,Month-to-month,No,Bank transfer,102.46,2762.5,1,185.1,1
CUST-004285,Male,0,No,No,11,No,No,Fiber optic,No,No,No,No,Month-to-month,Yes,Mailed check,78.04,875.04,2,283.5,1
CUST-004286,Male,0,No,No,19,Yes,Yes,No,Yes,Yes,Yes,No,One year,Yes,Credit card,55.34,922.8,0,173.3,0
CUST-004287,Male,0,No,Yes,26,Yes,No,DSL,No,No,No internet service,No internet service,One year,Yes,Mailed check,18.0,427.49,0,118.2,0
CUST-004288,Female,0,No,No,34,Yes,No,No,Yes,No,Yes,Yes,Month-to-month,Yes,Mailed check,68.49,2401.14,0,338.9,0
CUST-004289,Female,0,Yes,Yes,16,Yes,No phone service,DSL,No,No,Yes,No,One year,Yes,Mailed check,72.66,1052.91,0,169.1,0
CUST-004290,Female,0,Yes,Yes,17,Yes,No,Fiber optic,No,No,Yes,No,Month-to-month,No,Credit card,89.67,1392.56,0,197.4,1
CUST-004291,Female,0,No,No,35,Yes,No phone service,Fiber optic,No internet service,No,Yes,No internet service,Two year,Yes,Credit card,152.36,4764.48,1,99.5,0
CUST-004292,Female,0,Yes,No,36,Yes,No,Fiber optic,Yes,No,Yes,No internet service,Two year,Yes,Credit card,99.88,3095.55,1,266.6,0
CUST-004293,Female,0,No,No,55,Yes,No,No,No internet service,No,No internet service,No internet service,Month-to-month,No,Credit card,65.31,3396.75,4,66.4,0
CUST-004294,Male,0,No,No,18,Yes,Yes,Fiber optic,No,No,No internet service,Yes,One year,No,Mailed check,109.97,1981.46,1,69.8,0
CUST-004295,Male,0,Yes,No,43,Yes,No phone service,DSL,No,Yes,No,Yes,Two year,No,Electronic check,133.39,5632.35,0,287.0,0
CUST-004296,Male,1,Yes,No,27,Yes,Yes,DSL,No internet service,Yes,No,No internet service,Month-to-month,Yes,Credit card,77.58,1792.07,1,186.4,0
CUST-004297,Female,0,Yes,No,21,Yes,No,No,No,No,No,No internet service,Month-to-month,Yes,Electronic check,18.0,360.87,0,147.8,1
CUST-004298,Female,1,Yes,No,28,Yes,Yes,DSL,No,Yes,No,No internet service,One year,Yes,Electronic check,82.96,2127.94,3,78.6,0
CUST-004299,Female,0,Yes,Yes,31,Yes,Yes,Fiber optic,No internet service,No internet service,No internet service,No,Month-to-month,No,Mailed check,68.62,2081.27,0,229.8,0
CUST-004300,Female,1,Yes,No,10,Yes,Yes,Fiber optic,Yes,No,Yes,No internet service,Month-to-month,Yes,Bank transfer,37.33,347.51,1,260.5,0
CUST-004301,Female,0,No,No,11,No,Yes,DSL,No,Yes,Yes,No,One year,Yes,Bank transfer,120.93,1391.53,2,220.4,1
CUST-004302,Female,0,No,No,47,Yes,No,No,No,No internet service,No,Yes,Month-to-month,Yes,Mailed check,114.44,5463.23,0,22.9,0
CUST-004303,Male,0,Yes,No,22,Yes,Yes,DSL,No,No internet service,No internet service,No internet service,Month-to-month,Yes,Credit card,42.84,933.23,0,284.0,0
CUST-004304,Male,1,No,No,35,Yes,No,DSL,No,Yes,No,Yes,Two year,Yes,Bank transfer,43.04,1435.84,2,211.6,0
CUST-004305,Male,1,Yes,No,46,No,No phone service,No,No,No,Yes,No internet service,Month-to-month,No,Credit card,74.81,3331.68,1,138.4,0
CUST-004306,Female,0,Yes,Yes,28,Yes,No,Fiber optic,No internet service,No,Yes,No,Month-to-month,Yes,Credit card,68.44,1798.45,2,191.7,1
CUST-004307,Female,0,Yes,Yes,44,Yes,No,Fiber optic,No,No,No,No,One year,No,Credit card,90.95,4037.44,3,83.3,0
CUST-004308,Male,1,No,No,31,Yes,No,No,Yes,No,No,No,Month-to-month,No,Bank transfer,48.6,1554.42,3,236.2,0
CUST-004309,Male,0,Yes,Yes,32,Yes,No,DSL,No,No internet service,Yes,No,One year,No,Electronic check,57.99,1948.06,2,160.8,0
CUST-004310,Female,0,No,Yes,65,Yes,Yes,No,No,No,No internet service,No internet service,One year,Yes,Electronic check,27.87,1756.74,1,256.4,0
CUST-004311,Female,0,No,Yes,26,Yes,No,Fiber optic,No,No,No,No,Month-to-month,No,Electronic check,119.81,3072.55,2,220.9,1
CUST-004312,Female,0,No,No,48,No,Yes,DSL,No internet service,No,No,No internet service,Month-to-month,No,Mailed check,106.11,4736.77,1,207.2,1
CUST-004313,Male,0,No,No,8,Yes,Yes,Fiber optic,Yes,No internet service,Yes,No,Two year,Yes,Electronic check,91.99,626.81,1,232.7,0
CUST-004314,Male,0,Yes,No,34,Yes,Yes,Fiber optic,No,No internet service,No,Yes,Two year,No,Electronic check,93.91,3163.17,2,256.9,0
CUST-004315,Female,0,No,No,72,Yes,No,Fiber optic,Yes,No,No,No internet service,Month-to-month,Yes,Electronic check,113.87,8500.76,1,71.5,0
CUST-004316,Male,1,Yes,No,72,Yes,Yes,DSL,Yes,No,No internet service,No internet service,Month-to-month,Yes,Bank transfer,70.06,5154.7,0,271.8,0
CUST-004317,Male,0,No,No,9,Yes,No,Fiber optic,No,No,Yes,Yes,Month-to-month,Yes,Bank transfer,146.89,1355.99,2,21.1,1
CUST-004318,Female,0,Yes,No,22,Yes,No,Fiber optic,Yes,Yes,No,No internet service,Two year,No,Credit card,55.51,1136.24,2,168.1,0
CUST-004319,Female,0,Yes,Yes,13,Yes,No,Fiber optic,Yes,No internet service,No,No,Two year,Yes,Electronic check,120.83,1559.32,1,306.3,0
CUST-004320,Female,0,No,No,26,Yes,No,Fiber optic,No,Yes,Yes,Yes,Month-to-month,No,Bank transfer,91.57,2327.79,2,200.2,1
CUST-004321,Male,0,Yes,No,53,Yes,No,DSL,No,Yes,No internet service,Yes,Two year,No,Electronic check,36.36,1846.69,2,158.1,0
CUST-004322,Female,0,Yes,No,66,Yes,No,DSL,Yes,Yes,No,No internet service,Month-to-month,No,Mailed check,137.41,7983.87,1,138.1,0
CUST-004323,Female,0,No,Yes,68,Yes,No,DSL,No,No,Yes,No internet service,Month-to-month,Yes,Electronic check,141.56,9289.76,2,80.5,0
CUST-004324,Female,0,Yes,No,8,No,Yes,Fiber optic,No,Yes,No,Yes,One year,Yes,Bank transfer,88.76,646.0,0,340.8,1
CUST-004325,Male,0,Yes,Yes,30,Yes,No,DSL,No,No,No,Yes,Month-to-month,Yes,Electronic check,83.34,2477.05,1,46.2,1
CUST-004326,Male,0,Yes,No,18,Yes,No phone service,Fiber optic,No,Yes,No,Yes,One year,Yes,Bank transfer,80.86,1512.28,1,74.4,1
CUST-004327,Female,0,No,No,25,Yes,Yes,DSL,Yes,No internet service,Yes,No internet service,Month-to-month,No,Electronic check,60.69,1510.5,1,27.7,0
CUST-004328,Female,0,No,No,20,Yes,No,No,No,No internet service,No internet service,No internet service,One year,Yes,Electronic check,36.03,649.82,1,324.1,0
CUST-004329,Male,0,No,No,8,Yes,Yes,DSL,No internet service,No,No internet service,No,Two year,Yes,Credit card,31.59,238.34,0,157.4,0
CUST-004330,Male,1,No,Yes,67,Yes,No phone service,No,No,No internet service,No internet service,No internet service,Month-to-month,No,Credit card,125.32,8085.84,0,240.6,0
CUST-004331,Male,0,Yes,No,16,Yes,No,Fiber optic,Yes,Yes,No,Yes,Month-to-month,No,Electronic check,93.84,1494.23,0,236.2,1
CUST-004332,Female,1,No,Yes,18,Yes,No phone service,DSL,No,No,Yes,No,One year,Yes,Credit card,71.52,1132.28,1,230.7,0
CUST-004333,Male,0,No,No,72,Yes,Yes,DSL,Yes,Yes,No,No,Month-to-month,No,Electronic check,45.68,3141.65,0,193.3,0
CUST-004334,Female,0,No,Yes,7,Yes,Yes,DSL,No,No internet service,No internet service,Yes,One year,No,Electronic check,75.7,541.57,2,198.5,0
CUST-004335,Male,0,Yes,Yes,40,Yes,No,DSL,No internet service,No,No internet service,Yes,One year,Yes,Mailed check,24.89,851.62,1,296.0,1
CUST-004336,Male,1,No,Yes,58,Yes,Yes,Fiber optic,Yes,No,No,Yes,Month-to-month,Yes,Bank transfer,71.79,4145.03,0,183.2,1
CUST-004337,Female,1,Yes,Yes,72,Yes,Yes,DSL,No internet service,No,Yes,No internet service,Two year,No,Mailed check,34.01,2512.36,4,122.1,0
CUST-004338,Male,0,No,Yes,38,Yes,Yes,DSL,No,No,No,No,Month-to-month,Yes,Mailed check,108.79,4171.72,1,294.2,1
CUST-004339,Male,1,No,Yes,48,Yes,Yes,DSL,No,No,No,Yes,Month-to-month,No,Electronic check,20.44,1016.95,3,225.3,0
CUST-004340,Male,0,No,No,58,Yes,Yes,Fiber optic,No,No,No internet service,Yes,Month-to-month,Yes,Credit card,59.62,3480.79,0,0.0,0
CUST-004341,Female,0,No,Yes,27,Yes,Yes,Fiber optic,No,No,No internet service,No internet service,One year,Yes,Electronic check,33.57,864.4,1,139.2,0
CUST-004342,Male,0,Yes,No,14,Yes,No,No,No,Yes,Yes,Yes,Two year,Yes,Electronic check,43.3,573.09,2,162.0,0
CUST-004343,Female,0,Yes,No,72,No,Yes,Fiber optic,Yes,Yes,Yes,No internet service,Month-to-month,Yes,Electronic check,81.21,5007.56,0,311.6,0
CUST-004344,Male,0,No,No,45,Yes,No,Fiber optic,Yes,No,No internet service,No,Month-to-month,No,Electronic check,124.33,4776.57,1,185.9,1
CUST-004345,Female,0,Yes,No,30,Yes,No,Fiber optic,No,Yes,No,No,Month-to-month,No,Electronic check,88.34,2591.62,1,115.4,1
CUST-004346,Female,0,Yes,Yes,9,Yes,Yes,DSL,No,No,Yes,Yes,One year,Yes,Electronic check,57.68,469.86,3,84.1,0
CUST-004347,Male,0,Yes,Yes,3,Yes,Yes,DSL,No,No internet service,Yes,Yes,Month-to-month,No,Electronic check,79.0,216.0,0,183.1,0
CUST-004348,Female,0,No,Yes,39,Yes,No phone service,No,No internet service,Yes,Yes,No internet service,Month-to-month,No,Electronic check,56.71,2237.05,0,269.1,0
CUST-004349,Male,0,No,No,2,Yes,Yes,DSL,Yes,No internet service,Yes,No,Month-to-month,No,Electronic check,142.3,248.24,0,338.9,1
CUST-004350,Male,0,Yes,No,30,Yes,No phone service,Fiber optic,No internet service,No,Yes,Yes,Month-to-month,Yes,Electronic check,77.27,2101.97,1,58.6,0
CUST-004351,Male,0,No,No,17,Yes,Yes,Fiber optic,No,No,No internet service,No,One year,Yes,Electronic check,107.41,1802.27,0,198.8,1
CUST-004352,Male,0,No,No,20,Yes,Yes,Fiber optic,No internet service,Yes,No,No,Month-to-month,Yes,Bank transfer,119.79,2051.14,1,143.5,1
CUST-004353,Male,0,No,No,68,Yes,No,DSL,No,No internet service,No internet service,No,Month-to-month,Yes,Bank transfer,51.41,3334.83,1,170.7,0
CUST-004354,Male,0,Yes,Yes,17,Yes,No,No,No,No,No,Yes,Month-to-month,No,Electronic check,74.96,1104.97,3,113.4,1
CUST-004355,Female,0,Yes,No,31,Yes,No,Fiber optic,No internet service,No,No internet service,No,Month-to-month,No,Bank transfer,79.97,2484.99,0,49.1,0
CUST-004356,Female,0,Yes,Yes,17,Yes,No,Fiber optic,No internet service,No internet service,No,No,Month-to-month,Yes,Mailed check,103.22,1714.24,2,214.3,1
CUST-004357,Male,0,Yes,No,37,Yes,No phone service,DSL,Yes,Yes,No,No internet service,Month-to-month,No,Electronic check,73.03,2625.59,1,146.4,0
CUST-004358,Female,0,Yes,No,33,Yes,Yes,DSL,No,Yes,No,Yes,Month-to-month,No,Bank transfer,65.79,1941.54,1,251.9,1
CUST-004359,Male,0,No,No,30,Yes,Yes,DSL,No,Yes,No,No internet service,Month-to-month,Yes,Credit card,35.33,1054.63,0,190.6,1
CUST-004360,Female,0,No,No,58,Yes,Yes,DSL,Yes,No internet service,Yes,No,Month-to-month,Yes,Bank transfer,125.91,6648.03,1,328.0,1
CUST-004361,Female,0,Yes,No,7,Yes,No,Fiber optic,No,No internet service,Yes,Yes,One year,Yes,Mailed check,112.59,759.9,0,295.6,0
CUST-004362,Female,0,No,No,5,Yes,Yes,DSL,No,No,Yes,No,Month-to-month,Yes,Mailed check,22.34,97.0,3,363.5,1
CUST-004363,Male,0,Yes,No,10,Yes,No,Fiber optic,No,No,Yes,No,Month-to-month,No,Electronic check,82.39,716.14,1,100.8,1
CUST-004364,Male,0,Yes,No,33,Yes,Yes,DSL,No,No internet service,Yes,Yes,One year,No,Credit card,22.92,672.2,2,296.8,0
CUST-004365,Male,0,No,No,41,Yes,Yes,Fiber optic,No internet service,No,No,Yes,Month-to-month,No,Bank transfer,117.86,4316.27,1,192.3,1
CUST-004366,Female,0,Yes,No,1,Yes,Yes,DSL,No,Yes,Yes,No internet service,Month-to-month,No,Bank transfer,69.35,60.7,2,233.4,1
CUST-004367,Female,0,Yes,Yes,41,Yes,No phone service,No,No,No internet service,No,No,Two year,Yes,Credit card,70.12,2511.76,2,182.7,0
CUST-004368,Male,1,Yes,No,23,Yes,No,DSL,No,Yes,No,No internet service,Month-to-month,Yes,Credit card,44.73,1055.32,2,196.9,1
CUST-004369,Male,0,No,Yes,72,Yes,Yes,Fiber optic,No,No,Yes,No,Two year,Yes,Credit card,85.53,5917.75,1,148.0,0
CUST-004370,Male,0,No,No,39,Yes,No,No,No internet service,No,No,No,Month-to-month,Yes,Bank transfer,93.62,3557.67,0,297.2,0
CUST-004371,Female,0,Yes,Yes,72,Yes,No,Fiber optic,Yes,No,No,Yes,Two year,No,Mailed check,126.67,8277.53,0,110.6,0
CUST-004372,Female,0,Yes,No,66,Yes,No phone service,DSL,Yes,No,No,No,Two year,No,Bank transfer,95.39,5421.4,1,184.3,0
CUST-004373,Male,0,Yes,No,23,Yes,Yes,Fiber optic,No,No internet service,No,Yes,Month-to-month,Yes,Credit card,48.43,1162.64,1,244.7,0
CUST-004374,Female,1,Yes,Yes,53,No,Yes,No,No,No,Yes,Yes,Month-to-month,No,Electronic check,64.42,2938.86,3,151.5,1
CUST-004375,Female,0,Yes,No,23,Yes,Yes,Fiber optic,Yes,No,No,No,One year,Yes,Electronic check,102.6,2394.06,0,271.7,0
CUST-004376,Female,0,No,No,72,Yes,No phone service,Fiber optic,Yes,Yes,No,Yes,Month-to-month,Yes,Bank transfer,72.96,5163.68,0,151.4,0
CUST-004377,Female,1,No,Yes,24,Yes,No phone service,No,No,Yes,No,No internet service,Month-to-month,Yes,Mailed check,20.23,452.25,1,165.6,1
CUST-004378,Female,0,No,No,43,Yes,Yes,DSL,No,Yes,No,Yes,Two year,Yes,Electronic check,31.4,1349.33,0,294.5,0
CUST-004379,Male,0,Yes,No,72,No,No,Fiber optic,No,No,Yes,Yes,One year,No,Mailed check,139.99,10109.21,0,139.4,0
CUST-004380,Male,0,No,Yes,44,Yes,No,Fiber optic,No,Yes,No,No,Two year,No,Electronic check,59.26,2674.17,4,276.3,0
CUST-004381,Female,0,No,No,21,Yes,Yes,Fiber optic,No,No internet service,No internet service,Yes,Two year,No,Bank transfer,96.43,1941.91,1,243.8,0
CUST-004382,Female,0,Yes,No,9,Yes,Yes,Fiber optic,No,No internet service,Yes,No,Two year,Yes,Bank transfer,90.31,725.61,0,365.3,1
CUST-004383,Male,0,Yes,No,7,Yes,Yes,DSL,No,No internet service,No internet service,No internet service,One year,Yes,Electronic check,65.39,441.46,3,133.4,0
CUST-004384,Male,0,No,No,41,Yes,No,DSL,No internet service,Yes,Yes,Yes,One year,Yes,Mailed check,60.4,2154.28,3,155.8,0
CUST-004385,Female,0,No,No,28,Yes,No phone service,No,No internet service,No,Yes,Yes,Two year,No,Electronic check,93.67,2426.8,0,208.1,0
CUST-004386,Male,0,No,Yes,11,Yes,Yes,DSL,No,No internet service,No,No internet service,One year,Yes,Electronic check,71.07,759.92,1,156.6,1
CUST-004387,Female,0,No,No,49,Yes,Yes,No,No,No,No,No internet service,Month-to-month,Yes,Electronic check,51.23,2260.21,1,223.0,0
CUST-004388,Male,0,Yes,Yes,49,Yes,No,DSL,No internet service,No,No internet service,Yes,One year,No,Mailed check,71.54,3586.16,1,197.9,1
CUST-004389,Male,1,Yes,No,27,Yes,No,Fiber optic,No,Yes,No,No,Month-to-month,Yes,Credit card,56.67,1599.37,0,75.4,0
CUST-004390,Male,1,No,No,72,Yes,Yes,DSL,No,No internet service,No,Yes,Two year,No,Electronic check,84.28,5249.96,0,113.6,0
CUST-004391,Female,0,No,No,6,Yes,Yes,Fiber optic,No internet service,No,Yes,No internet service,One year,No,Bank transfer,74.57,398.74,1,337.9,1
CUST-004392,Female,0,Yes,Yes,21,Yes,Yes,Fiber optic,No,No internet service,No,Yes,One year,No,Mailed check,76.3,1513.51,1,145.3,1
CUST-004393,Male,0,Yes,No,44,Yes,Yes,No,No,Yes,No,No internet service,Month-to-month,Yes,Mailed check,85.39,3222.15,1,221.1,0
CUST-004394,Female,0,No,No,12,Yes,No,DSL,Yes,No,Yes,Yes,Month-to-month,No,Electronic check,57.78,602.25,3,126.8,1
CUST-004395,Female,1,No,Yes,53,Yes,No,Fiber optic,No,Yes,No,Yes,Month-to-month,No,Electronic check,84.47,4611.76,0,115.0,1
CUST-004396,Female,0,Yes,No,64,Yes,No phone service,Fiber optic,Yes,Yes,No internet service,Yes,One year,No,Bank transfer,130.03,7149.35,1,279.8,0
CUST-004397,Female,0,Yes,Yes,2,Yes,No,Fiber optic,Yes,No internet service,Yes,No,One year,Yes,Electronic check,65.8,118.38,0,206.3,1
CUST-004398,Male,0,No,Yes,72,Yes,No,DSL,Yes,Yes,No,No internet service,Month-to-month,Yes,Bank transfer,84.95,5717.27,2,99.3,0
CUST-004399,Male,0,Yes,Yes,42,Yes,No,Fiber optic,No,No,No,Yes,Month-to-month,Yes,Bank transfer,123.49,4429.66,0,201.1,1
CUST-004400,Female,0,Yes,No,19,Yes,Yes,No,No internet service,No,No internet service,Yes,Month-to-month,Yes,Bank transfer,105.01,2019.31,2,218.6,1
CUST-004401,Female,0,No,No,8,Yes,No,DSL,Yes,No internet service,Yes,No,Month-to-month,Yes,Bank transfer,135.3,1099.68,4,336.0,1
CUST-004402,Male,1,No,No,58,Yes,No phone service,Fiber optic,No,No,No,Yes,Two year,No,Mailed check,75.74,4080.51,1,0.0,0
CUST-004403,Female,1,No,No,10,Yes,No,DSL,No,No,No,Yes,Two year,No,Mailed check,43.96,391.42,5,280.8,0
CUST-004404,Male,0,Yes,No,42,Yes,No,No,No,No,No,Yes,One year,Yes,Bank transfer,94.52,4082.71,3,148.2,1
CUST-004405,Female,0,Yes,No,10,Yes,No,No,No,No,No,No,Month-to-month,Yes,Credit card,98.21,968.04,0,358.6,1
CUST-004406,Female,0,No,No,29,Yes,Yes,DSL,No,No internet service,No,No,Month-to-month,No,Bank transfer,46.28,1281.36,0,330.4,1
CUST-004407,Female,0,No,No,56,Yes,Yes,Fiber optic,No internet service,Yes,No,Yes,Two year,Yes,Credit card,109.54,5695.73,1,346.7,0
CUST-004408,Male,0,No,No,20,No,Yes,DSL,Yes,Yes,Yes,Yes,Two year,Yes,Electronic check,151.73,2906.64,1,145.7,0
CUST-004409,Male,1,Yes,Yes,72,Yes,Yes,No,Yes,No,No,No,Month-to-month,Yes,Electronic check,73.14,4738.95,1,68.6,0
CUST-004410,Female,1,No,No,45,Yes,No,No,No internet service,No,No,No,One year,Yes,Bank transfer,97.7,4132.57,3,183.6,0
CUST-004411,Female,0,Yes,No,12,Yes,No,DSL,Yes,No,Yes,No,Month-to-month,Yes,Mailed check,117.3,1389.58,2,103.7,0
CUST-004412,Female,0,No,No,8,Yes,No,DSL,No internet service,No,Yes,Yes,Month-to-month,Yes,Bank transfer,145.11,1082.27,0,177.2,1
CUST-004413,Female,0,No,No,15,Yes,No,Fiber optic,No,No,Yes,Yes,Two year,No,Electronic check,102.37,1515.59,4,64.6,0
CUST-004414,Female,0,Yes,No,28,Yes,No,Fiber optic,No,No internet service,Yes,Yes,Two year,No,Mailed check,132.59,3704.18,1,146.1,1
CUST-004415,Female,0,Yes,No,72,Yes,Yes,Fiber optic,No,Yes,No,No,Two year,Yes,Credit card,71.35,5140.67,2,310.3,0
CUST-004416,Female,0,Yes,No,72,Yes,Yes,Fiber optic,Yes,No internet service,No,Yes,Month-to-month,No,Electronic check,95.75,6644.43,1,204.3,0
CUST-004417,Female,0,No,No,19,Yes,Yes,DSL,No internet service,No,No,Yes,Month-to-month,No,Credit card,56.61,953.86,2,86.7,1
CUST-004418,Female,0,Yes,No,18,Yes,Yes,Fiber optic,No,No internet service,Yes,No,Two year,Yes,Bank transfer,38.44,685.07,1,234.8,0
CUST-004419,Male,0,No,No,50,Yes,No,DSL,Yes,No,No,No internet service,One year,Yes,Bank transfer,21.91,1110.63,2,124.5,0
CUST-004420,Female,0,Yes,No,50,Yes,No,DSL,No,No internet service,No,Yes,Month-to-month,Yes,Mailed check,82.9,3601.46,3,288.1,0
CUST-004421,Male,0,No,No,70,No,No phone service,Fiber optic,No,No,Yes,Yes,Month-to-month,No,Mailed check,108.49,7816.05,2,269.0,1
CUST-004422,Female,0,No,No,71,Yes,Yes,DSL,No,No internet service,No,No,Month-to-month,Yes,Mailed check,38.75,2856.6,0,240.9,0
CUST-004423,Female,0,Yes,Yes,14,Yes,No phone service,Fiber optic,No,No,No,No internet service,One year,Yes,Bank transfer,141.72,1951.66,0,338.5,0
CUST-004424,Male,0,Yes,No,7,Yes,No,Fiber optic,No internet service,No,No,No,Two year,Yes,Electronic check,61.7,376.71,0,163.9,0
CUST-004425,Male,1,Yes,No,45,Yes,No,No,Yes,No,No,Yes,Month-to-month,No,Mailed check,77.72,3429.95,1,359.4,0
CUST-004426,Female,1,No,Yes,35,Yes,No,Fiber optic,No internet service,No,Yes,No internet service,Month-to-month,No,Electronic check,82.54,2661.39,3,226.0,1
CUST-004427,Female,0,Yes,No,3,Yes,Yes,Fiber optic,No,No,Yes,No,Month-to-month,Yes,Bank transfer,98.21,268.32,0,253.3,1
CUST-004428,Male,0,Yes,Yes,6,Yes,No,DSL,No internet service,No,No internet service,No internet service,One year,Yes,Electronic check,96.96,498.75,0,0.0,0
CUST-004429,Male,0,No,No,44,No,No phone service,Fiber optic,No internet service,Yes,No,Yes,Month-to-month,No,Mailed check,117.72,5153.62,2,168.4,1
CUST-004430,Female,0,Yes,Yes,26,Yes,Yes,Fiber optic,Yes,Yes,No internet service,No,Month-to-month,Yes,Electronic check,116.24,2911.31,2,158.4,1
CUST-004431,Female,0,No,No,44,Yes,No,DSL,No,No,Yes,Yes,One year,Yes,Electronic check,87.4,3615.67,2,79.3,0
CUST-004432,Female,0,Yes,No,11,Yes,Yes,DSL,No,No internet service,No internet service,No,Month-to-month,Yes,Electronic check,31.82,324.7,1,96.8,0
CUST-004433,Female,1,No,No,47,Yes,Yes,DSL,Yes,Yes,No,No internet service,One year,Yes,Bank transfer,104.04,4559.0,2,290.2,1
CUST-004434,Female,0,No,No,38,No,No,No,No,No,No,No,One year,Yes,Electronic check,38.19,1365.09,1,239.8,0
CUST-004435,Male,0,No,No,49,Yes,Yes,Fiber optic,No,No,Yes,No,Month-to-month,Yes,Mailed check,91.82,4253.92,1,244.0,1
CUST-004436,Female,1,Yes,No,20,Yes,Yes,DSL,No internet service,No,No,No,One year,Yes,Credit card,59.46,1034.06,1,370.2,0
CUST-004437,Female,0,Yes,No,17,Yes,Yes,Fiber optic,Yes,No,No,Yes,One year,No,Mailed check,105.5,1660.95,2,227.7,1
CUST-004438,Male,0,Yes,Yes,8,Yes,Yes,Fiber optic,Yes,No internet service,No internet service,No internet service,One year,No,Mailed check,80.46,555.36,0,307.3,0
CUST-004439,Male,0,No,No,23,Yes,Yes,No,No,No,No,No,One year,No,Electronic check,65.24,1508.41,2,209.1,1
CUST-004440,Female,0,No,No,62,No,Yes,DSL,Yes,No,No internet service,No,Month-to-month,Yes,Bank transfer,118.57,7016.24,0,126.8,0
CUST-004441,Male,0,Yes,No,72,Yes,No,Fiber optic,No internet service,No internet service,No,Yes,Month-to-month,Yes,Electronic check,56.14,4082.28,3,182.9,1
CUST-004442,Female,0,No,Yes,10,Yes,No,Fiber optic,Yes,No,Yes,Yes,Month-to-month,Yes,Mailed check,94.93,888.38,0,243.1,0
CUST-004443,Male,0,No,No,28,Yes,Yes,Fiber optic,No,Yes,No internet service,Yes,Month-to-month,Yes,Mailed check,61.58,1518.31,1,40.1,1
CUST-004444,Male,0,No,Yes,72,Yes,Yes,DSL,No,Yes,Yes,No,Month-to-month,Yes,Electronic check,90.23,5911.35,0,204.5,1
CUST-004445,Male,0,No,Yes,72,Yes,Yes,Fiber optic,No internet service,No,Yes,Yes,Month-to-month,No,Electronic check,73.2,4726.23,0,225.7,0
CUST-004446,Female,0,No,No,22,Yes,Yes,No,No internet service,No,No,Yes,One year,No,Bank transfer,71.16,1468.35,1,116.7,0
CUST-004447,Male,0,No,Yes,66,Yes,Yes,Fiber optic,No internet service,Yes,No,No,Month-to-month,Yes,Credit card,55.26,3675.55,2,60.8,1
CUST-004448,Female,0,No,No,58,Yes,Yes,Fiber optic,No,No internet service,Yes,Yes,Two year,Yes,Electronic check,133.75,6774.64,3,229.9,0
CUST-004449,Male,0,No,No,55,Yes,Yes,No,No,No internet service,No internet service,No,One year,Yes,Mailed check,72.18,3692.28,1,191.3,0
CUST-004450,Male,0,Yes,No,6,Yes,No,No,Yes,No internet service,No internet service,No,Month-to-month,No,Mailed check,74.13,386.24,0,288.5,1
CUST-004451,Male,0,Yes,No,18,Yes,Yes,Fiber optic,No internet service,No,No,Yes,One year,No,Electronic check,119.87,2002.97,0,195.9,0
CUST-004452,Female,0,No,No,26,Yes,No,DSL,No internet service,No,No internet service,No internet service,Month-to-month,No,Electronic check,32.46,815.63,1,0.0,0
CUST-004453,Male,0,Yes,No,25,Yes,No,No,Yes,Yes,Yes,No,Two year,No,Mailed check,51.55,1113.2,2,183.0,0
CUST-004454,Female,0,Yes,No,28,Yes,Yes,DSL,No,No,No,No internet service,Two year,Yes,Credit card,75.1,1815.45,0,250.1,0
CUST-004455,Male,0,Yes,No,72,Yes,Yes,DSL,No,No,No internet service,No,Two year,Yes,Electronic check,18.0,1290.95,2,61.6,0
CUST-004456,Male,0,No,No,23,Yes,No,DSL,No,No internet service,No,No,One year,Yes,Mailed check,20.36,436.23,0,36.1,0
CUST-004457,Female,0,Yes,No,39,Yes,Yes,No,No,Yes,No internet service,No,Two year,Yes,Mailed check,45.36,1628.08,4,241.4,0
CUST-004458,Female,1,No,Yes,38,No,No,DSL,No,No,No,Yes,One year,No,Credit card,35.77,1341.95,0,280.6,0
CUST-004459,Male,0,No,No,28,Yes,No,Fiber optic,No,No,Yes,Yes,Two year,No,Credit card,84.68,2055.68,0,158.5,0
CUST-004460,Male,0,Yes,Yes,11,Yes,No phone service,DSL,No,Yes,No internet service,Yes,Month-to-month,Yes,Credit card,85.67,963.08,1,214.5,1
CUST-004461,Male,0,Yes,No,31,Yes,No phone service,DSL,Yes,No internet service,Yes,No internet service,Two year,Yes,Mailed check,92.5,2881.97,2,95.8,0
CUST-004462,Male,0,Yes,Yes,3,No,Yes,DSL,Yes,No internet service,Yes,No internet service,One year,No,Electronic check,124.28,345.98,1,130.1,0
CUST-004463,Male,0,Yes,No,42,Yes,No,Fiber optic,Yes,Yes,Yes,No internet service,Month-to-month,Yes,Electronic check,94.32,3738.63,3,221.9,1
CUST-004464,Female,0,Yes,Yes,3,Yes,Yes,DSL,No,Yes,No,No internet service,Two year,Yes,Credit card,74.63,208.12,0,197.6,0
CUST-004465,Male,0,Yes,Yes,39,Yes,No,DSL,No,No,No,Yes,One year,No,Electronic check,69.25,2719.92,2,215.2,0
CUST-004466,Male,0,No,Yes,17,Yes,No,No,Yes,Yes,No,No,Two year,Yes,Bank transfer,79.61,1158.18,1,223.6,0
CUST-004467,Male,0,Yes,No,12,Yes,Yes,Fiber optic,No,No,Yes,No,Month-to-month,Yes,Electronic check,106.95,1263.23,0,391.2,0
CUST-004468,Female,0,Yes,Yes,51,Yes,Yes,DSL,No internet service,No internet service,No,Yes,One year,No,Electronic check,97.66,4535.1,0,0.0,0
CUST-004469,Male,0,No,No,21,Yes,No,DSL,No internet service,No,No,Yes,One year,No,Bank transfer,97.55,2060.58,0,238.3,0
CUST-004470,Female,0,No,Yes,30,Yes,Yes,Fiber optic,No,No internet service,Yes,No,Month-to-month,No,Bank transfer,110.58,3472.62,2,130.7,1
CUST-004471,Female,0,Yes,Yes,6,Yes,No,DSL,Yes,Yes,No,No internet service,One year,Yes,Electronic check,115.31,626.66,0,106.1,0
CUST-004472,Male,1,No,No,72,Yes,No phone service,Fiber optic,No,Yes,Yes,No,One year,No,Mailed check,95.8,6478.2,2,218.3,0
CUST-004473,Female,0,Yes,No,32,Yes,Yes,DSL,Yes,No,No,No internet service,Month-to-month,No,Mailed check,51.65,1585.98,2,203.3,0
CUST-004474,Male,0,No,No,32,Yes,Yes,DSL,No internet service,No,No,No,One year,Yes,Credit card,56.56,1737.86,0,251.8,0
CUST-004475,Female,1,No,No,43,Yes,Yes,Fiber optic,No,No,No,No,Month-to-month,Yes,Bank transfer,91.82,3479.85,1,190.9,1
CUST-004476,Male,0,No,No,1,Yes,Yes,DSL,Yes,No,No internet service,Yes,Two year,No,Electronic check,37.49,36.24,1,104.0,0
CUST-004477,Female,0,No,No,72,Yes,Yes,No,Yes,No internet service,No,No,Two year,Yes,Electronic check,51.6,3695.74,0,68.8,0
CUST-004478,Female,0,No,Yes,22,Yes,Yes,Fiber optic,No,No,No internet service,Yes,Month-to-month,Yes,Credit card,60.8,1389.62,1,127.8,1
CUST-004479,Male,0,Yes,Yes,72,No,No,No,Yes,Yes,Yes,No internet service,Month-to-month,Yes,Electronic check,80.32,5754.48,3,243.6,0
CUST-004480,Male,1,No,No,22,Yes,No,Fiber optic,No,No,Yes,Yes,Month-to-month,Yes,Credit card,105.61,2255.35,1,268.8,1
CUST-004481,Male,0,Yes,No,18,Yes,Yes,Fiber optic,Yes,No,Yes,Yes,Month-to-month,Yes,Electronic check,41.93,676.78,2,22.6,1
CUST-004482,Female,1,Yes,No,41,Yes,No,DSL,No internet service,No,No,No internet service,Two year,Yes,Mailed check,50.38,1796.11,2,157.4,0
CUST-004483,Male,0,No,No,72,Yes,No,Fiber optic,No,Yes,No,No,Month-to-month,Yes,Bank transfer,149.76,10532.98,1,151.4,1
CUST-004484,Female,0,Yes,No,65,Yes,No,No,Yes,No,Yes,Yes,Month-to-month,Yes,Bank transfer,88.89,5633.83,2,207.1,1
CUST-004485,Female,0,Yes,No,44,Yes,No,DSL,No,Yes,No internet service,Yes,Month-to-month,No,Electronic check,83.63,3745.49,2,118.7,0
CUST-004486,Female,0,Yes,Yes,40,No,No,DSL,No,Yes,Yes,Yes,One year,No,Electronic check,50.07,1881.16,1,44.7,0
CUST-004487,Female,0,No,Yes,31,Yes,No,DSL,Yes,Yes,No,No,Two year,Yes,Credit card,78.62,2155.46,0,145.8,0
CUST-004488,Male,0,Yes,No,72,Yes,Yes,DSL,No,No,No internet service,No,Month-to-month,No,Mailed check,69.56,4482.48,1,290.2,0
CUST-004489,Male,0,Yes,No,51,Yes,Yes,DSL,No,No,No,Yes,Month-to-month,No,Credit card,46.1,2222.33,0,0.0,0
CUST-004490,Female,0,Yes,No,7,Yes,Yes,DSL,Yes,No,No internet service,Yes,Month-to-month,Yes,Credit card,55.19,352.47,0,73.8,0
CUST-004491,Female,0,No,No,12,Yes,Yes,No,No internet service,Yes,No,Yes,Month-to-month,No,Credit card,55.86,593.96,4,168.8,1
CUST-004492,Female,0,Yes,No,45,Yes,No,DSL,Yes,Yes,Yes,Yes,Month-to-month,Yes,Bank transfer,25.34,993.84,1,125.7,0
CUST-004493,Female,0,No,No,10,Yes,No,Fiber optic,No,No,No,Yes,One year,No,Mailed check,55.29,515.59,0,76.0,0
CUST-004494,Female,0,Yes,No,32,Yes,Yes,DSL,No internet service,No,No,Yes,Month-to-month,No,Bank transfer,64.02,1879.52,0,116.0,0
CUST-004495,Female,1,No,No,55,Yes,No phone service,Fiber optic,Yes,No,No internet service,No,Month-to-month,Yes,Mailed check,69.56,3990.52,0,208.5,1
CUST-004496,Female,0,No,No,41,Yes,Yes,Fiber optic,Yes,No,No internet service,Yes,One year,No,Credit card,85.97,3599.89,0,201.6,1
CUST-004497,Female,0,Yes,No,9,Yes,Yes,Fiber optic,No,No internet service,Yes,Yes,One year,Yes,Electronic check,46.83,373.72,1,257.5,0
CUST-004498,Male,0,Yes,Yes,13,No,No,Fiber optic,No,No internet service,No,Yes,Month-to-month,No,Electronic check,119.04,1548.56,2,236.8,1
CUST-004499,Male,1,Yes,Yes,42,Yes,Yes,Fiber optic,No internet service,No,No internet service,No,Month-to-month,Yes,Mailed check,157.41,6254.65,1,55.7,1
CUST-004500,Male,0,Yes,No,72,Yes,No phone service,No,No,Yes,Yes,No internet service,One year,Yes,Electronic check,100.82,7514.84,1,228.3,0
CUST-004501,Male,0,No,No,27,Yes,No,DSL,No internet service,No internet service,No,Yes,Month-to-month,No,Mailed check,103.92,2726.17,0,240.6,1
CUST-004502,Female,0,Yes,No,56,Yes,Yes,Fiber optic,Yes,No,No,No,Two year,Yes,Mailed check,113.78,5676.07,2,134.7,0
CUST-004503,Male,0,No,No,41,No,Yes,No,No,No,No,No internet service,Two year,No,Electronic check,77.97,2842.46,3,291.1,0
CUST-004504,Male,1,Yes,No,17,Yes,Yes,No,No internet service,No internet service,Yes,No internet service,Two year,Yes,Credit card,72.6,1287.76,1,123.0,0
CUST-004505,Male,0,Yes,Yes,56,Yes,No,No,Yes,Yes,Yes,Yes,Month-to-month,Yes,Bank transfer,42.56,2463.82,4,275.5,0
CUST-004506,Female,0,No,No,6,Yes,No,Fiber optic,No,No,No,No,Month-to-month,No,Credit card,115.7,657.12,1,233.5,1
CUST-004507,Female,0,No,Yes,53,Yes,Yes,Fiber optic,No,No,No internet service,No,Two year,Yes,Mailed check,113.92,5813.15,0,164.2,0
CUST-004508,Female,0,Yes,Yes,43,Yes,No,DSL,No,Yes,Yes,No,Month-to-month,Yes,Electronic check,56.11,2314.81,0,90.5,0
CUST-004509,Female,1,No,Yes,19,Yes,Yes,DSL,Yes,Yes,No,No internet service,Month-to-month,No,Bank transfer,85.78,1634.22,3,128.4,0
CUST-004510,Female,0,Yes,Yes,11,Yes,Yes,DSL,No,Yes,Yes,Yes,One year,Yes,Electronic check,49.18,511.19,0,119.7,1
CUST-004511,Male,1,No,Yes,20,Yes,Yes,DSL,No,No,No,No internet service,Month-to-month,Yes,Mailed check,51.09,893.63,3,342.9,1
CUST-004512,Female,0,Yes,No,16,No,Yes,DSL,No,No internet service,No internet service,Yes,One year,Yes,Credit card,93.25,1365.01,1,277.2,1
CUST-004513,Male,0,Yes,Yes,24,Yes,No phone service,No,Yes,No internet service,No,Yes,Two year,Yes,Bank transfer,82.92,1917.65,3,270.1,0
CUST-004514,Male,1,No,No,22,Yes,No,DSL,No,No,No,No,One year,Yes,Credit card,63.04,1276.26,3,209.3,0
CUST-004515,Female,0,Yes,No,18,Yes,No phone service,No,No,No,No internet service,No internet service,Month-to-month,Yes,Electronic check,59.57,1085.89,0,135.6,0
CUST-004516,Male,1,No,No,5,Yes,No,No,No,Yes,No,No,Two year,Yes,Electronic check,75.24,391.11,1,246.1,0
CUST-004517,Female,0,No,No,10,Yes,Yes,Fiber optic,No internet service,No,No,No internet service,One year,Yes,Bank transfer,39.94,358.8,0,96.7,0
CUST-004518,Female,0,Yes,Yes,63,Yes,Yes,No,Yes,No,No,No,Month-to-month,No,Credit card,47.27,3060.69,2,316.9,0
CUST-004519,Female,0,No,No,19,Yes,No,Fiber optic,No internet service,No,Yes,No,One year,No,Electronic check,57.05,1076.45,1,42.8,0
CUST-004520,Female,1,No,Yes,24,Yes,Yes,Fiber optic,No internet service,Yes,Yes,Yes,Month-to-month,Yes,Mailed check,95.36,2213.91,1,83.8,1
CUST-004521,Male,0,Yes,No,21,Yes,No,No,No,No,No,Yes,Month-to-month,Yes,Mailed check,102.66,1888.68,0,236.7,1
CUST-004522,Male,0,Yes,No,72,Yes,No,Fiber optic,No,No,No,No,One year,Yes,Bank transfer,109.31,7336.95,2,152.8,0
CUST-004523,Male,0,Yes,Yes,16,Yes,Yes,DSL,Yes,No,Yes,Yes,Month-to-month,Yes,Credit card,54.66,917.39,1,289.9,0
CUST-004524,Female,0,Yes,No,15,No,No,No,No,Yes,Yes,No internet service,Month-to-month,Yes,Bank transfer,48.8,717.15,0,291.3,1
CUST-004525,Male,0,Yes,Yes,44,Yes,No phone service,Fiber optic,No internet service,No,No,Yes,One year,Yes,Mailed check,72.38,3084.05,1,0.0,0
CUST-004526,Female,0,No,No,34,Yes,Yes,Fiber optic,Yes,Yes,No internet service,No,Month-to-month,No,Bank transfer,154.99,4516.71,0,104.1,0
CUST-004527,Male,0,Yes,No,45,Yes,No,Fiber optic,No internet service,No,Yes,Yes,Month-to-month,Yes,Bank transfer,97.04,3992.11,1,102.2,1
CUST-004528,Male,0,Yes,No,43,Yes,Yes,DSL,No,Yes,Yes,No,Month-to-month,Yes,Electronic check,75.99,3096.55,0,259.5,0
CUST-004529,Male,1,No,No,57,Yes,Yes,Fiber optic,No,No,No internet service,Yes,One year,Yes,Bank transfer,31.67,1765.86,0,54.3,0
CUST-004530,Female,0,Yes,No,9,Yes,Yes,Fiber optic,No,Yes,No,No internet service,Two year,Yes,Credit card,59.57,547.63,3,0.0,0
CUST-004531,Male,0,No,No,41,Yes,Yes,No,Yes,Yes,No internet service,Yes,Month-to-month,Yes,Electronic check,68.67,2651.27,0,87.0,0
CUST-004532,Male,1,No,No,15,Yes,No,Fiber optic,No,No internet service,Yes,No,One year,Yes,Bank transfer,80.06,1086.62,2,228.6,1
CUST-004533,Male,0,No,No,4,Yes,No,DSL,No,No,No internet service,No,Month-to-month,No,Electronic check,73.99,268.22,3,354.4,1
CUST-004534,Male,0,No,Yes,42,Yes,Yes,Fiber optic,No,No,No internet service,No internet service,Month-to-month,No,Mailed check,98.6,3634.03,0,29.4,1
CUST-004535,Female,1,Yes,No,41,No,Yes,DSL,No,Yes,Yes,No internet service,Month-to-month,No,Bank transfer,88.01,3172.31,2,100.5,1
CUST-004536,Female,0,No,No,29,Yes,No,DSL,Yes,No,Yes,Yes,Month-to-month,Yes,Electronic check,18.0,475.58,2,191.6,0
CUST-004537,Male,0,Yes,No,58,Yes,No,Fiber optic,No,No,No,Yes,Month-to-month,Yes,Electronic check,61.84,3598.8,1,275.9,0
CUST-004538,Female,1,No,Yes,15,Yes,Yes,Fiber optic,No,No,Yes,Yes,One year,No,Electronic check,92.01,1287.21,2,365.5,1
CUST-004539,Female,0,Yes,Yes,47,Yes,No,Fiber optic,No internet service,No internet service,No,No internet service,One year,No,Credit card,75.58,3630.0,1,209.9,0
CUST-004540,Female,0,No,No,26,Yes,No,Fiber optic,No,Yes,Yes,No internet service,Two year,Yes,Mailed check,85.69,2316.73,2,247.2,1
CUST-004541,Male,0,Yes,No,28,Yes,Yes,Fiber optic,Yes,No,Yes,No,Two year,Yes,Electronic check,98.27,2380.35,1,186.4,0
CUST-004542,Male,1,No,No,4,No,No,DSL,No internet service,Yes,No,No,Month-to-month,Yes,Credit card,47.65,189.11,2,310.6,0
CUST-004543,Female,0,Yes,Yes,58,Yes,Yes,Fiber optic,No internet service,No,No internet service,No,Month-to-month,No,Credit card,100.77,5067.54,0,129.5,1
CUST-004544,Male,0,No,No,39,No,Yes,Fiber optic,No,Yes,Yes,No internet service,Month-to-month,No,Bank transfer,111.32,3752.52,3,180.7,1
CUST-004545,Male,0,No,No,46,Yes,Yes,Fiber optic,No,No,Yes,Yes,Month-to-month,Yes,Electronic check,96.95,4036.81,3,0.0,1
CUST-004546,Female,0,Yes,Yes,13,Yes,Yes,No,No,No,No,No internet service,Two year,Yes,Mailed check,91.62,1036.62,2,246.5,1
CUST-004547,Female,0,Yes,No,36,Yes,No,Fiber optic,No internet service,No internet service,Yes,No,Month-to-month,Yes,Electronic check,29.81,1054.54,2,323.7,0
CUST-004548,Male,0,No,Yes,26,Yes,No,DSL,Yes,Yes,No,No,Month-to-month,Yes,Electronic check,52.42,1353.66,2,239.9,0
CUST-004549,Male,0,No,No,41,Yes,No,DSL,Yes,No,No,No,Month-to-month,Yes,Credit card,96.77,3879.7,0,111.8,0
CUST-004550,Female,0,No,No,35,Yes,No,Fiber optic,No internet service,No,No,No,Two year,No,Electronic check,69.07,2332.99,2,52.8,0
CUST-004551,Male,0,Yes,Yes,72,No,No,Fiber optic,Yes,No,No,No internet service,Month-to-month,Yes,Electronic check,65.0,4709.11,2,332.4,0
CUST-004552,Male,0,No,No,71,Yes,No,Fiber optic,No,Yes,Yes,Yes,One year,Yes,Electronic check,91.21,6505.29,2,91.1,1
CUST-004553,Female,0,Yes,Yes,24,Yes,Yes,DSL,No internet service,No,Yes,Yes,Month-to-month,Yes,Electronic check,69.48,1707.64,3,149.8,1
CUST-004554,Male,0,Yes,No,42,Yes,Yes,Fiber optic,Yes,No,Yes,No,Month-to-month,Yes,Electronic check,78.96,3278.61,0,48.9,1
CUST-004555,Male,0,No,Yes,22,Yes,Yes,Fiber optic,No internet service,No internet service,No internet service,No,Month-to-month,Yes,Mailed check,150.31,3046.1,1,221.4,1
CUST-004556,Female,0,No,Yes,57,Yes,No,No,No internet service,No,Yes,No,One year,No,Bank transfer,78.59,4278.02,0,342.1,0
CUST-004557,Female,0,Yes,Yes,27,Yes,No,DSL,No,No,No,No,One year,Yes,Electronic check,42.91,1098.55,1,191.0,0
CUST-004558,Male,1,No,No,20,Yes,Yes,Fiber optic,No,No,Yes,No,Month-to-month,Yes,Credit card,51.81,903.21,0,300.5,1
CUST-004559,Female,0,Yes,Yes,36,Yes,Yes,No,Yes,Yes,No,No internet service,Month-to-month,No,Mailed check,82.17,2994.55,2,97.8,1
CUST-004560,Male,0,Yes,No,67,Yes,No,Fiber optic,No,No internet service,Yes,No,Month-to-month,No,Credit card,67.2,4649.23,0,171.6,0
CUST-004561,Male,1,No,No,60,Yes,Yes,Fiber optic,Yes,No,No,No internet service,Month-to-month,Yes,Mailed check,159.58,10023.59,1,196.9,1
CUST-004562,Female,0,No,Yes,21,Yes,Yes,Fiber optic,No,No,Yes,No,Month-to-month,Yes,Credit card,107.84,2037.22,1,107.8,1
CUST-004563,Male,0,Yes,Yes,72,Yes,Yes,No,No,No internet service,No internet service,No,Month-to-month,No,Mailed check,86.8,5431.65,1,93.9,1
CUST-004564,Male,0,No,Yes,14,No,Yes,Fiber optic,No internet service,Yes,No internet service,No,One year,Yes,Bank transfer,102.46,1251.14,0,121.8,1
CUST-004565,Female,1,Yes,No,18,Yes,Yes,DSL,Yes,No,Yes,No,Two year,Yes,Electronic check,103.65,1885.91,0,157.0,0
CUST-004566,Female,1,Yes,No,55,No,No,DSL,Yes,Yes,Yes,Yes,One year,No,Electronic check,18.0,966.58,1,132.9,0
CUST-004567,Female,0,No,No,4,Yes,Yes,DSL,Yes,No,Yes,No,One year,No,Bank transfer,33.9,135.77,0,296.3,1
CUST-004568,Female,0,No,No,30,Yes,No,Fiber optic,No internet service,No,Yes,Yes,Two year,Yes,Bank transfer,126.02,3898.08,2,0.0,0
CUST-004569,Male,0,Yes,No,24,Yes,No,Fiber optic,No,No,No internet service,No internet service,Two year,Yes,Mailed check,140.02,3008.43,0,189.0,0
CUST-004570,Male,0,Yes,Yes,72,Yes,Yes,DSL,Yes,No,No internet service,No internet service,Month-to-month,Yes,Credit card,32.94,2188.73,0,38.6,0
CUST-004571,Female,0,No,No,12,No,No phone service,Fiber optic,No internet service,No,Yes,No,Month-to-month,No,Bank transfer,40.44,489.41,2,271.4,0
CUST-004572,Female,0,Yes,Yes,13,Yes,No phone service,DSL,Yes,No,No,Yes,Month-to-month,No,Mailed check,75.03,879.63,0,110.1,0
CUST-004573,Female,0,Yes,No,72,Yes,No phone service,Fiber optic,No,No internet service,No,No,Two year,No,Mailed check,109.56,7503.6,3,175.2,0
CUST-004574,Male,0,No,No,24,Yes,Yes,DSL,No,Yes,No,No internet service,Month-to-month,Yes,Bank transfer,74.42,1676.61,1,299.4,0
CUST-004575,Female,0,No,Yes,65,Yes,No,DSL,No internet service,No,Yes,Yes,Month-to-month,No,Electronic check,68.21,4296.55,1,30.2,0
CUST-004576,Female,1,Yes,No,21,Yes,No,DSL,No,No,No internet service,No internet service,Month-to-month,Yes,Electronic check,18.0,396.01,0,301.6,1
CUST-004577,Female,0,Yes,Yes,17,Yes,Yes,DSL,No,No,No,Yes,One year,Yes,Electronic check,58.75,869.65,1,224.6,0
CUST-004578,Female,1,No,No,67,Yes,No,Fiber optic,Yes,No,No internet service,No,One year,No,Bank transfer,88.22,5597.24,1,139.2,0
CUST-004579,Male,0,Yes,No,72,Yes,No,Fiber optic,No,No internet service,Yes,No internet service,One year,No,Credit card,78.55,5892.2,1,0.0,0
CUST-004580,Male,0,Yes,No,71,Yes,Yes,Fiber optic,No,Yes,No internet service,No,One year,No,Electronic check,37.44,2444.31,1,348.7,0
CUST-004581,Male,0,No,No,20,Yes,No,DSL,Yes,No,Yes,Yes,Two year,Yes,Electronic check,87.54,1747.55,1,148.9,0
CUST-004582,Female,1,No,No,29,Yes,No phone service,Fiber optic,No internet service,Yes,Yes,No internet service,Month-to-month,No,Electronic check,120.97,3634.0,2,236.7,0
CUST-004583,Female,0,No,No,13,Yes,No,Fiber optic,No,Yes,Yes,No internet service,Two year,No,Electronic check,71.16,830.84,1,194.0,0
CUST-004584,Male,0,Yes,No,15,Yes,No phone service,Fiber optic,No,Yes,Yes,Yes,One year,No,Bank transfer,89.42,1161.95,0,366.4,1
CUST-004585,Female,0,Yes,No,15,Yes,Yes,Fiber optic,Yes,No internet service,No,No,Month-to-month,Yes,Credit card,80.09,1039.37,2,82.4,1
CUST-004586,Female,0,Yes,Yes,21,Yes,No,DSL,No,No internet service,No,No,Two year,Yes,Bank transfer,55.38,1005.59,0,274.3,1
CUST-004587,Male,0,No,Yes,33,Yes,No,DSL,No,No,Yes,No,Two year,Yes,Mailed check,84.79,2574.67,0,346.1,0
CUST-004588,Male,0,No,No,30,Yes,Yes,Fiber optic,No,No,Yes,Yes,Two year,No,Credit card,110.52,2901.94,3,72.8,1
CUST-004589,Female,1,Yes,Yes,50,No,Yes,Fiber optic,No,Yes,No,No internet service,Two year,No,Credit card,127.24,5923.2,0,161.7,0
CUST-004590,Male,0,No,No,34,Yes,Yes,DSL,No internet service,No,No,Yes,Month-to-month,No,Mailed check,101.62,3457.86,0,210.8,1
CUST-004591,Male,0,Yes,No,47,Yes,No,DSL,No,No internet service,No,Yes,Month-to-month,Yes,Electronic check,64.85,2772.37,1,245.7,0
CUST-004592,Male,0,No,No,52,Yes,Yes,No,No internet service,No internet service,No,No,Month-to-month,Yes,Electronic check,155.26,7636.76,3,231.5,1
CUST-004593,Male,0,No,Yes,20,Yes,Yes,No,No,No,No,Yes,Two year,Yes,Bank transfer,116.5,2039.83,2,275.6,1
CUST-004594,Male,0,Yes,No,26,No,No,No,No,No,Yes,Yes,Two year,No,Bank transfer,50.26,1293.14,1,181.2,1
CUST-004595,Male,0,Yes,No,72,Yes,No,No,No,No,Yes,No internet service,Two year,Yes,Mailed check,73.8,4854.03,0,216.1,0
CUST-004596,Female,0,Yes,Yes,19,Yes,No,No,No internet service,Yes,No internet service,No,Two year,Yes,Electronic check,18.0,299.95,1,70.5,1
CUST-004597,Male,0,Yes,No,49,Yes,No,DSL,No,Yes,No,No,One year,Yes,Credit card,70.82,3612.11,0,88.2,0
CUST-004598,Male,0,No,Yes,9,Yes,No,DSL,Yes,Yes,No internet service,No internet service,Month-to-month,Yes,Mailed check,120.21,1086.14,1,171.6,1
CUST-004599,Male,0,Yes,Yes,53,Yes,No,DSL,No internet service,No,No internet service,No internet service,Month-to-month,Yes,Mailed check,153.44,7973.41,3,148.4,1
CUST-004600,Female,0,No,Yes,16,Yes,No,Fiber optic,No,Yes,Yes,No,Month-to-month,Yes,Credit card,91.36,1453.89,4,240.9,0
CUST-004601,Male,0,No,No,31,No,No,Fiber optic,No internet service,No,No,No,One year,Yes,Electronic check,105.05,3045.09,0,12.6,1
CUST-004602,Female,1,Yes,No,8,Yes,Yes,No,No internet service,No,No,Yes,Month-to-month,No,Electronic check,88.16,641.56,4,222.1,1
CUST-004603,Female,0,Yes,No,29,No,Yes,DSL,No,No,No,Yes,Two year,Yes,Electronic check,129.39,3564.71,2,248.5,1
CUST-004604,Female,1,Yes,No,29,Yes,No,Fiber optic,Yes,No internet service,Yes,Yes,One year,No,Credit card,65.51,1928.41,1,0.0,0
CUST-004605,Female,1,No,No,26,Yes,No,Fiber optic,Yes,No internet service,No,Yes,Month-to-month,Yes,Credit card,174.67,4735.48,0,330.5,1
CUST-004606,Male,0,No,No,41,No,No phone service,Fiber optic,Yes,Yes,No,Yes,Two year,No,Bank transfer,85.49,3403.55,1,356.7,0
CUST-004607,Male,0,Yes,Yes,64,No,Yes,Fiber optic,No internet service,No internet service,No,No internet service,One year,Yes,Mailed check,59.9,3546.85,2,279.2,0
CUST-004608,Female,0,Yes,Yes,13,Yes,No,DSL,Yes,No internet service,No,No internet service,One year,No,Electronic check,60.54,782.04,1,160.0,1
CUST-004609,Male,0,No,No,26,Yes,No,DSL,Yes,No,Yes,No,Month-to-month,Yes,Credit card,45.71,1175.93,1,154.7,1
CUST-004610,Male,0,Yes,Yes,5,Yes,No,DSL,Yes,No,Yes,No,Month-to-month,Yes,Electronic check,82.58,371.39,0,127.6,0
CUST-004611,Female,0,Yes,No,34,Yes,No,Fiber optic,No,Yes,Yes,No,Month-to-month,No,Electronic check,45.43,1447.41,3,179.3,1
CUST-004612,Male,0,Yes,Yes,12,Yes,No,Fiber optic,No,Yes,No,Yes,Month-to-month,No,Mailed check,99.25,1044.26,1,139.1,1
CUST-004613,Male,0,Yes,No,30,Yes,No,Fiber optic,No,No internet service,Yes,No internet service,One year,No,Mailed check,114.92,3207.81,1,210.8,0
CUST-004614,Male,0,No,No,35,Yes,No,Fiber optic,No internet service,No internet service,Yes,Yes,Two year,No,Bank transfer,139.49,4894.42,3,183.1,0
CUST-004615,Female,0,No,No,6,Yes,No,DSL,Yes,No,No,No,Two year,No,Mailed check,90.42,495.19,3,234.0,0
CUST-004616,Male,0,Yes,No,39,Yes,Yes,Fiber optic,No,Yes,Yes,Yes,Month-to-month,No,Mailed check,137.64,5242.32,3,145.7,0
CUST-004617,Male,1,Yes,No,62,Yes,No,No,No,Yes,Yes,No,Two year,No,Mailed check,51.83,2942.02,3,88.2,0
CUST-004618,Female,0,No,No,45,Yes,No,DSL,Yes,No,No,No,Month-to-month,Yes,Electronic check,81.83,3238.17,1,286.5,0
CUST-004619,Female,1,Yes,No,13,Yes,No phone service,Fiber optic,Yes,Yes,No,Yes,Month-to-month,Yes,Electronic check,28.12,364.97,3,89.9,1
CUST-004620,Female,0,No,Yes,28,Yes,No,Fiber optic,No,No,No,No,One year,Yes,Electronic check,91.58,2481.84,2,164.2,1
CUST-004621,Male,0,No,No,31,Yes,No,Fiber optic,Yes,Yes,No,No,Two year,No,Electronic check,106.6,3354.55,3,165.5,0
CUST-004622,Male,0,No,No,27,No,No,Fiber optic,No internet service,No internet service,No,No,Two year,Yes,Electronic check,109.32,2909.62,0,189.0,0
CUST-004623,Female,0,Yes,No,9,Yes,No,No,No,Yes,No,No,Two year,No,Electronic check,22.78,207.75,0,169.0,0
CUST-004624,Female,0,No,Yes,15,Yes,No phone service,DSL,No,No,No,Yes,Month-to-month,No,Credit card,58.3,770.36,2,148.1,1
CUST-004625,Female,0,Yes,Yes,25,Yes,Yes,DSL,No,Yes,No,No,Month-to-month,Yes,Bank transfer,62.48,1519.63,2,197.8,1
CUST-004626,Male,0,No,No,35,Yes,No,DSL,Yes,No,Yes,No,Month-to-month,Yes,Electronic check,57.13,1846.46,4,95.7,0
CUST-004627,Female,0,No,No,19,No,No,No,Yes,No,No internet service,Yes,One year,No,Bank transfer,91.75,1742.04,0,160.5,0
CUST-004628,Male,0,No,No,4,Yes,No phone service,No,No,No,No,Yes,Month-to-month,Yes,Credit card,63.5,245.35,1,187.5,0
CUST-004629,Female,0,Yes,No,20,Yes,Yes,Fiber optic,No,No internet service,No,No,Month-to-month,No,Credit card,97.98,1686.89,0,19.6,0
CUST-004630,Male,0,No,No,72,No,No,Fiber optic,Yes,No internet service,No,No,Month-to-month,Yes,Bank transfer,80.31,5532.1,1,295.6,0
CUST-004631,Female,0,No,No,39,Yes,Yes,Fiber optic,No,No,No,Yes,One year,Yes,Mailed check,126.94,4945.19,0,367.2,0
CUST-004632,Male,0,Yes,No,34,Yes,Yes,Fiber optic,No,No internet service,No internet service,No internet service,One year,Yes,Electronic check,129.18,3964.05,1,235.4,0
CUST-004633,Female,0,No,No,15,Yes,Yes,DSL,Yes,Yes,Yes,No internet service,Month-to-month,No,Credit card,60.75,893.85,1,145.5,0
CUST-004634,Male,0,Yes,No,20,Yes,Yes,Fiber optic,Yes,No,Yes,No,Month-to-month,No,Electronic check,180.52,3676.01,0,149.7,1
CUST-004635,Male,0,No,Yes,4,Yes,Yes,DSL,Yes,Yes,Yes,No,One year,Yes,Credit card,47.01,162.27,0,86.4,0
CUST-004636,Female,0,Yes,No,14,No,No phone service,Fiber optic,No internet service,No,No internet service,Yes,One year,Yes,Credit card,125.22,1692.73,1,320.4,0
CUST-004637,Female,0,No,No,38,Yes,No,DSL,Yes,No internet service,Yes,No,Month-to-month,No,Mailed check,41.47,1619.23,2,59.5,1
CUST-004638,Female,0,Yes,No,34,No,No,Fiber optic,Yes,No,No internet service,No,Month-to-month,No,Mailed check,118.19,3517.32,1,264.3,1
CUST-004639,Male,0,No,No,17,Yes,No,Fiber optic,No,Yes,Yes,Yes,Two year,No,Electronic check,115.85,1780.09,2,137.8,0
CUST-004640,Male,0,No,Yes,27,Yes,No,No,Yes,Yes,No internet service,No internet service,One year,No,Credit card,39.65,1043.93,0,300.8,0
CUST-004641,Male,0,Yes,Yes,30,Yes,No phone service,Fiber optic,Yes,No internet service,Yes,No,Month-to-month,Yes,Mailed check,91.08,2642.39,0,239.6,0
CUST-004642,Male,0,No,Yes,18,Yes,No,DSL,No internet service,No internet service,Yes,No,One year,Yes,Electronic check,126.03,2288.27,0,259.7,1
CUST-004643,Male,0,No,No,41,Yes,No,No,No internet service,No,No internet service,Yes,One year,Yes,Electronic check,45.57,1823.21,1,195.6,0
CUST-004644,Male,0,Yes,Yes,34,Yes,Yes,Fiber optic,Yes,No,No internet service,No internet service,Month-to-month,Yes,Bank transfer,107.06,3513.12,1,329.5,1
CUST-004645,Female,0,Yes,No,21,Yes,No,Fiber optic,Yes,Yes,No,Yes,Month-to-month,Yes,Mailed check,105.06,2074.79,0,34.0,1
CUST-004646,Male,0,No,No,9,Yes,Yes,Fiber optic,No internet service,Yes,No,Yes,Two year,Yes,Electronic check,93.73,730.25,0,24.0,0
CUST-004647,Male,0,No,No,20,No,Yes,Fiber optic,No,No,Yes,Yes,Month-to-month,No,Mailed check,43.07,833.95,0,41.5,0
CUST-004648,Male,0,Yes,No,19,Yes,Yes,No,No,No,No internet service,No internet service,Month-to-month,No,Mailed check,94.86,1588.43,1,138.0,0
CUST-004649,Female,0,No,No,17,Yes,No,No,Yes,Yes,No internet service,Yes,One year,No,Credit card,70.35,1254.73,0,115.0,0
CUST-004650,Male,0,Yes,Yes,6,Yes,No phone service,Fiber optic,No,No,No internet service,No,Month-to-month,No,Electronic check,128.12,665.46,1,131.5,1
CUST-004651,Female,0,Yes,No,72,Yes,No,DSL,Yes,Yes,No internet service,No internet service,One year,Yes,Mailed check,76.95,4793.41,0,329.1,0
CUST-004652,Female,0,No,No,71,Yes,No,No,No,Yes,No,Yes,Month-to-month,Yes,Credit card,71.93,5145.45,1,124.8,1
CUST-004653,Female,0,Yes,No,26,Yes,Yes,Fiber optic,No internet service,No,Yes,No,Month-to-month,Yes,Mailed check,106.18,2402.35,0,262.7,1
CUST-004654,Female,0,No,No,34,Yes,Yes,Fiber optic,No,No,No internet service,No,Month-to-month,No,Mailed check,65.37,2069.38,1,187.4,1
CUST-004655,Male,0,Yes,No,40,Yes,No,No,No internet service,Yes,No,Yes,Two year,Yes,Mailed check,116.74,4835.5,0,278.6,0
CUST-004656,Female,0,Yes,No,26,Yes,Yes,DSL,No,No,No internet service,Yes,One year,Yes,Bank transfer,58.74,1538.75,0,213.6,0
CUST-004657,Female,0,No,No,36,Yes,No,Fiber optic,No,Yes,Yes,Yes,Two year,Yes,Mailed check,84.12,2715.2,2,212.5,0
CUST-004658,Male,0,Yes,No,44,Yes,Yes,DSL,No internet service,Yes,No,Yes,Month-to-month,Yes,Electronic check,108.77,4308.23,2,154.8,0
CUST-004659,Female,0,No,No,33,Yes,Yes,Fiber optic,No internet service,No internet service,No,No internet service,One year,No,Credit card,102.42,3273.25,1,97.0,0
CUST-004660,Male,1,No,No,50,Yes,No,DSL,No,Yes,Yes,Yes,Month-to-month,Yes,Bank transfer,62.91,2979.53,0,37.9,0
CUST-004661,Female,0,No,Yes,17,Yes,No,DSL,No internet service,No,Yes,Yes,One year,No,Credit card,82.41,1223.6,1,235.8,1
CUST-004662,Female,0,No,No,28,Yes,Yes,Fiber optic,No internet service,Yes,No,No internet service,Month-to-month,Yes,Electronic check,113.78,2809.04,2,349.2,1
CUST-004663,Female,0,No,No,72,Yes,No,DSL,No,No,Yes,No internet service,One year,Yes,Electronic check,66.45,4835.0,1,130.9,1
CUST-004664,Female,0,Yes,No,58,Yes,Yes,DSL,No,Yes,No,No,Month-to-month,No,Electronic check,97.67,5205.76,0,178.3,0
CUST-004665,Male,0,No,No,33,Yes,No,DSL,Yes,Yes,No,Yes,Month-to-month,Yes,Electronic check,31.88,1062.46,1,87.4,1
CUST-004666,Male,0,Yes,Yes,13,Yes,No,DSL,Yes,No,Yes,No internet service,One year,Yes,Mailed check,77.85,898.72,0,168.2,0
CUST-004667,Male,0,No,No,30,Yes,No,DSL,Yes,No internet service,Yes,Yes,Month-to-month,Yes,Bank transfer,94.01,2735.32,0,149.4,0
CUST-004668,Male,1,No,Yes,56,Yes,No,Fiber optic,Yes,Yes,Yes,No,Month-to-month,No,Electronic check,113.65,6052.89,0,119.1,0
CUST-004669,Female,0,Yes,Yes,48,Yes,Yes,Fiber optic,No internet service,No,Yes,Yes,Two year,Yes,Electronic check,27.77,1219.96,1,88.7,0
CUST-004670,Female,0,No,Yes,5,Yes,No,DSL,No,No,Yes,No internet service,Month-to-month,Yes,Mailed check,66.2,321.65,1,271.5,1
CUST-004671,Male,0,Yes,No,6,Yes,Yes,DSL,No,No,Yes,No,One year,No,Bank transfer,33.58,176.27,0,271.8,0
CUST-004672,Female,1,No,No,7,Yes,Yes,Fiber optic,No internet service,No internet service,No,No internet service,Two year,No,Electronic check,133.57,954.92,2,306.8,1
CUST-004673,Female,0,Yes,No,41,Yes,Yes,No,No,No,Yes,No internet service,One year,Yes,Bank transfer,58.28,2386.31,1,255.4,0
CUST-004674,Male,0,Yes,Yes,7,Yes,No,No,No internet service,No internet service,No internet service,No,Month-to-month,Yes,Mailed check,105.24,668.47,0,99.5,0
CUST-004675,Female,1,No,No,12,Yes,No,Fiber optic,No,No internet service,Yes,Yes,One year,Yes,Electronic check,58.49,678.02,1,124.0,0
CUST-004676,Male,0,No,Yes,25,Yes,Yes,Fiber optic,Yes,No internet service,No,No,Month-to-month,Yes,Credit card,106.72,2749.18,2,210.6,0
CUST-004677,Male,0,No,Yes,62,Yes,No,DSL,No,Yes,Yes,No internet service,Month-to-month,No,Credit card,70.24,4069.36,0,108.4,0
CUST-004678,Female,0,No,No,42,Yes,No,Fiber optic,No,No,No,Yes,One year,Yes,Electronic check,177.92,6894.85,3,314.3,1
CUST-004679,Female,0,No,Yes,23,Yes,Yes,No,No,No,No,Yes,Two year,No,Mailed check,105.34,2446.49,1,178.4,0
CUST-004680,Male,0,No,Yes,51,Yes,No,DSL,No,Yes,Yes,No,Month-to-month,Yes,Electronic check,103.42,4484.36,0,98.4,0
CUST-004681,Male,0,No,Yes,72,Yes,No,Fiber optic,No,No,Yes,No,Month-to-month,No,Mailed check,155.83,11077.29,1,238.4,0
CUST-004682,Female,0,Yes,No,30,Yes,No phone service,Fiber optic,No,No,No internet service,No,One year,Yes,Electronic check,103.51,2773.61,2,251.2,1
CUST-004683,Female,0,No,No,9,Yes,No,Fiber optic,No internet service,No,Yes,Yes,Month-to-month,No,Electronic check,92.01,818.9,1,220.1,1
CUST-004684,Male,1,Yes,No,13,Yes,No,DSL,No internet service,No,Yes,No,One year,No,Mailed check,63.59,775.12,0,256.0,0
CUST-004685,Male,0,No,Yes,13,Yes,Yes,Fiber optic,Yes,Yes,No,Yes,Month-to-month,No,Bank transfer,104.83,1163.95,4,214.6,1
CUST-004686,Female,0,No,No,15,Yes,Yes,No,No,Yes,Yes,No internet service,Month-to-month,No,Mailed check,18.0,276.71,0,324.1,1
CUST-004687,Female,0,No,No,22,Yes,No,DSL,Yes,No internet service,No,No,One year,No,Electronic check,70.07,1478.81,0,275.4,0
CUST-004688,Male,1,No,Yes,35,Yes,Yes,No,No,No internet service,No,No,Two year,No,Bank transfer,76.8,2453.51,0,121.5,0
CUST-004689,Male,0,No,Yes,8,Yes,No,Fiber optic,Yes,Yes,Yes,Yes,Month-to-month,Yes,Credit card,90.32,715.86,2,117.8,1
CUST-004690,Female,1,Yes,No,9,Yes,Yes,Fiber optic,No,Yes,Yes,No,Two year,Yes,Electronic check,49.07,419.21,0,169.2,1
CUST-004691,Female,1,No,No,44,Yes,No,No,No,Yes,Yes,No internet service,Month-to-month,No,Credit card,65.5,2470.03,1,178.7,1
CUST-004692,Female,1,Yes,No,19,Yes,No,Fiber optic,No internet service,No,Yes,Yes,Month-to-month,No,Electronic check,48.99,912.22,1,118.8,0
CUST-004693,Male,0,Yes,No,14,No,No,Fiber optic,No,Yes,No,No,Month-to-month,Yes,Mailed check,148.21,2166.08,0,91.0,0
CUST-004694,Male,0,Yes,No,24,Yes,Yes,No,No internet service,No,No,No,Month-to-month,Yes,Electronic check,62.28,1336.86,0,159.9,1
CUST-004695,Female,0,No,No,69,No,No phone service,DSL,Yes,No internet service,No internet service,Yes,One year,No,Bank transfer,18.0,1270.05,1,120.2,0
CUST-004696,Male,0,Yes,No,48,Yes,No,No,Yes,No,Yes,No internet service,Month-to-month,Yes,Credit card,63.8,2983.61,2,185.1,0
CUST-004697,Female,0,No,Yes,46,Yes,No,Fiber optic,Yes,No,No,No,Month-to-month,No,Bank transfer,121.86,4852.14,1,0.0,1
CUST-004698,Male,0,Yes,No,72,Yes,No,DSL,Yes,No,Yes,Yes,Month-to-month,Yes,Mailed check,75.28,5398.62,1,277.6,1
CUST-004699,Female,0,Yes,Yes,37,Yes,Yes,DSL,No,Yes,No,No,Two year,No,Mailed check,42.58,1478.4,1,150.0,0
CUST-004700,Female,0,Yes,Yes,72,Yes,Yes,DSL,No,No,Yes,Yes,Two year,No,Bank transfer,49.65,3606.25,1,208.3,0
CUST-004701,Female,0,Yes,No,72,No,No,Fiber optic,No,No,Yes,No,Month-to-month,No,Mailed check,86.39,6078.27,0,0.0,1
CUST-004702,Female,0,No,No,8,Yes,No phone service,No,No internet service,Yes,No,Yes,Month-to-month,Yes,Credit card,56.81,386.56,3,187.2,0
CUST-004703,Male,0,Yes,No,6,No,No,Fiber optic,No internet service,No,No internet service,No internet service,Two year,No,Electronic check,57.21,300.46,1,166.8,0
CUST-004704,Female,0,Yes,Yes,12,Yes,Yes,DSL,No,No,No,No internet service,Month-to-month,Yes,Electronic check,67.97,750.81,1,174.7,1
CUST-004705,Female,0,Yes,Yes,65,Yes,Yes,No,No,No internet service,Yes,No,Two year,Yes,Credit card,29.99,1844.68,0,197.1,0
CUST-004706,Male,1,No,Yes,24,Yes,No,DSL,Yes,Yes,Yes,No,One year,No,Bank transfer,98.47,2449.4,0,129.2,1
CUST-004707,Male,0,No,No,22,Yes,No,Fiber optic,No,Yes,No,No,Two year,Yes,Electronic check,127.13,2837.19,0,213.6,0
CUST-004708,Female,0,Yes,Yes,52,Yes,Yes,DSL,No internet service,Yes,No,No,Month-to-month,Yes,Mailed check,39.9,2096.45,0,0.0,0
CUST-004709,Female,1,No,Yes,18,Yes,No,DSL,No internet service,Yes,No internet service,No,Month-to-month,Yes,Credit card,48.5,836.27,2,204.4,1
CUST-004710,Male,0,Yes,No,33,Yes,No,Fiber optic,No internet service,No,No internet service,Yes,Month-to-month,No,Mailed check,82.31,2359.24,0,196.4,0
CUST-004711,Male,0,No,No,44,Yes,No,Fiber optic,No,Yes,Yes,No internet service,Month-to-month,No,Electronic check,94.05,4134.93,0,318.8,1
CUST-004712,Female,0,No,No,13,Yes,Yes,DSL,No internet service,Yes,No internet service,No,Month-to-month,Yes,Bank transfer,77.71,876.13,0,205.1,1
CUST-004713,Female,0,Yes,No,10,Yes,No phone service,DSL,Yes,No internet service,No,Yes,Two year,Yes,Electronic check,83.89,728.42,1,0.0,0
CUST-004714,Female,0,Yes,No,30,Yes,No,No,No,Yes,Yes,No,Month-to-month,Yes,Electronic check,83.19,2248.71,4,137.7,0
CUST-004715,Male,0,Yes,No,33,Yes,Yes,Fiber optic,No,No,Yes,No,Month-to-month,No,Electronic check,141.62,4834.62,0,138.6,1
CUST-004716,Male,0,Yes,Yes,49,Yes,No,Fiber optic,No,No,No,No,Month-to-month,Yes,Credit card,96.81,4743.66,2,171.0,0
CUST-004717,Male,0,Yes,Yes,11,Yes,No,Fiber optic,Yes,No,No,No internet service,Month-to-month,Yes,Bank transfer,55.93,532.33,1,149.2,1
CUST-004718,Female,0,Yes,No,16,Yes,No,No,No,No internet service,No internet service,Yes,Month-to-month,No,Mailed check,21.72,359.34,0,186.3,1
CUST-004719,Male,0,Yes,No,72,Yes,No,No,Yes,No,Yes,No,Month-to-month,Yes,Mailed check,119.07,8630.53,4,94.1,1
CUST-004720,Female,0,Yes,No,57,Yes,No,No,No,No,No,No,One year,No,Mailed check,85.29,4719.21,2,323.5,1
CUST-004721,Female,0,Yes,No,26,Yes,Yes,DSL,No,No,No,Yes,Two year,No,Electronic check,76.19,1734.18,0,169.2,0
CUST-004722,Male,0,Yes,No,64,Yes,Yes,Fiber optic,No,No,No,No internet service,Month-to-month,No,Mailed check,108.47,6345.25,0,375.8,1
CUST-004723,Male,0,Yes,No,12,Yes,No,DSL,No internet service,No internet service,No internet service,No,One year,Yes,Mailed check,74.81,817.03,2,58.6,0
CUST-004724,Male,1,No,No,24,Yes,Yes,Fiber optic,No internet service,No internet service,No,No,Month-to-month,Yes,Bank transfer,108.0,2534.9,1,142.0,1
CUST-004725,Female,0,Yes,Yes,32,Yes,No,Fiber optic,No internet service,No,Yes,Yes,Month-to-month,Yes,Electronic check,83.82,2595.34,2,246.5,1
CUST-004726,Female,0,Yes,No,22,Yes,No,Fiber optic,No,No internet service,No,No,Two year,Yes,Credit card,126.66,2522.97,2,46.2,0
CUST-004727,Female,0,No,No,22,Yes,No,Fiber optic,No,No,No,No,Two year,No,Mailed check,79.25,1590.54,2,289.0,0
CUST-004728,Female,0,Yes,Yes,47,Yes,No,Fiber optic,No,No,No internet service,No,Month-to-month,Yes,Electronic check,67.9,3043.57,2,193.2,1
CUST-004729,Female,0,Yes,Yes,58,Yes,No,No,No,No,No,No,Month-to-month,No,Bank transfer,19.27,1139.26,0,191.9,0
CUST-004730,Female,0,No,No,20,Yes,Yes,DSL,No,No,Yes,No,Month-to-month,Yes,Mailed check,62.87,1100.5,2,298.1,1
CUST-004731,Male,0,Yes,No,8,Yes,Yes,DSL,Yes,No,No,No internet service,Month-to-month,Yes,Electronic check,108.03,860.01,0,138.7,0
CUST-004732,Male,0,No,No,7,Yes,No,Fiber optic,No,No,No,Yes,One year,No,Credit card,81.28,596.91,1,129.1,0
CUST-004733,Female,1,No,No,3,Yes,No phone service,DSL,No,No internet service,No,No internet service,Month-to-month,Yes,Bank transfer,28.64,85.93,3,143.2,1
CUST-004734,Male,0,No,Yes,72,Yes,No,Fiber optic,Yes,No,No,No,Two year,Yes,Bank transfer,103.54,6995.35,0,152.0,0
CUST-004735,Male,0,No,No,48,Yes,Yes,Fiber optic,Yes,No,No internet service,Yes,One year,Yes,Credit card,75.47,3609.19,1,67.4,0
CUST-004736,Female,0,Yes,No,40,Yes,Yes,Fiber optic,No internet service,Yes,No internet service,No,Month-to-month,No,Mailed check,141.45,5783.17,1,214.5,0
CUST-004737,Female,1,Yes,No,18,Yes,No,Fiber optic,No internet service,No,Yes,No,Two year,Yes,Credit card,127.24,2298.76,1,148.2,1
CUST-004738,Female,0,Yes,No,18,Yes,Yes,No,Yes,No,Yes,No internet service,One year,Yes,Electronic check,31.87,489.12,1,162.6,0
CUST-004739,Male,0,Yes,Yes,59,No,Yes,No,No internet service,No internet service,No internet service,No,Month-to-month,No,Electronic check,64.78,3349.39,2,164.6,0
CUST-004740,Male,0,No,No,6,No,No,Fiber optic,No internet service,No internet service,Yes,Yes,Month-to-month,Yes,Electronic check,72.34,378.24,2,252.4,1
CUST-004741,Male,0,No,No,20,Yes,No,DSL,Yes,No,Yes,No,Two year,Yes,Electronic check,35.18,602.62,1,208.0,0
CUST-004742,Male,0,Yes,No,65,Yes,No,Fiber optic,Yes,No,No internet service,Yes,Two year,No,Bank transfer,93.32,6022.89,1,222.3,0
CUST-004743,Male,0,No,No,20,Yes,Yes,Fiber optic,No,No,No,No,Month-to-month,Yes,Electronic check,119.55,2160.15,2,164.9,1
CUST-004744,Male,0,Yes,No,46,Yes,Yes,DSL,No,No internet service,Yes,Yes,One year,Yes,Electronic check,67.55,3089.82,0,224.1,1
CUST-004745,Male,0,No,Yes,27,Yes,Yes,DSL,No,No,No,Yes,Two year,Yes,Electronic check,54.52,1447.22,3,357.2,0
CUST-004746,Female,0,Yes,Yes,1,Yes,No,DSL,No internet service,Yes,Yes,No,Two year,No,Bank transfer,18.0,17.19,3,286.0,0
CUST-004747,Female,0,No,No,26,Yes,No phone service,Fiber optic,Yes,No internet service,No,No,Month-to-month,Yes,Credit card,75.03,1681.36,1,95.4,0
CUST-004748,Female,0,No,No,30,No,No,DSL,Yes,No,No,No internet service,Month-to-month,Yes,Electronic check,86.55,2365.68,1,282.8,0
CUST-004749,Male,1,No,Yes,24,Yes,Yes,Fiber optic,No,No,No internet service,No,Two year,Yes,Electronic check,54.74,1123.86,2,221.5,0
CUST-004750,Male,0,No,No,10,Yes,Yes,Fiber optic,No,Yes,Yes,No,Month-to-month,Yes,Electronic check,133.48,1377.49,0,182.1,0
CUST-004751,Female,1,No,No,25,Yes,No,Fiber optic,No,Yes,Yes,No internet service,Month-to-month,Yes,Bank transfer,77.49,1766.26,0,253.2,1
CUST-004752,Female,0,No,Yes,4,Yes,Yes,Fiber optic,No internet service,No,No internet service,Yes,One year,Yes,Mailed check,100.81,350.42,1,240.0,0
CUST-004753,Male,0,No,Yes,20,Yes,No,Fiber optic,Yes,Yes,Yes,No internet service,Month-to-month,No,Credit card,83.03,1412.28,1,198.5,0
CUST-004754,Male,0,Yes,No,49,Yes,Yes,Fiber optic,No,No,No internet service,Yes,One year,No,Credit card,59.71,2844.78,0,147.9,0
CUST-004755,Male,0,No,No,72,Yes,No,DSL,No internet service,No,Yes,No internet service,Month-to-month,No,Electronic check,83.21,5836.43,2,113.0,0
CUST-004756,Male,0,No,No,72,Yes,No,Fiber optic,No internet service,No,No,No,One year,No,Electronic check,77.06,5820.08,0,255.0,0
CUST-004757,Female,0,Yes,No,11,Yes,Yes,Fiber optic,No,No,Yes,No internet service,Month-to-month,Yes,Electronic check,70.01,699.04,0,211.5,1
CUST-004758,Female,0,Yes,No,7,Yes,No,No,No,No internet service,Yes,No,Two year,Yes,Electronic check,18.0,108.27,1,156.4,0
CUST-004759,Female,0,Yes,Yes,32,No,No,No,Yes,No,No,No internet service,Month-to-month,Yes,Bank transfer,109.08,3511.09,0,178.3,0
CUST-004760,Male,0,Yes,No,29,Yes,No,Fiber optic,Yes,No,No internet service,No internet service,Month-to-month,Yes,Mailed check,95.18,2514.45,4,146.9,0
CUST-004761,Female,0,No,No,43,Yes,Yes,Fiber optic,Yes,No,Yes,Yes,Two year,No,Bank transfer,128.2,5050.15,1,88.5,0
CUST-004762,Male,0,No,No,16,Yes,No,Fiber optic,No,No,No internet service,No,One year,Yes,Mailed check,113.61,1875.03,0,291.0,0
CUST-004763,Male,0,Yes,No,29,Yes,Yes,No,No internet service,Yes,Yes,Yes,Month-to-month,No,Credit card,103.19,2888.08,3,192.3,0
CUST-004764,Female,1,No,No,28,Yes,No phone service,Fiber optic,Yes,No,Yes,No,Month-to-month,No,Bank transfer,78.08,2033.24,1,10.1,0
CUST-004765,Female,0,Yes,No,21,Yes,No,Fiber optic,No internet service,Yes,No internet service,No internet service,One year,No,Electronic check,53.83,1175.69,1,248.2,0
CUST-004766,Male,0,No,No,5,Yes,No,DSL,No,Yes,No,No,Two year,No,Credit card,92.88,419.38,1,207.7,0
CUST-004767,Female,1,No,No,48,Yes,Yes,DSL,Yes,No,Yes,No,Month-to-month,Yes,Bank transfer,73.91,3030.6,2,230.3,1
CUST-004768,Male,0,Yes,No,33,Yes,Yes,Fiber optic,Yes,No internet service,Yes,No internet service,Two year,No,Mailed check,81.01,2395.74,1,276.7,0
CUST-004769,Female,0,Yes,No,50,Yes,No,Fiber optic,No,No,No internet service,No,Month-to-month,Yes,Electronic check,117.28,5036.21,1,166.5,1
CUST-004770,Male,0,No,No,59,Yes,No,Fiber optic,Yes,No,Yes,Yes,One year,Yes,Bank transfer,104.24,5729.39,1,193.6,0
CUST-004771,Male,0,No,No,26,Yes,Yes,Fiber optic,No,Yes,No,No,Month-to-month,No,Bank transfer,114.17,3016.5,0,61.3,1
CUST-004772,Female,0,Yes,No,48,Yes,Yes,Fiber optic,Yes,No,No internet service,No internet service,Month-to-month,No,Mailed check,64.33,3226.81,1,132.9,0
CUST-004773,Male,0,No,Yes,72,Yes,Yes,No,No,Yes,No,No,Two year,No,Electronic check,99.33,7080.59,1,264.6,0
CUST-004774,Male,0,Yes,Yes,72,Yes,Yes,DSL,Yes,No internet service,No internet service,Yes,Month-to-month,Yes,Bank transfer,69.86,5207.17,2,176.8,1
CUST-004775,Male,0,No,No,36,Yes,Yes,DSL,No,No,Yes,No internet service,Two year,No,Electronic check,102.55,3439.54,1,146.3,0
CUST-004776,Male,1,No,Yes,38,Yes,No,DSL,No,No internet service,No,No internet service,Month-to-month,No,Mailed check,99.05,3427.11,5,204.4,1
CUST-004777,Female,0,Yes,No,35,Yes,No,DSL,No internet service,No,Yes,Yes,Month-to-month,Yes,Credit card,90.59,2792.82,2,99.1,0
CUST-004778,Male,0,No,Yes,42,Yes,No,Fiber optic,No,Yes,No,Yes,Two year,Yes,Credit card,91.67,3658.16,3,130.1,0
CUST-004779,Female,0,No,No,57,Yes,Yes,DSL,No,No internet service,No,Yes,One year,Yes,Electronic check,91.29,4763.09,1,251.4,0
CUST-004780,Female,0,Yes,No,35,No,Yes,Fiber optic,No internet service,No,No internet service,No internet service,Month-to-month,No,Mailed check,128.32,3914.22,1,26.2,1
CUST-004781,Female,0,No,No,72,Yes,Yes,Fiber optic,No internet service,No,Yes,No,One year,No,Credit card,113.2,8447.08,2,133.8,1
CUST-004782,Female,0,Yes,Yes,72,No,Yes,Fiber optic,No internet service,Yes,Yes,Yes,Month-to-month,Yes,Bank transfer,101.08,6366.02,2,189.8,1
CUST-004783,Male,0,Yes,No,30,Yes,Yes,DSL,Yes,No,No,Yes,Two year,No,Electronic check,91.36,2735.04,2,215.8,0
CUST-004784,Male,0,No,Yes,30,Yes,Yes,DSL,No,Yes,Yes,No,Month-to-month,Yes,Electronic check,54.23,1404.99,5,104.1,1
CUST-004785,Female,0,No,Yes,20,Yes,No,DSL,No,Yes,Yes,No internet service,Month-to-month,Yes,Electronic check,115.42,2205.49,2,224.8,0
CUST-004786,Male,0,Yes,Yes,44,Yes,No,DSL,No internet service,No,No internet service,No,Month-to-month,Yes,Credit card,19.55,847.05,1,183.9,0
CUST-004787,Male,0,No,No,22,Yes,Yes,No,No,No internet service,No internet service,No internet service,One year,Yes,Electronic check,71.03,1401.6,0,292.3,0
CUST-004788,Male,0,No,Yes,19,Yes,Yes,Fiber optic,Yes,No internet service,Yes,No,Two year,Yes,Electronic check,82.82,1361.37,1,238.4,0
CUST-004789,Female,0,No,Yes,43,Yes,Yes,Fiber optic,Yes,No,No internet service,No,Two year,Yes,Mailed check,75.77,3156.18,1,158.4,0
CUST-004790,Male,1,Yes,Yes,11,Yes,Yes,DSL,No,Yes,No,Yes,Month-to-month,No,Credit card,79.16,845.1,1,279.1,0
CUST-004791,Male,0,No,No,58,Yes,No phone service,DSL,No,No internet service,Yes,Yes,Month-to-month,Yes,Electronic check,36.24,1917.56,1,183.7,1
CUST-004792,Male,0,No,No,45,Yes,No phone service,Fiber optic,No,No,No,No,Month-to-month,Yes,Electronic check,159.56,6643.31,2,217.9,0
CUST-004793,Female,0,No,Yes,72,Yes,Yes,Fiber optic,No internet service,No,No,Yes,Two year,No,Credit card,54.44,3367.28,1,129.5,0
CUST-004794,Male,0,Yes,No,36,Yes,Yes,No,No internet service,Yes,Yes,No,Month-to-month,Yes,Electronic check,41.46,1357.04,1,96.7,0
CUST-004795,Male,0,No,No,50,Yes,Yes,Fiber optic,No,Yes,Yes,No,One year,Yes,Electronic check,63.63,3265.85,1,44.4,1
CUST-004796,Male,0,Yes,No,54,Yes,No,No,No,Yes,No,No,Month-to-month,Yes,Mailed check,75.95,3626.85,0,130.9,0
CUST-004797,Male,0,No,No,69,Yes,Yes,DSL,No,Yes,Yes,No,Two year,No,Electronic check,100.44,6539.32,1,180.2,0
CUST-004798,Male,1,Yes,No,33,Yes,No phone service,No,No internet service,No,No internet service,Yes,Month-to-month,Yes,Bank transfer,85.78,2789.32,2,126.2,0
CUST-004799,Male,0,No,No,19,Yes,No,Fiber optic,No,No,No,No,Month-to-month,No,Credit card,139.17,2672.2,5,202.9,1
CUST-004800,Male,0,No,No,37,Yes,Yes,DSL,No,Yes,No,No,Two year,No,Credit card,45.18,1448.1,1,163.8,0
CUST-004801,Male,0,No,Yes,58,Yes,No,Fiber optic,Yes,Yes,No,Yes,Two year,Yes,Credit card,114.76,6445.62,1,180.3,0
CUST-004802,Male,0,Yes,No,63,Yes,No,Fiber optic,No,No,No,No,One year,Yes,Credit card,85.89,5278.51,2,287.8,0
CUST-004803,Male,0,No,No,5,Yes,Yes,Fiber optic,No,No,No internet service,Yes,One year,No,Credit card,101.84,452.93,1,311.5,0
CUST-004804,Female,0,Yes,No,72,Yes,Yes,Fiber optic,No internet service,No,No,Yes,One year,Yes,Electronic check,128.26,7906.51,0,47.8,0
CUST-004805,Female,1,Yes,Yes,19,Yes,No phone service,Fiber optic,No,No,Yes,Yes,Month-to-month,Yes,Bank transfer,44.23,856.27,2,79.1,0
CUST-004806,Male,0,No,No,50,Yes,No phone service,DSL,No,No,No,No,Month-to-month,Yes,Mailed check,129.73,6084.44,0,195.1,0
CUST-004807,Male,0,No,No,72,Yes,No,Fiber optic,No,No,Yes,No,One year,No,Mailed check,90.64,5626.66,2,145.2,0
CUST-004808,Female,0,No,No,28,Yes,Yes,Fiber optic,No,Yes,No internet service,No,One year,Yes,Electronic check,46.8,1265.36,3,46.9,0
CUST-004809,Female,0,Yes,Yes,65,Yes,Yes,Fiber optic,No,No internet service,No,Yes,Month-to-month,No,Bank transfer,74.21,4464.0,1,214.8,0
CUST-004810,Male,0,No,Yes,5,No,No,DSL,No,No internet service,Yes,Yes,Month-to-month,Yes,Mailed check,73.07,316.4,1,80.9,0
CUST-004811,Male,0,Yes,No,67,Yes,Yes,Fiber optic,No,No,Yes,Yes,One year,Yes,Electronic check,74.21,4511.63,3,239.6,1
CUST-004812,Female,0,Yes,No,61,Yes,Yes,DSL,No internet service,No,Yes,Yes,Month-to-month,Yes,Mailed check,18.0,1005.07,2,267.0,1
CUST-004813,Male,0,No,No,40,Yes,Yes,Fiber optic,No,No,No,No internet service,One year,No,Credit card,97.9,3779.02,1,282.2,0
CUST-004814,Female,0,No,No,58,Yes,No,DSL,Yes,No internet service,Yes,Yes,One year,No,Bank transfer,48.35,2609.73,2,115.6,0
CUST-004815,Female,0,Yes,No,72,Yes,No,DSL,No,Yes,No internet service,Yes,Month-to-month,No,Electronic check,89.53,5617.44,1,182.4,0
CUST-004816,Male,1,Yes,Yes,72,Yes,No phone service,DSL,No internet service,Yes,No,Yes,Month-to-month,Yes,Credit card,37.95,2669.62,1,279.7,0
CUST-004817,Female,1,Yes,Yes,29,No,Yes,DSL,Yes,No,No,No,Month-to-month,Yes,Electronic check,137.85,3980.58,0,0.0,0
CUST-004818,Female,0,Yes,No,36,Yes,No phone service,No,No,Yes,Yes,Yes,Month-to-month,No,Electronic check,85.41,2925.47,2,78.9,1
CUST-004819,Male,0,No,No,25,Yes,Yes,Fiber optic,Yes,No internet service,No,Yes,One year,Yes,Electronic check,100.9,2176.17,4,228.1,0
CUST-004820,Female,1,Yes,No,23,Yes,No,Fiber optic,No,No internet service,No,No,One year,No,Bank transfer,113.69,2276.7,1,316.9,1
CUST-004821,Female,1,Yes,Yes,54,Yes,No,No,Yes,No internet service,No,No,Two year,No,Credit card,18.0,1009.84,1,0.0,0
CUST-004822,Female,0,Yes,No,25,Yes,Yes,No,No,Yes,No,No,Month-to-month,No,Electronic check,55.09,1222.85,1,75.9,1
CUST-004823,Female,0,No,No,54,No,No,DSL,No,Yes,Yes,No internet service,One year,Yes,Bank transfer,123.49,6078.32,1,149.0,0
CUST-004824,Male,0,Yes,Yes,28,Yes,No,Fiber optic,No,No internet service,No,No,Month-to-month,Yes,Bank transfer,85.4,2361.21,2,190.2,1
CUST-004825,Male,0,Yes,No,31,Yes,No,Fiber optic,No,No,No,Yes,Two year,Yes,Bank transfer,93.12,2910.72,0,350.5,0
CUST-004826,Male,0,No,Yes,15,Yes,No,No,Yes,No,No,Yes,Month-to-month,No,Credit card,56.01,867.13,1,268.8,1
CUST-004827,Male,0,No,Yes,53,Yes,No,DSL,No,No,No internet service,No,One year,Yes,Mailed check,113.94,5610.05,1,221.1,1
CUST-004828,Female,0,Yes,No,5,Yes,Yes,Fiber optic,Yes,No internet service,Yes,Yes,Month-to-month,Yes,Mailed check,87.66,459.54,3,52.7,1
CUST-004829,Male,0,No,No,69,Yes,Yes,Fiber optic,No,No,No,No internet service,Month-to-month,No,Electronic check,57.44,3451.5,2,180.5,1
CUST-004830,Male,0,No,No,72,Yes,Yes,DSL,Yes,No,No internet service,No,Two year,No,Mailed check,147.36,10772.65,0,254.2,0
CUST-004831,Female,0,No,No,32,Yes,No,DSL,No,No,No,Yes,Month-to-month,Yes,Electronic check,28.75,832.05,2,79.4,1
CUST-004832,Male,0,Yes,No,31,Yes,No phone service,No,No,No,No,Yes,Month-to-month,No,Bank transfer,67.08,2157.25,3,143.3,0
CUST-004833,Male,0,Yes,No,7,Yes,No,Fiber optic,Yes,No,Yes,Yes,One year,No,Bank transfer,69.75,499.86,1,167.0,0
CUST-004834,Male,0,Yes,No,20,Yes,No,Fiber optic,No internet service,No,Yes,Yes,Month-to-month,Yes,Mailed check,73.95,1482.67,0,119.1,1
CUST-004835,Male,0,No,No,59,Yes,Yes,Fiber optic,Yes,No internet service,No,No,Month-to-month,Yes,Mailed check,63.21,3620.02,1,244.2,0
CUST-004836,Female,1,Yes,Yes,65,Yes,No,DSL,Yes,No,No,Yes,Month-to-month,No,Bank transfer,53.8,3122.45,2,258.4,0
CUST-004837,Female,1,Yes,Yes,35,Yes,Yes,Fiber optic,Yes,No internet service,No,No internet service,Month-to-month,No,Mailed check,124.52,4107.14,0,105.1,1
CUST-004838,Male,0,Yes,No,56,Yes,No,Fiber optic,Yes,No,No,Yes,Two year,No,Electronic check,37.94,1820.75,0,84.9,0
CUST-004839,Female,1,Yes,No,15,Yes,No phone service,Fiber optic,No internet service,No,Yes,No,One year,Yes,Credit card,132.82,1976.19,1,173.5,1
CUST-004840,Male,0,Yes,No,42,Yes,No,Fiber optic,No,No internet service,No,No,Month-to-month,No,Credit card,127.65,4681.43,2,211.3,1
CUST-004841,Male,0,Yes,Yes,72,Yes,No,No,Yes,Yes,No,No,Month-to-month,No,Mailed check,85.27,5535.79,0,350.3,0
CUST-004842,Male,0,No,No,48,Yes,No,Fiber optic,No,No,Yes,Yes,Two year,Yes,Electronic check,98.79,4262.82,0,181.8,0
CUST-004843,Male,1,No,Yes,72,Yes,Yes,DSL,No,Yes,No internet service,No internet service,Two year,Yes,Mailed check,78.3,5680.33,1,146.9,0
CUST-004844,Male,0,No,Yes,72,Yes,Yes,DSL,No internet service,No,No,No internet service,Month-to-month,Yes,Credit card,112.7,7547.6,1,109.6,1
CUST-004845,Female,1,Yes,No,44,Yes,No,Fiber optic,No,No,Yes,No,One year,Yes,Credit card,42.63,1794.74,0,195.7,0
CUST-004846,Male,0,Yes,No,0,Yes,No,DSL,Yes,No,No,No,Month-to-month,No,Bank transfer,91.82,0.0,2,156.0,1
CUST-004847,Female,1,Yes,Yes,64,No,No,No,Yes,No,No internet service,Yes,Month-to-month,Yes,Mailed check,47.61,2793.87,1,250.2,1
CUST-004848,Female,0,No,No,10,No,No phone service,DSL,No internet service,No internet service,Yes,No,Two year,No,Electronic check,94.77,902.59,2,199.1,0
CUST-004849,Male,0,Yes,No,1,Yes,Yes,DSL,No,Yes,No internet service,No,Two year,Yes,Electronic check,51.59,45.86,2,171.4,0
CUST-004850,Male,1,No,No,4,No,No,No,Yes,No,No,No,Month-to-month,Yes,Mailed check,91.21,360.43,1,95.9,1
CUST-004851,Male,0,No,No,67,No,No,No,No,No,Yes,No internet service,Two year,Yes,Electronic check,23.55,1482.66,1,219.2,0
CUST-004852,Male,0,Yes,No,44,Yes,No,No,Yes,No internet service,No,No,One year,Yes,Credit card,19.22,885.33,0,166.2,0
CUST-004853,Female,0,Yes,No,36,Yes,Yes,Fiber optic,No,Yes,No,No,One year,Yes,Electronic check,91.61,2965.81,3,241.9,0
CUST-004854,Male,1,No,Yes,47,Yes,No,DSL,Yes,Yes,No internet service,No,One year,No,Mailed check,113.07,4937.92,2,50.8,0
CUST-004855,Female,0,No,No,4,Yes,Yes,DSL,No internet service,Yes,No internet service,Yes,Month-to-month,Yes,Bank transfer,86.09,356.38,1,207.3,1
CUST-004856,Male,0,No,Yes,25,Yes,Yes,Fiber optic,No,Yes,No,No internet service,Two year,Yes,Electronic check,110.87,2847.23,4,248.6,0
CUST-004857,Male,0,Yes,Yes,17,Yes,No,Fiber optic,Yes,No,No,No,Month-to-month,Yes,Credit card,120.81,1944.51,1,184.3,1
CUST-004858,Male,0,Yes,No,34,Yes,Yes,No,No internet service,No,Yes,No,Month-to-month,No,Electronic check,58.09,1727.64,0,255.3,0
CUST-004859,Female,0,No,No,35,Yes,No,Fiber optic,No,No,No,Yes,Month-to-month,No,Bank transfer,113.32,3695.61,3,217.3,1
CUST-004860,Male,0,Yes,No,45,Yes,Yes,No,No,No internet service,No internet service,No internet service,Two year,Yes,Mailed check,52.61,2290.42,2,124.6,0
CUST-004861,Female,1,No,No,51,Yes,Yes,No,No internet service,No,No internet service,No,Month-to-month,Yes,Electronic check,60.58,2783.21,1,76.2,1
CUST-004862,Female,0,Yes,No,5,Yes,No phone service,Fiber optic,Yes,No,Yes,Yes,Month-to-month,No,Electronic check,89.3,396.61,1,268.5,0
CUST-004863,Female,1,Yes,Yes,26,Yes,Yes,Fiber optic,No,Yes,No,Yes,One year,Yes,Electronic check,78.63,1955.12,2,128.8,0
CUST-004864,Female,0,Yes,Yes,30,Yes,No,No,Yes,No internet service,No internet service,Yes,Month-to-month,Yes,Electronic check,68.02,1806.31,3,168.8,0
CUST-004865,Male,0,No,Yes,9,Yes,No,Fiber optic,No internet service,No,No,No internet service,Month-to-month,Yes,Bank transfer,87.36,805.85,4,132.2,1
CUST-004866,Male,1,Yes,No,8,Yes,Yes,DSL,No,No internet service,Yes,No internet service,Month-to-month,Yes,Electronic check,48.77,337.43,0,275.3,1
CUST-004867,Male,0,Yes,No,7,Yes,Yes,Fiber optic,No,No,Yes,No,One year,No,Credit card,90.78,665.65,1,0.0,1
CUST-004868,Male,0,Yes,No,56,Yes,No,Fiber optic,No,No,No internet service,No,Month-to-month,Yes,Electronic check,99.66,5344.16,0,260.1,1
CUST-004869,Female,1,No,No,6,Yes,No phone service,Fiber optic,No internet service,No,No,No,Month-to-month,Yes,Credit card,62.0,389.4,2,131.7,1
CUST-004870,Male,0,No,No,7,Yes,No,Fiber optic,No,No internet service,No internet service,Yes,Month-to-month,No,Credit card,107.52,752.89,2,369.7,1
CUST-004871,Male,0,No,No,33,Yes,No,No,Yes,Yes,Yes,Yes,Two year,No,Mailed check,55.19,1603.76,1,262.4,0
CUST-004872,Male,0,No,Yes,41,Yes,No,Fiber optic,No,No internet service,No,Yes,One year,Yes,Bank transfer,100.95,3706.24,1,107.5,0
CUST-004873,Male,0,Yes,Yes,30,Yes,Yes,Fiber optic,Yes,Yes,No internet service,Yes,Month-to-month,No,Mailed check,75.04,1961.7,0,320.6,0
CUST-004874,Female,0,No,Yes,11,Yes,Yes,DSL,No,Yes,No,No internet service,Two year,No,Electronic check,101.51,1111.99,1,122.6,0
CUST-004875,Female,0,Yes,Yes,9,Yes,No,No,No,Yes,No,Yes,Two year,Yes,Credit card,98.68,784.89,1,232.9,0
CUST-004876,Male,0,No,Yes,32,No,No,Fiber optic,No,No,Yes,Yes,One year,Yes,Credit card,63.52,2018.19,0,220.6,0
CUST-004877,Female,0,Yes,Yes,27,Yes,Yes,DSL,No,No,Yes,No internet service,Month-to-month,Yes,Electronic check,85.75,2365.95,3,376.9,1
CUST-004878,Female,0,No,No,22,Yes,Yes,Fiber optic,No,No internet service,Yes,Yes,Month-to-month,No,Electronic check,138.39,2838.55,0,94.8,0
CUST-004879,Male,0,No,No,54,Yes,No,No,Yes,No,Yes,Yes,One year,No,Bank transfer,41.55,2204.03,0,0.0,1
CUST-004880,Female,0,Yes,Yes,26,Yes,No,DSL,No,No,No,No,Month-to-month,Yes,Electronic check,43.93,1175.38,4,74.6,1
CUST-004881,Male,1,Yes,Yes,8,Yes,No phone service,No,No,No,No internet service,Yes,Month-to-month,No,Bank transfer,92.05,736.87,1,181.1,0
CUST-004882,Male,1,Yes,Yes,22,Yes,No,DSL,No,No,No internet service,No,Month-to-month,Yes,Electronic check,30.78,593.38,1,84.8,1
CUST-004883,Female,0,Yes,No,45,Yes,No,No,No,No,Yes,Yes,Month-to-month,No,Mailed check,46.67,1908.18,0,54.1,1
CUST-004884,Male,0,No,No,25,Yes,No,Fiber optic,Yes,Yes,Yes,No internet service,One year,Yes,Electronic check,64.56,1544.8,0,150.0,0
CUST-004885,Female,0,No,No,44,Yes,No phone service,DSL,No,No,Yes,Yes,Month-to-month,No,Mailed check,92.42,3671.62,1,264.2,0
CUST-004886,Female,1,Yes,No,51,Yes,No,DSL,Yes,No,Yes,Yes,One year,No,Mailed check,49.23,2388.03,2,0.0,0
CUST-004887,Male,0,Yes,Yes,26,Yes,Yes,Fiber optic,No,No internet service,No,No,Two year,Yes,Bank transfer,86.46,2339.2,2,195.5,0
CUST-004888,Male,0,No,No,30,Yes,No,No,No,No,No,Yes,Month-to-month,Yes,Mailed check,47.55,1341.82,1,195.1,1
CUST-004889,Male,0,Yes,Yes,23,Yes,Yes,DSL,No internet service,Yes,No internet service,No,Month-to-month,No,Credit card,104.46,2167.83,3,251.5,1
CUST-004890,Male,0,No,No,45,Yes,No,No,No,No,Yes,Yes,Month-to-month,Yes,Electronic check,44.22,1749.69,0,85.5,0
CUST-004891,Male,1,Yes,No,23,Yes,No phone service,Fiber optic,No,No,No,No internet service,Month-to-month,Yes,Mailed check,52.77,1250.44,1,335.2,1
CUST-004892,Female,0,No,No,42,Yes,Yes,No,Yes,No,No internet service,No,Two year,Yes,Credit card,26.6,1000.82,1,196.5,0
CUST-004893,Female,0,No,No,35,No,Yes,Fiber optic,No,No,Yes,No,One year,Yes,Electronic check,115.81,3602.3,4,217.5,1
CUST-004894,Female,0,Yes,No,4,Yes,No,No,Yes,No,No internet service,No,Two year,No,Bank transfer,92.98,357.11,0,132.7,0
CUST-004895,Female,1,No,No,44,Yes,No,Fiber optic,No,No,No,Yes,Two year,Yes,Electronic check,132.46,5492.06,2,281.5,0
CUST-004896,Female,0,Yes,No,33,Yes,No,DSL,Yes,No,Yes,No,Month-to-month,No,Mailed check,32.17,984.28,1,401.6,0
CUST-004897,Female,0,Yes,Yes,71,Yes,No,Fiber optic,Yes,Yes,No,No,One year,Yes,Credit card,88.06,6038.25,3,151.1,0
CUST-004898,Female,1,No,No,10,Yes,No,DSL,No,No,Yes,No,Month-to-month,Yes,Electronic check,142.82,1376.61,1,203.6,1
CUST-004899,Female,1,No,Yes,36,No,No,Fiber optic,No,No,No,Yes,Month-to-month,No,Electronic check,85.93,2671.79,1,234.9,1
CUST-004900,Female,0,No,No,20,Yes,No,No,No,No internet service,No,Yes,Month-to-month,Yes,Electronic check,53.1,990.79,0,307.7,0
CUST-004901,Male,0,No,No,5,Yes,Yes,No,Yes,No,Yes,No,Month-to-month,Yes,Mailed check,69.37,344.84,1,271.4,1
CUST-004902,Female,1,Yes,No,3,Yes,Yes,Fiber optic,No,No,No,Yes,One year,No,Bank transfer,110.9,308.19,1,226.6,1
CUST-004903,Male,1,No,No,72,Yes,No,No,No,Yes,No internet service,No internet service,One year,Yes,Mailed check,85.4,6453.13,0,233.2,0
CUST-004904,Male,0,Yes,No,36,Yes,No,DSL,No internet service,No,No internet service,No,Month-to-month,No,Credit card,51.57,1665.35,1,260.2,0
CUST-004905,Male,0,Yes,No,25,Yes,Yes,Fiber optic,Yes,No,No,Yes,Month-to-month,Yes,Credit card,77.45,1838.0,2,272.3,0
CUST-004906,Female,0,Yes,No,6,Yes,Yes,Fiber optic,No,No internet service,Yes,Yes,One year,Yes,Credit card,86.11,508.78,1,275.3,0
CUST-004907,Male,0,No,No,72,Yes,No,Fiber optic,No,No,Yes,Yes,One year,No,Credit card,73.1,5050.24,2,130.5,1
CUST-004908,Male,0,Yes,Yes,16,Yes,No,Fiber optic,No internet service,Yes,No,Yes,One year,Yes,Credit card,57.96,795.46,3,432.0,0
CUST-004909,Male,0,Yes,No,37,Yes,Yes,DSL,No internet service,No,Yes,No,Month-to-month,No,Mailed check,124.24,4379.55,1,209.2,1
CUST-004910,Female,0,No,No,32,Yes,Yes,DSL,No,No,No internet service,No internet service,Month-to-month,Yes,Credit card,57.79,1929.4,1,230.5,0
CUST-004911,Male,0,No,Yes,72,Yes,No,Fiber optic,No,No internet service,No,Yes,One year,Yes,Electronic check,84.49,5665.74,0,268.8,0
CUST-004912,Female,1,No,No,29,Yes,Yes,No,No,Yes,Yes,Yes,One year,Yes,Credit card,60.43,1530.25,1,233.4,0
CUST-004913,Female,0,No,Yes,19,Yes,No,Fiber optic,No internet service,No,No internet service,Yes,Month-to-month,Yes,Credit card,92.58,1502.72,3,265.7,1
CUST-004914,Male,0,Yes,No,36,Yes,No,No,No,No internet service,No,Yes,Month-to-month,Yes,Bank transfer,83.04,2787.61,3,126.4,0
CUST-004915,Female,1,Yes,No,39,Yes,No phone service,No,Yes,No,No internet service,Yes,Month-to-month,Yes,Bank transfer,56.04,1938.87,2,187.0,0
CUST-004916,Female,0,No,No,72,Yes,No,DSL,Yes,No,No,No,One year,Yes,Credit card,104.18,7628.07,1,182.7,0
CUST-004917,Female,0,No,No,29,Yes,No,DSL,No internet service,No,No internet service,No,Month-to-month,No,Credit card,87.93,2653.26,2,267.5,1
CUST-004918,Male,0,No,No,9,Yes,No,Fiber optic,No,Yes,No internet service,Yes,One year,Yes,Bank transfer,89.27,834.07,3,190.5,1
CUST-004919,Female,0,No,No,22,Yes,No phone service,No,No,No,No internet service,Yes,Two year,Yes,Credit card,50.01,1017.66,0,201.4,0
CUST-004920,Male,0,Yes,No,36,No,Yes,DSL,No internet service,No,No internet service,Yes,Month-to-month,Yes,Mailed check,102.55,3473.73,1,205.4,1
CUST-004921,Female,1,Yes,No,41,Yes,Yes,No,Yes,Yes,No,No internet service,Month-to-month,Yes,Credit card,65.14,2438.38,0,305.7,0
CUST-004922,Female,1,No,Yes,6,Yes,Yes,Fiber optic,Yes,No internet service,No internet service,No,Month-to-month,No,Bank transfer,57.72,303.3,1,0.0,1
CUST-004923,Male,0,No,Yes,20,Yes,No phone service,DSL,No internet service,No internet service,Yes,Yes,Month-to-month,Yes,Credit card,100.63,1935.77,1,219.9,1
CUST-004924,Male,0,Yes,No,72,Yes,No,Fiber optic,No,No,Yes,Yes,Two year,Yes,Electronic check,73.21,4676.76,3,147.7,0
CUST-004925,Male,0,No,Yes,13,Yes,Yes,DSL,No,No,No,Yes,Two year,Yes,Mailed check,96.06,1076.24,2,20.5,0
CUST-004926,Female,1,No,No,55,Yes,Yes,DSL,No,No,Yes,No,Month-to-month,Yes,Mailed check,18.0,1009.69,0,84.7,0
CUST-004927,Female,0,Yes,No,22,Yes,No,Fiber optic,Yes,No internet service,Yes,No internet service,Two year,Yes,Bank transfer,83.94,1864.6,0,83.5,0
CUST-004928,Male,0,Yes,No,30,Yes,Yes,Fiber optic,Yes,No internet service,No,Yes,Month-to-month,Yes,Mailed check,129.8,4031.26,1,142.9,1
CUST-004929,Female,0,Yes,Yes,7,Yes,No,Fiber optic,Yes,No,Yes,No internet service,One year,No,Electronic check,95.15,609.78,3,105.6,0
CUST-004930,Female,1,Yes,No,24,Yes,Yes,Fiber optic,Yes,No,Yes,No internet service,One year,Yes,Mailed check,112.94,2776.1,3,185.4,1
CUST-004931,Male,0,No,No,36,Yes,No,Fiber optic,No internet service,Yes,Yes,No,Month-to-month,No,Credit card,67.94,2273.94,0,250.9,0
CUST-004932,Male,0,No,No,29,Yes,Yes,Fiber optic,No internet service,No,No,No,Month-to-month,No,Bank transfer,105.43,2643.38,1,195.1,1
CUST-004933,Female,0,Yes,Yes,26,Yes,No,Fiber optic,No,Yes,No,No internet service,One year,Yes,Bank transfer,95.11,2328.43,1,118.1,0
CUST-004934,Female,0,No,Yes,45,Yes,Yes,DSL,Yes,No internet service,Yes,No,Month-to-month,Yes,Electronic check,77.3,3341.99,3,198.1,0
CUST-004935,Male,0,Yes,Yes,9,Yes,No,DSL,No,No,No,No,Two year,No,Mailed check,131.18,1105.54,2,236.1,0
CUST-004936,Female,0,No,No,37,Yes,No,Fiber optic,Yes,Yes,Yes,No,Month-to-month,Yes,Credit card,134.14,4998.27,1,286.6,0
CUST-004937,Male,0,No,No,3,Yes,No,Fiber optic,Yes,No,No,No,Month-to-month,Yes,Credit card,118.76,327.91,1,106.1,1
CUST-004938,Female,0,No,No,66,Yes,No,DSL,Yes,No,Yes,Yes,Two year,Yes,Credit card,94.14,6425.71,0,333.8,0
CUST-004939,Female,0,Yes,Yes,26,Yes,No,Fiber optic,No,No internet service,Yes,No internet service,Month-to-month,No,Credit card,67.73,1522.85,1,195.2,1
CUST-004940,Female,0,No,Yes,53,Yes,No,Fiber optic,No,No,Yes,No internet service,Month-to-month,No,Electronic check,80.86,4260.38,0,192.9,1
CUST-004941,Female,0,No,No,1,Yes,Yes,DSL,No,Yes,No internet service,Yes,Month-to-month,No,Mailed check,24.02,24.88,1,116.8,1
CUST-004942,Male,0,No,Yes,47,Yes,No,No,No,No,No,Yes,Month-to-month,Yes,Bank transfer,31.91,1440.84,0,61.0,0
CUST-004943,Male,0,No,Yes,15,Yes,Yes,Fiber optic,No,No internet service,No,No,Month-to-month,Yes,Electronic check,68.4,1052.47,0,53.3,1
CUST-004944,Female,0,No,No,30,Yes,No,No,Yes,No,Yes,No internet service,Month-to-month,No,Bank transfer,69.13,2049.66,2,341.1,1
CUST-004945,Male,0,Yes,Yes,48,Yes,Yes,Fiber optic,No internet service,No internet service,Yes,No,Month-to-month,No,Bank transfer,58.25,2384.71,0,309.1,0
CUST-004946,Female,0,Yes,No,28,Yes,Yes,Fiber optic,No,No,No,No,Month-to-month,No,Mailed check,93.82,2585.72,2,236.3,1
CUST-004947,Female,0,Yes,No,44,Yes,No,Fiber optic,Yes,No,No,No,Two year,Yes,Credit card,90.38,3902.37,2,80.7,0
CUST-004948,Female,0,No,No,23,Yes,No phone service,DSL,No,No internet service,No,Yes,Two year,No,Bank transfer,35.97,703.28,3,170.7,0
CUST-004949,Female,0,No,Yes,70,Yes,No,DSL,No,No,No internet service,Yes,Month-to-month,Yes,Electronic check,115.77,7551.32,1,47.0,0
CUST-004950,Male,1,No,No,26,Yes,No,DSL,No,No internet service,No internet service,No internet service,Two year,Yes,Electronic check,30.26,674.95,2,125.5,1
CUST-004951,Male,0,Yes,Yes,27,Yes,No,No,No,No internet service,Yes,Yes,Two year,Yes,Credit card,103.52,2539.57,1,37.8,0
CUST-004952,Male,0,No,No,27,Yes,No,DSL,Yes,No,Yes,No,Two year,Yes,Electronic check,18.0,509.0,0,143.6,0
CUST-004953,Male,0,Yes,No,30,Yes,No,Fiber optic,No,No,No internet service,No internet service,One year,Yes,Electronic check,90.73,2825.58,2,148.2,1
CUST-004954,Male,0,Yes,No,9,Yes,No,DSL,No,No,No internet service,Yes,Month-to-month,Yes,Mailed check,34.07,302.65,2,121.8,0
CUST-004955,Female,0,No,Yes,13,Yes,No phone service,Fiber optic,No,No,Yes,No,Month-to-month,Yes,Bank transfer,75.37,904.68,4,96.7,1
CUST-004956,Female,0,No,Yes,58,No,No,DSL,No,No,No internet service,Yes,Two year,Yes,Mailed check,124.3,6699.88,0,165.7,0
CUST-004957,Male,1,Yes,No,53,Yes,Yes,No,Yes,No internet service,No,Yes,Month-to-month,No,Bank transfer,59.59,2708.71,1,227.7,0
CUST-004958,Female,0,No,No,50,Yes,Yes,DSL,Yes,No,No,No,Two year,No,Mailed check,36.86,1691.4,0,295.2,0
CUST-004959,Female,0,No,Yes,41,Yes,No,Fiber optic,No,No,No,No internet service,One year,No,Credit card,109.63,4525.7,2,117.1,0
CUST-004960,Male,0,Yes,Yes,19,Yes,No,DSL,Yes,Yes,Yes,Yes,Month-to-month,Yes,Bank transfer,59.33,1075.23,2,233.2,1
CUST-004961,Male,0,No,No,18,Yes,Yes,Fiber optic,No,No,No,No internet service,Month-to-month,No,Mailed check,99.52,1693.46,1,231.6,1
CUST-004962,Female,0,Yes,No,29,Yes,No,Fiber optic,No internet service,No,No,Yes,Two year,Yes,Credit card,67.57,1701.21,1,211.8,0
CUST-004963,Male,0,No,No,64,Yes,No,DSL,No internet service,No,No,No internet service,Month-to-month,Yes,Electronic check,44.04,2914.06,0,258.9,0
CUST-004964,Male,0,No,Yes,34,Yes,Yes,Fiber optic,No internet service,No,Yes,No internet service,One year,Yes,Credit card,71.37,2199.96,2,193.3,1
CUST-004965,Female,1,Yes,No,12,Yes,Yes,Fiber optic,No internet service,No internet service,No,Yes,Two year,Yes,Electronic check,118.95,1322.63,0,177.4,0
CUST-004966,Male,0,Yes,No,7,Yes,No,DSL,No,No,Yes,Yes,Month-to-month,No,Electronic check,63.2,405.27,1,232.9,1
CUST-004967,Male,0,Yes,Yes,54,Yes,Yes,Fiber optic,Yes,No internet service,No,Yes,Month-to-month,Yes,Electronic check,63.55,3142.68,0,350.0,1
CUST-004968,Male,0,No,Yes,72,No,No,Fiber optic,Yes,No,No internet service,No internet service,Month-to-month,No,Bank transfer,99.85,6972.87,1,41.6,0
CUST-004969,Female,1,No,No,5,Yes,No,No,Yes,No internet service,No,Yes,Two year,No,Electronic check,72.38,353.02,1,195.0,0
CUST-004970,Male,0,No,Yes,55,Yes,Yes,Fiber optic,Yes,No,No,No,Month-to-month,Yes,Electronic check,112.21,5984.53,2,140.3,1
CUST-004971,Male,0,Yes,Yes,40,Yes,No phone service,Fiber optic,No,No,No,No,Month-to-month,Yes,Electronic check,80.55,2782.7,2,82.5,1
CUST-004972,Male,1,No,Yes,15,Yes,No,No,No,No,No,No,Month-to-month,No,Electronic check,67.67,1059.66,1,227.1,0
CUST-004973,Male,0,No,No,35,Yes,No phone service,Fiber optic,No internet service,No,No internet service,No,Month-to-month,No,Electronic check,107.65,3740.63,4,150.4,1
CUST-004974,Female,0,Yes,No,10,Yes,No phone service,No,No,Yes,No internet service,Yes,Month-to-month,Yes,Mailed check,39.72,407.74,0,136.2,1
CUST-004975,Female,0,Yes,No,25,No,No,DSL,No internet service,No,No,No internet service,Month-to-month,Yes,Electronic check,96.59,2129.58,1,209.1,1
CUST-004976,Female,0,Yes,No,30,Yes,Yes,DSL,No internet service,No,No,Yes,Two year,Yes,Credit card,70.49,2191.82,1,250.7,0
CUST-004977,Male,0,Yes,Yes,69,Yes,No,Fiber optic,No,No internet service,Yes,No internet service,Month-to-month,No,Electronic check,61.97,4251.69,2,81.5,0
CUST-004978,Female,0,Yes,No,24,Yes,Yes,Fiber optic,Yes,No,Yes,No,Two year,Yes,Electronic check,61.75,1408.05,1,198.6,0
CUST-004979,Female,1,Yes,No,16,Yes,No,No,No,No,Yes,No internet service,Two year,Yes,Electronic check,67.02,916.41,0,306.5,0
CUST-004980,Male,0,No,Yes,38,Yes,No,Fiber optic,No,Yes,Yes,No internet service,One year,Yes,Bank transfer,78.49,2686.37,1,194.5,0
CUST-004981,Male,0,Yes,No,45,Yes,No,DSL,No,Yes,Yes,No,One year,Yes,Bank transfer,92.64,4242.71,0,170.0,0
CUST-004982,Female,0,Yes,Yes,16,Yes,No,No,No,No,No,Yes,Month-to-month,No,Electronic check,61.4,909.5,0,163.2,0
CUST-004983,Female,0,No,No,12,Yes,Yes,DSL,No internet service,Yes,Yes,Yes,One year,No,Electronic check,79.09,935.48,1,0.0,0
CUST-004984,Male,1,No,Yes,13,Yes,No,Fiber optic,Yes,Yes,No internet service,No internet service,Month-to-month,No,Electronic check,69.54,900.56,2,13.1,1
CUST-004985,Female,0,Yes,Yes,70,No,No,DSL,Yes,No internet service,Yes,Yes,Month-to-month,No,Credit card,69.31,4876.6,0,266.4,1
CUST-004986,Male,0,No,Yes,43,Yes,Yes,DSL,No,Yes,No internet service,Yes,One year,Yes,Mailed check,109.47,4360.93,1,358.5,1
CUST-004987,Male,0,Yes,Yes,22,Yes,Yes,Fiber optic,No internet service,No,Yes,No internet service,Month-to-month,No,Credit card,90.56,2055.92,1,323.9,1
CUST-004988,Male,0,Yes,Yes,62,Yes,No,No,Yes,No,Yes,No internet service,Month-to-month,Yes,Credit card,53.41,3008.29,1,352.2,0
CUST-004989,Male,0,Yes,No,16,Yes,No,Fiber optic,Yes,Yes,No,No internet service,One year,Yes,Bank transfer,69.09,1124.4,1,152.0,1
CUST-004990,Male,0,Yes,No,28,Yes,No,No,No,Yes,No,No,Month-to-month,Yes,Mailed check,69.44,1817.75,0,167.8,0
CUST-004991,Female,0,Yes,No,10,Yes,No,Fiber optic,No,Yes,Yes,No internet service,Month-to-month,No,Credit card,137.28,1231.18,0,72.6,1
CUST-004992,Female,0,No,No,60,Yes,No phone service,Fiber optic,No,Yes,No internet service,Yes,Month-to-month,Yes,Electronic check,54.09,2981.64,1,85.5,1
CUST-004993,Female,0,No,No,15,Yes,No,DSL,Yes,No internet service,No,No,Month-to-month,No,Electronic check,68.5,1037.72,1,249.0,0
CUST-004994,Female,0,Yes,No,15,Yes,Yes,Fiber optic,No,No internet service,No,No internet service,Month-to-month,Yes,Mailed check,43.58,636.09,4,117.7,0
CUST-004995,Male,1,Yes,No,39,Yes,No,Fiber optic,No,No internet service,No,No internet service,Month-to-month,Yes,Electronic check,82.69,2829.24,0,131.5,0
CUST-004996,Female,0,Yes,No,2,Yes,Yes,Fiber optic,Yes,No,No,No internet service,Month-to-month,No,Credit card,102.88,180.0,1,152.5,1
CUST-004997,Female,0,No,No,8,Yes,Yes,No,No,Yes,Yes,No,One year,Yes,Electronic check,22.59,178.44,4,262.4,0
CUST-004998,Male,0,No,No,49,Yes,No,Fiber optic,Yes,No,No internet service,Yes,Two year,No,Credit card,81.66,3592.61,3,181.3,0
CUST-004999,Female,0,Yes,No,12,Yes,No,DSL,No,Yes,No internet service,Yes,One year,No,Bank transfer,78.72,842.32,0,127.1,1
CUST-005000,Female,0,No,No,72,Yes,No phone service,DSL,No,Yes,No,Yes,Month-to-month,No,Bank transfer,73.93,5322.73,1,181.6,0
CUST-005001,Male,0,Yes,Yes,33,Yes,No,DSL,No internet service,No,No,Yes,One year,No,Mailed check,80.17,2419.45,1,260.9,0
CUST-005002,Female,0,No,Yes,5,Yes,No,Fiber optic,No internet service,Yes,No internet service,Yes,Two year,Yes,Credit card,65.76,283.98,2,125.6,1
CUST-005003,Female,0,Yes,No,72,Yes,Yes,Fiber optic,Yes,Yes,Yes,No,Two year,No,Credit card,103.7,6981.05,1,91.9,0
CUST-005004,Female,0,No,No,33,Yes,No,No,No,No,No internet service,Yes,Month-to-month,No,Electronic check,52.0,1653.93,1,97.1,1
CUST-005005,Male,0,No,No,25,Yes,Yes,DSL,No,No,No internet service,Yes,Month-to-month,Yes,Electronic check,91.42,2217.64,0,357.5,1
CUST-005006,Female,0,No,Yes,33,Yes,Yes,No,No,No,No,Yes,Month-to-month,Yes,Credit card,18.0,511.85,2,112.4,1
CUST-005007,Female,1,No,No,5,Yes,No,DSL,Yes,Yes,No,No,One year,Yes,Electronic check,61.31,288.38,0,181.6,1
CUST-005008,Male,0,Yes,Yes,28,Yes,No phone service,No,No internet service,Yes,No,No internet service,Month-to-month,Yes,Bank transfer,72.97,1883.52,1,10.0,0
CUST-005009,Female,1,Yes,No,13,Yes,Yes,No,No,Yes,No,No,Two year,Yes,Credit card,110.48,1349.8,1,388.3,0
CUST-005010,Male,0,No,No,27,Yes,No,DSL,No internet service,No,No internet service,Yes,Month-to-month,No,Electronic check,72.6,1682.61,2,127.1,1
CUST-005011,Female,0,No,No,20,Yes,No,No,No,No,No,No,One year,No,Electronic check,75.65,1375.47,1,223.8,0
CUST-005012,Female,0,No,Yes,32,Yes,Yes,Fiber optic,No internet service,Yes,No internet service,No,Month-to-month,Yes,Credit card,106.26,3328.01,1,171.6,0
CUST-005013,Female,0,No,No,22,Yes,Yes,Fiber optic,No internet service,Yes,Yes,Yes,Month-to-month,Yes,Bank transfer,132.59,2552.94,1,113.7,1
CUST-005014,Male,1,Yes,No,19,Yes,Yes,DSL,No,No,No,No,Month-to-month,Yes,Electronic check,58.54,1158.86,1,241.6,0
CUST-005015,Male,0,No,No,12,Yes,Yes,DSL,No,No,No internet service,No,One year,Yes,Electronic check,27.91,351.22,1,126.3,0
CUST-005016,Female,0,No,No,5,No,Yes,Fiber optic,No internet service,No,No,Yes,Month-to-month,No,Credit card,47.16,217.44,0,266.7,0
CUST-005017,Female,0,Yes,No,4,Yes,Yes,DSL,No internet service,Yes,No,No internet service,Month-to-month,Yes,Electronic check,89.93,354.74,0,415.1,0
CUST-005018,Male,0,Yes,No,8,No,No,DSL,No internet service,No,No,Yes,One year,Yes,Mailed check,76.7,599.5,2,258.4,1
CUST-005019,Female,0,Yes,No,46,Yes,Yes,No,No,No,No,No,Two year,Yes,Mailed check,62.31,2532.14,1,104.5,0
CUST-005020,Male,0,Yes,No,11,No,Yes,Fiber optic,No,No internet service,Yes,No,One year,Yes,Mailed check,77.42,789.97,2,159.9,0
CUST-005021,Male,0,No,No,16,Yes,No,Fiber optic,No,No,No,No,One year,No,Mailed check,100.42,1680.92,3,29.1,1
CUST-005022,Male,0,No,Yes,16,No,Yes,DSL,Yes,Yes,No,Yes,Month-to-month,No,Electronic check,76.29,1068.74,0,0.0,0
CUST-005023,Male,0,No,No,20,Yes,Yes,DSL,No,No,No internet service,Yes,Two year,Yes,Credit card,84.39,1628.88,2,61.7,0
CUST-005024,Male,0,No,Yes,41,No,No,No,Yes,No internet service,No,No,Month-to-month,Yes,Bank transfer,36.74,1460.9,1,185.2,0
CUST-005025,Male,1,No,Yes,22,Yes,No,Fiber optic,Yes,Yes,No,No internet service,Two year,Yes,Mailed check,42.07,817.74,2,210.3,0
CUST-005026,Female,0,No,Yes,53,Yes,No,Fiber optic,Yes,No,No,Yes,Two year,Yes,Credit card,67.59,3428.62,2,208.6,1
CUST-005027,Female,0,Yes,No,8,Yes,Yes,No,No,No,No internet service,No,Month-to-month,Yes,Bank transfer,29.47,243.62,0,223.6,1
CUST-005028,Female,1,Yes,Yes,49,Yes,No,Fiber optic,Yes,No,No,No internet service,Month-to-month,No,Mailed check,52.91,2263.77,3,194.0,1
CUST-005029,Male,0,No,No,72,Yes,No,DSL,No internet service,Yes,No,Yes,One year,Yes,Credit card,117.09,7485.97,0,252.3,0
CUST-005030,Female,0,Yes,No,28,Yes,Yes,Fiber optic,No internet service,Yes,Yes,Yes,One year,No,Credit card,26.99,681.0,1,196.4,0
CUST-005031,Male,1,Yes,Yes,10,Yes,No,Fiber optic,No,No,No internet service,No,One year,Yes,Electronic check,109.09,1091.13,1,111.9,0
CUST-005032,Male,0,No,No,41,Yes,No,No,No,No,No,Yes,Two year,No,Mailed check,97.21,3847.91,1,256.8,0
CUST-005033,Female,0,No,Yes,29,No,Yes,Fiber optic,No internet service,No,Yes,Yes,Month-to-month,No,Bank transfer,124.62,3435.95,2,79.5,1
CUST-005034,Male,0,Yes,Yes,36,Yes,Yes,Fiber optic,No,No,Yes,Yes,Month-to-month,Yes,Bank transfer,103.32,3750.7,1,96.1,0
CUST-005035,Female,0,No,Yes,54,No,Yes,DSL,No,No internet service,No,No,One year,No,Electronic check,109.6,6188.44,1,365.2,0
CUST-005036,Male,0,No,No,21,Yes,Yes,Fiber optic,No,No,No,Yes,Month-to-month,Yes,Mailed check,148.5,2772.98,1,87.3,1
CUST-005037,Male,0,No,No,18,Yes,Yes,Fiber optic,No,No internet service,Yes,No internet service,One year,Yes,Mailed check,85.93,1565.99,0,257.5,0
CUST-005038,Female,1,No,Yes,72,Yes,Yes,DSL,No internet service,No,Yes,No,Two year,Yes,Electronic check,83.42,5550.15,1,231.4,1
CUST-005039,Female,0,Yes,No,42,Yes,Yes,Fiber optic,Yes,No,No,No,Month-to-month,Yes,Electronic check,133.27,4921.31,3,77.9,1
CUST-005040,Male,0,No,Yes,60,Yes,No,DSL,No internet service,No internet service,Yes,Yes,Two year,Yes,Bank transfer,44.14,2387.08,2,423.7,0
CUST-005041,Female,0,No,No,52,Yes,No,Fiber optic,Yes,No,No,Yes,Two year,Yes,Credit card,87.65,4238.25,2,155.9,0
CUST-005042,Male,0,Yes,No,61,Yes,No,Fiber optic,No,Yes,No internet service,No,Month-to-month,No,Credit card,76.23,4788.46,2,144.7,0
CUST-005043,Female,0,No,Yes,37,Yes,Yes,Fiber optic,Yes,No internet service,No,No,Two year,No,Electronic check,108.83,3807.96,1,148.6,0
CUST-005044,Male,0,No,Yes,56,Yes,No,No,No,Yes,Yes,No internet service,One year,No,Electronic check,18.0,980.64,1,221.7,0
CUST-005045,Male,0,No,No,16,Yes,Yes,Fiber optic,No,No,No,No internet service,Month-to-month,No,Bank transfer,138.1,1892.83,1,117.4,1
CUST-005046,Male,0,No,No,5,Yes,Yes,No,No,No,Yes,Yes,Month-to-month,No,Bank transfer,86.01,371.06,3,52.8,1
CUST-005047,Male,0,Yes,No,13,Yes,No phone service,Fiber optic,No,Yes,No internet service,Yes,Month-to-month,Yes,Credit card,112.7,1520.26,1,240.2,0
CUST-005048,Female,1,Yes,No,25,Yes,No,Fiber optic,No internet service,Yes,No,No,One year,Yes,Credit card,24.1,613.16,0,67.1,0
CUST-005049,Male,0,Yes,Yes,23,Yes,No,DSL,No,No internet service,No,No,Month-to-month,Yes,Electronic check,38.8,845.84,1,48.9,0
CUST-005050,Female,0,Yes,No,29,Yes,Yes,Fiber optic,Yes,No,No,No,Month-to-month,Yes,Electronic check,139.71,3606.34,0,122.5,1
CUST-005051,Male,0,Yes,Yes,15,Yes,No phone service,DSL,Yes,No,Yes,No,Two year,Yes,Bank transfer,64.68,832.44,0,392.4,0
CUST-005052,Male,0,No,Yes,3,Yes,Yes,No,No internet service,Yes,Yes,No,One year,Yes,Mailed check,18.28,57.31,1,143.2,0
CUST-005053,Male,0,Yes,No,20,Yes,No,No,No internet service,No,Yes,No,One year,Yes,Electronic check,76.65,1304.77,0,330.0,0
CUST-005054,Male,1,No,No,7,Yes,No,DSL,No,No,No,Yes,Two year,Yes,Electronic check,90.37,567.8,1,169.1,0
CUST-005055,Female,0,Yes,No,28,Yes,No,DSL,No,No internet service,No,Yes,Month-to-month,No,Bank transfer,85.94,2374.64,1,187.4,1
CUST-005056,Male,1,Yes,Yes,38,Yes,No,Fiber optic,No,No,Yes,Yes,Month-to-month,No,Electronic check,90.49,3567.76,0,200.2,1
CUST-005057,Female,0,Yes,Yes,20,Yes,Yes,DSL,No,No,No internet service,Yes,One year,Yes,Electronic check,104.07,1817.87,2,123.1,0
CUST-005058,Female,0,Yes,No,10,Yes,Yes,Fiber optic,No internet service,No,Yes,No,Month-to-month,Yes,Credit card,73.94,742.93,0,182.1,0
CUST-005059,Female,0,Yes,No,30,Yes,No,Fiber optic,No,Yes,No internet service,Yes,Month-to-month,Yes,Bank transfer,111.2,3057.03,1,229.2,1
CUST-005060,Male,0,No,No,72,Yes,Yes,DSL,No,No,Yes,No,One year,Yes,Credit card,74.05,5256.69,4,198.5,0
CUST-005061,Female,1,Yes,No,42,No,No,Fiber optic,No,No internet service,No,Yes,Month-to-month,Yes,Electronic check,91.01,3322.84,0,122.5,0
CUST-005062,Female,0,No,No,44,Yes,Yes,DSL,No,Yes,No,Yes,Month-to-month,No,Electronic check,58.63,2638.96,0,265.2,1
CUST-005063,Female,0,Yes,Yes,18,Yes,Yes,Fiber optic,No,No,No,Yes,One year,Yes,Bank transfer,84.69,1511.42,2,5.8,0
CUST-005064,Female,0,Yes,No,14,Yes,Yes,Fiber optic,No,Yes,Yes,No,One year,No,Mailed check,95.97,1398.79,2,237.7,0
CUST-005065,Female,0,No,Yes,61,Yes,No phone service,DSL,No internet service,Yes,No,No,Month-to-month,No,Credit card,61.22,3549.41,0,217.3,1
CUST-005066,Female,0,Yes,Yes,2,Yes,Yes,DSL,Yes,No,No,Yes,Month-to-month,Yes,Credit card,91.99,189.05,0,187.4,1
CUST-005067,Male,1,Yes,Yes,15,Yes,No,No,Yes,Yes,No,No internet service,Two year,Yes,Electronic check,53.92,774.9,1,284.4,0
CUST-005068,Female,0,Yes,No,72,Yes,No,Fiber optic,No,Yes,No,Yes,Two year,Yes,Credit card,142.05,9742.29,1,215.0,0
CUST-005069,Female,0,No,Yes,26,Yes,Yes,Fiber optic,No,No,No,No internet service,Month-to-month,No,Electronic check,77.58,1752.68,1,0.0,1
CUST-005070,Female,0,Yes,No,6,Yes,Yes,Fiber optic,No,No,No internet service,Yes,Month-to-month,Yes,Electronic check,122.6,745.06,3,253.1,1
CUST-005071,Female,0,Yes,No,39,Yes,Yes,Fiber optic,No,No,No,Yes,One year,Yes,Mailed check,123.9,4505.52,0,181.0,1
CUST-005072,Male,0,No,No,20,Yes,Yes,Fiber optic,No,No,Yes,No,Month-to-month,Yes,Credit card,99.98,1939.54,1,191.4,1
CUST-005073,Male,0,No,Yes,4,Yes,No phone service,DSL,No,No internet service,Yes,No,Month-to-month,No,Bank transfer,72.3,283.47,1,202.3,0
CUST-005074,Female,1,No,No,34,Yes,Yes,Fiber optic,No,Yes,Yes,Yes,Month-to-month,Yes,Bank transfer,73.13,2498.79,2,189.1,1
CUST-005075,Male,0,Yes,No,30,No,Yes,No,Yes,Yes,No,Yes,Month-to-month,No,Mailed check,54.49,1577.54,1,78.3,0
CUST-005076,Female,0,No,No,29,Yes,Yes,DSL,No,No,No,No,Month-to-month,Yes,Electronic check,76.59,2163.42,1,126.2,1
CUST-005077,Female,0,No,Yes,41,Yes,No,DSL,No,Yes,No,Yes,Month-to-month,Yes,Mailed check,68.65,2685.44,3,258.1,0
CUST-005078,Male,0,Yes,No,9,Yes,No,Fiber optic,No internet service,No internet service,Yes,No,Two year,Yes,Bank transfer,130.49,1142.48,1,177.4,0
CUST-005079,Male,0,No,No,37,Yes,Yes,Fiber optic,No,Yes,No,Yes,Month-to-month,No,Bank transfer,81.36,2826.31,3,195.5,1
CUST-005080,Male,0,No,No,32,Yes,Yes,Fiber optic,No,No,No,No,Month-to-month,No,Mailed check,83.18,2675.76,1,240.6,0
CUST-005081,Female,0,Yes,Yes,60,Yes,No,DSL,No,Yes,No,No internet service,Month-to-month,Yes,Mailed check,20.06,1218.05,1,159.3,0
CUST-005082,Male,0,No,No,15,Yes,No phone service,DSL,Yes,Yes,No,No,Two year,No,Credit card,89.31,1277.19,2,278.6,0
CUST-005083,Male,0,Yes,No,68,Yes,No,Fiber optic,No,Yes,Yes,No,Month-to-month,No,Mailed check,111.6,6672.82,0,200.2,1
CUST-005084,Female,0,No,No,51,Yes,Yes,Fiber optic,No,No,No,No,Month-to-month,Yes,Bank transfer,124.31,5862.54,0,79.9,0
CUST-005085,Female,0,No,Yes,26,Yes,No,No,No,No,Yes,Yes,One year,Yes,Mailed check,101.0,2673.32,2,150.3,0
CUST-005086,Male,0,Yes,Yes,29,Yes,No,Fiber optic,Yes,No,No,Yes,One year,No,Credit card,118.67,3556.15,1,144.3,1
CUST-005087,Male,0,Yes,No,2,Yes,No,Fiber optic,No,No,Yes,Yes,Two year,Yes,Electronic check,119.93,216.7,1,186.0,1
CUST-005088,Male,0,Yes,Yes,28,Yes,Yes,Fiber optic,Yes,Yes,Yes,No,Month-to-month,Yes,Bank transfer,113.3,3293.71,2,82.7,1
CUST-005089,Male,0,Yes,No,48,Yes,No,Fiber optic,Yes,No,Yes,No,Month-to-month,No,Electronic check,117.92,5124.51,3,341.3,0
CUST-005090,Female,0,No,No,22,Yes,Yes,Fiber optic,No,No,Yes,No,Month-to-month,No,Credit card,39.74,903.84,2,254.5,0
CUST-005091,Female,0,Yes,Yes,60,Yes,No,DSL,Yes,No,No internet service,No,One year,Yes,Credit card,37.01,2302.72,2,201.7,0
CUST-005092,Male,1,Yes,Yes,40,Yes,Yes,DSL,No,No internet service,Yes,Yes,Month-to-month,Yes,Mailed check,32.1,1221.2,3,188.9,1
CUST-005093,Male,0,Yes,Yes,72,Yes,Yes,DSL,No,No internet service,Yes,Yes,Month-to-month,Yes,Bank transfer,108.11,8095.78,3,266.9,1
CUST-005094,Female,1,Yes,No,16,Yes,Yes,Fiber optic,No,No internet service,No,No,Month-to-month,No,Electronic check,71.51,1098.25,1,42.6,0
CUST-005095,Male,0,No,No,45,Yes,No,Fiber optic,No internet service,No,No internet service,No internet service,Two year,Yes,Bank transfer,76.31,3179.25,0,207.7,0
CUST-005096,Female,0,No,Yes,8,No,No,DSL,No,Yes,No internet service,No,Month-to-month,Yes,Credit card,70.2,568.35,0,70.1,0
CUST-005097,Male,0,No,No,24,Yes,Yes,Fiber optic,No,No,Yes,Yes,Month-to-month,Yes,Electronic check,57.69,1206.92,1,261.0,1
CUST-005098,Female,0,Yes,No,41,Yes,Yes,Fiber optic,No internet service,No internet service,Yes,No,Two year,Yes,Mailed check,106.42,3897.67,0,102.5,0
CUST-005099,Male,1,No,No,47,Yes,Yes,DSL,No,No internet service,No,No,One year,No,Electronic check,18.0,755.18,0,207.8,0
CUST-005100,Female,0,Yes,Yes,21,Yes,Yes,DSL,No,No,No,No,One year,Yes,Mailed check,34.68,709.55,0,354.8,0
CUST-005101,Male,1,Yes,No,65,No,Yes,Fiber optic,No,No,No,No,One year,No,Bank transfer,100.96,6508.71,1,280.6,0
CUST-005102,Female,0,No,No,72,Yes,No,No,No internet service,Yes,No,No,Month-to-month,Yes,Mailed check,32.75,2399.3,1,88.3,1
CUST-005103,Male,1,Yes,Yes,16,Yes,Yes,Fiber optic,No,Yes,No internet service,No,Two year,Yes,Mailed check,133.97,2207.82,0,200.2,0
CUST-005104,Female,0,Yes,No,25,No,No,No,Yes,No internet service,Yes,Yes,Month-to-month,Yes,Mailed check,71.39,1829.34,0,186.4,0
CUST-005105,Male,0,Yes,No,23,Yes,No,Fiber optic,No,No internet service,No,No,Two year,No,Electronic check,128.96,2925.79,0,175.2,0
CUST-005106,Male,1,No,Yes,18,Yes,No,DSL,No,No,No,No,Month-to-month,Yes,Credit card,80.74,1501.18,1,330.6,1
CUST-005107,Female,0,Yes,No,71,Yes,Yes,Fiber optic,No,No,No,Yes,One year,Yes,Electronic check,94.64,6081.96,3,174.7,0
CUST-005108,Female,1,No,Yes,71,No,No,No,No,Yes,No,Yes,Month-to-month,Yes,Bank transfer,40.1,2833.24,0,386.4,1
CUST-005109,Female,0,Yes,No,23,Yes,No phone service,DSL,No,Yes,No internet service,No,Month-to-month,Yes,Electronic check,97.87,1947.96,2,122.5,0
CUST-005110,Female,0,Yes,No,45,Yes,No,No,Yes,Yes,Yes,No,Month-to-month,No,Mailed check,83.24,3277.65,0,187.3,0
CUST-005111,Male,0,No,No,60,Yes,No,DSL,Yes,No,No internet service,Yes,One year,No,Credit card,132.54,7119.15,1,181.6,0
CUST-005112,Male,0,No,No,34,Yes,Yes,DSL,Yes,Yes,No,No,Month-to-month,Yes,Mailed check,94.85,2807.45,1,205.9,1
CUST-005113,Female,0,No,No,22,Yes,Yes,Fiber optic,No,Yes,No internet service,No,Two year,Yes,Electronic check,83.08,1906.55,1,252.8,0
CUST-005114,Female,1,Yes,No,15,Yes,Yes,Fiber optic,No,No internet service,No,No,Month-to-month,Yes,Electronic check,103.68,1466.98,0,298.1,0
CUST-005115,Female,0,No,No,48,Yes,Yes,No,No,Yes,No,No,One year,Yes,Mailed check,82.66,4092.24,1,171.7,0
CUST-005116,Female,1,No,Yes,8,Yes,No,No,No internet service,Yes,Yes,No,One year,Yes,Mailed check,104.89,793.23,2,163.0,0
CUST-005117,Female,0,No,Yes,22,Yes,Yes,Fiber optic,No,No,No,Yes,Month-to-month,Yes,Credit card,134.66,2932.62,1,174.4,1
CUST-005118,Female,0,No,No,19,Yes,No,Fiber optic,No,No,Yes,Yes,One year,Yes,Credit card,90.14,1565.97,4,264.3,0
CUST-005119,Female,0,Yes,No,8,Yes,No phone service,Fiber optic,No internet service,No,Yes,No,One year,No,Bank transfer,58.53,487.07,0,70.4,0
CUST-005120,Female,1,No,No,26,Yes,No,Fiber optic,No,No,No,No,One year,No,Electronic check,39.38,877.55,1,139.8,1
CUST-005121,Male,0,Yes,No,24,Yes,Yes,Fiber optic,No,No,No internet service,Yes,One year,No,Mailed check,60.81,1444.17,1,343.0,0
CUST-005122,Female,1,No,No,12,Yes,Yes,No,No,Yes,No internet service,No,One year,Yes,Electronic check,52.25,652.09,1,0.0,1
CUST-005123,Male,0,No,No,70,Yes,No,Fiber optic,No,No,No,Yes,Month-to-month,Yes,Electronic check,140.13,9883.95,0,261.5,1
CUST-005124,Female,0,Yes,No,48,Yes,No,No,No internet service,Yes,Yes,No internet service,Month-to-month,Yes,Credit card,115.59,5634.19,2,287.6,0
CUST-005125,Female,0,Yes,No,29,Yes,No,No,No,No,No,No,Month-to-month,Yes,Electronic check,98.8,2606.98,1,266.2,1
CUST-005126,Female,0,Yes,No,54,Yes,No phone service,Fiber optic,No internet service,No internet service,Yes,Yes,One year,Yes,Credit card,131.91,6698.48,1,134.2,1
CUST-005127,Female,0,Yes,No,63,Yes,No phone service,DSL,No,Yes,No internet service,Yes,Two year,No,Electronic check,48.78,2695.77,2,273.0,0
CUST-005128,Male,0,No,Yes,72,Yes,No,DSL,Yes,Yes,Yes,No,Month-to-month,Yes,Electronic check,24.54,1634.9,1,235.4,0
CUST-005129,Male,0,No,No,16,Yes,Yes,Fiber optic,No internet service,No internet service,No,No,Month-to-month,Yes,Mailed check,64.8,883.09,0,232.1,1
CUST-005130,Male,0,Yes,No,54,Yes,Yes,DSL,Yes,No internet service,No,No,Month-to-month,No,Electronic check,18.0,977.59,0,81.5,0
CUST-005131,Male,0,Yes,No,24,No,Yes,DSL,No internet service,No,Yes,No internet service,One year,No,Bank transfer,36.58,913.6,0,156.2,0
CUST-005132,Female,0,No,No,33,Yes,No,Fiber optic,No internet service,Yes,No,Yes,One year,Yes,Credit card,79.82,2608.22,2,188.6,0
CUST-005133,Male,0,Yes,No,16,Yes,No,No,No,No,Yes,No,One year,Yes,Mailed check,75.0,1214.49,1,410.0,0
CUST-005134,Male,0,No,No,28,Yes,No,Fiber optic,No internet service,No,Yes,No,One year,Yes,Electronic check,99.06,2642.57,0,70.4,1
CUST-005135,Male,0,Yes,Yes,54,Yes,No,Fiber optic,No internet service,No,Yes,No,One year,Yes,Credit card,74.31,3564.7,2,172.6,1
CUST-005136,Male,0,No,Yes,72,Yes,Yes,No,No,No,No,Yes,Month-to-month,Yes,Electronic check,87.07,6232.34,1,215.7,0
CUST-005137,Female,1,No,No,26,Yes,No,Fiber optic,No internet service,Yes,No internet service,No internet service,Month-to-month,Yes,Mailed check,74.89,1771.54,0,183.1,0
CUST-005138,Male,0,Yes,No,13,Yes,Yes,Fiber optic,No,No,Yes,No internet service,Month-to-month,No,Electronic check,95.3,1166.94,3,194.8,1
CUST-005139,Male,0,Yes,No,72,Yes,No,Fiber optic,No,No,No,No internet service,Two year,No,Credit card,61.7,4576.3,0,33.8,0
CUST-005140,Male,0,Yes,No,15,Yes,Yes,Fiber optic,No,Yes,Yes,No,One year,Yes,Electronic check,127.66,1770.49,0,205.3,1
CUST-005141,Female,1,Yes,No,5,Yes,No,Fiber optic,No internet service,No,Yes,No,Month-to-month,Yes,Electronic check,95.63,434.08,3,84.0,1
CUST-005142,Male,0,Yes,No,18,Yes,No,DSL,No,No,No,Yes,Month-to-month,No,Electronic check,90.36,1392.89,0,175.3,1
CUST-005143,Female,0,No,No,61,Yes,Yes,Fiber optic,No,No,Yes,No,Month-to-month,Yes,Bank transfer,58.51,3534.71,1,173.4,1
CUST-005144,Male,0,No,Yes,14,Yes,No,DSL,No,No,No,Yes,Two year,No,Electronic check,75.23,940.61,2,301.5,0
CUST-005145,Male,1,Yes,No,10,No,Yes,Fiber optic,No,No,No internet service,No internet service,Month-to-month,Yes,Mailed check,112.17,1096.89,4,0.0,1
CUST-005146,Female,0,No,Yes,31,Yes,No,Fiber optic,No,No,No,No,One year,Yes,Credit card,33.68,964.13,1,0.0,1
CUST-005147,Female,0,Yes,No,72,Yes,Yes,No,No internet service,Yes,No,Yes,Month-to-month,No,Bank transfer,105.04,7620.08,1,122.7,0
CUST-005148,Female,0,Yes,No,40,Yes,Yes,DSL,No,No,Yes,No,One year,No,Mailed check,32.52,1337.08,2,260.7,0
CUST-005149,Male,0,Yes,No,8,Yes,No,DSL,No internet service,No,No,No,One year,Yes,Bank transfer,76.33,547.81,0,208.1,0
CUST-005150,Male,0,Yes,Yes,72,Yes,Yes,Fiber optic,No,Yes,No,No internet service,Month-to-month,No,Credit card,148.63,10792.0,3,178.9,1
CUST-005151,Male,0,Yes,No,37,Yes,No,DSL,Yes,No internet service,No internet service,No,One year,Yes,Bank transfer,98.65,3214.0,1,302.9,0
CUST-005152,Male,0,Yes,No,57,Yes,Yes,No,Yes,No,No,No internet service,Month-to-month,Yes,Mailed check,25.3,1266.52,1,106.8,0
CUST-005153,Female,0,Yes,Yes,6,Yes,Yes,No,No,No,Yes,No,Two year,Yes,Electronic check,64.66,363.0,0,129.2,0
CUST-005154,Female,0,No,Yes,72,Yes,Yes,DSL,No,Yes,No,No,Month-to-month,Yes,Mailed check,107.0,7048.59,0,229.2,0
CUST-005155,Male,0,No,No,21,Yes,No,DSL,No internet service,No,No internet service,Yes,One year,No,Mailed check,45.5,1000.75,1,211.7,0
CUST-005156,Male,0,No,No,6,Yes,Yes,Fiber optic,No internet service,No,No,Yes,Month-to-month,No,Bank transfer,84.2,510.68,1,116.7,1
CUST-005157,Female,0,Yes,No,34,Yes,Yes,Fiber optic,No,No,No,No,One year,No,Mailed check,83.36,2913.86,1,131.1,1
CUST-005158,Female,0,No,Yes,57,Yes,Yes,Fiber optic,No internet service,No,No,No internet service,Month-to-month,No,Credit card,112.1,5605.1,2,110.9,0
CUST-005159,Male,0,Yes,No,45,No,Yes,Fiber optic,No internet service,No internet service,No,Yes,One year,No,Credit card,48.89,2184.2,1,63.9,0
CUST-005160,Male,0,Yes,Yes,44,Yes,Yes,Fiber optic,Yes,No,No,Yes,Month-to-month,Yes,Mailed check,113.78,4860.56,1,129.5,1
CUST-005161,Female,0,Yes,Yes,42,Yes,No,Fiber optic,No,No,No,No internet service,Month-to-month,No,Electronic check,76.32,2788.1,1,0.0,0
CUST-005162,Female,0,Yes,No,32,Yes,No,DSL,No,No internet service,Yes,Yes,Two year,Yes,Electronic check,69.66,2248.58,0,167.0,0
CUST-005163,Female,0,Yes,Yes,6,Yes,Yes,DSL,Yes,No,Yes,No,Month-to-month,Yes,Bank transfer,63.25,387.4,1,163.2,0
CUST-005164,Male,1,No,No,24,Yes,Yes,DSL,Yes,Yes,Yes,No internet service,Month-to-month,Yes,Electronic check,87.99,2181.14,2,189.5,1
CUST-005165,Female,1,No,No,22,Yes,No,Fiber optic,No,No,No,No,One year,No,Electronic check,94.37,2154.93,2,292.6,0
CUST-005166,Male,0,Yes,Yes,72,Yes,No phone service,DSL,No internet service,No internet service,No internet service,Yes,Month-to-month,No,Bank transfer,113.21,7104.4,1,168.7,0
CUST-005167,Female,0,No,No,61,Yes,No phone service,No,No internet service,No,No internet service,No internet service,Two year,No,Electronic check,99.68,6241.39,3,102.4,0
CUST-005168,Female,0,Yes,Yes,19,Yes,No,Fiber optic,Yes,No,No,Yes,Month-to-month,Yes,Electronic check,71.14,1404.48,1,156.8,1
CUST-005169,Female,0,Yes,No,50,Yes,Yes,No,No,No,Yes,No internet service,Two year,No,Credit card,110.96,5482.25,3,88.6,0
CUST-005170,Female,0,Yes,No,27,Yes,Yes,Fiber optic,Yes,Yes,Yes,Yes,Two year,Yes,Bank transfer,104.58,2503.99,1,222.6,0
CUST-005171,Male,0,Yes,No,5,Yes,Yes,DSL,No internet service,No,Yes,Yes,Month-to-month,Yes,Bank transfer,75.1,349.26,3,251.5,0
CUST-005172,Male,0,Yes,Yes,2,Yes,Yes,DSL,No,No,No,Yes,Month-to-month,Yes,Mailed check,95.45,165.7,3,254.6,1
CUST-005173,Male,0,Yes,Yes,46,No,Yes,DSL,Yes,No internet service,No,No,One year,No,Bank transfer,38.77,1517.25,1,298.5,0
CUST-005174,Female,1,Yes,No,11,Yes,Yes,No,No internet service,Yes,No internet service,No,One year,Yes,Mailed check,28.62,325.49,1,36.9,0
CUST-005175,Female,0,No,No,11,Yes,Yes,Fiber optic,Yes,No internet service,Yes,No,Month-to-month,No,Electronic check,95.75,1100.07,0,136.2,0
CUST-005176,Male,0,No,No,15,Yes,No phone service,DSL,Yes,Yes,Yes,Yes,Month-to-month,Yes,Credit card,51.81,803.48,1,418.5,1
CUST-005177,Female,0,No,No,47,Yes,Yes,No,Yes,Yes,Yes,No internet service,Month-to-month,No,Credit card,132.21,5597.47,2,271.9,1
CUST-005178,Female,0,Yes,Yes,61,Yes,Yes,DSL,No,No,No,Yes,One year,Yes,Electronic check,47.07,2797.27,1,226.1,0
CUST-005179,Female,0,Yes,No,61,Yes,Yes,Fiber optic,Yes,Yes,Yes,Yes,One year,Yes,Bank transfer,96.21,5574.87,0,168.7,0
CUST-005180,Male,0,No,No,4,Yes,No,Fiber optic,No internet service,No,No internet service,Yes,Month-to-month,Yes,Electronic check,100.76,382.57,0,291.9,1
CUST-005181,Male,0,No,Yes,15,Yes,Yes,No,No,No,No,Yes,Month-to-month,No,Bank transfer,106.94,1500.88,0,151.3,0
CUST-005182,Female,0,Yes,Yes,13,Yes,No,DSL,No,No internet service,No,No internet service,One year,Yes,Bank transfer,40.16,542.09,0,130.4,0
CUST-005183,Male,0,No,No,47,Yes,No,No,Yes,No internet service,No internet service,Yes,Two year,No,Bank transfer,21.64,1025.3,1,202.9,0
CUST-005184,Female,0,No,No,15,Yes,No phone service,Fiber optic,Yes,No,No,Yes,Month-to-month,No,Bank transfer,136.83,2092.26,2,170.5,1
CUST-005185,Male,1,Yes,No,25,Yes,Yes,DSL,No,No,No internet service,Yes,Month-to-month,Yes,Credit card,72.42,1551.36,0,118.3,1
CUST-005186,Female,0,No,No,50,Yes,Yes,No,No,No internet service,No,No internet service,Month-to-month,No,Mailed check,94.29,4395.86,1,126.2,1
CUST-005187,Male,0,Yes,Yes,30,No,No,No,No,No,Yes,No,One year,No,Electronic check,95.7,2783.74,0,272.5,0
CUST-005188,Female,0,Yes,No,37,No,No,DSL,No,No,Yes,No,Month-to-month,Yes,Mailed check,100.9,3665.16,1,319.4,1
CUST-005189,Female,0,Yes,No,25,Yes,No,Fiber optic,Yes,Yes,No internet service,Yes,Month-to-month,Yes,Bank transfer,83.66,2152.21,4,225.4,1
CUST-005190,Female,0,No,Yes,57,Yes,No,DSL,No,No internet service,No,No,One year,Yes,Mailed check,50.53,2544.48,1,128.8,0
CUST-005191,Female,1,Yes,No,61,Yes,No,DSL,No,No internet service,No,No internet service,Month-to-month,No,Credit card,18.0,953.07,0,167.8,1
CUST-005192,Female,0,No,No,42,Yes,Yes,Fiber optic,Yes,No,Yes,No,Month-to-month,No,Mailed check,65.15,2814.79,2,91.7,1
CUST-005193,Female,1,Yes,Yes,61,Yes,No phone service,Fiber optic,No,Yes,Yes,Yes,Month-to-month,Yes,Electronic check,96.86,5621.12,1,72.7,0
CUST-005194,Female,0,Yes,No,72,Yes,Yes,No,No internet service,No,No,No,Month-to-month,Yes,Credit card,48.96,3376.38,1,200.5,1
CUST-005195,Male,0,No,No,49,Yes,Yes,Fiber optic,Yes,No internet service,No,Yes,Month-to-month,Yes,Mailed check,60.77,3061.26,1,169.8,1
CUST-005196,Female,0,Yes,Yes,28,Yes,Yes,Fiber optic,Yes,Yes,No internet service,No,Month-to-month,No,Electronic check,96.51,2702.25,1,287.8,1
CUST-005197,Female,0,No,No,37,Yes,No,DSL,No,No,Yes,Yes,Month-to-month,No,Electronic check,110.29,4064.96,2,253.0,1
CUST-005198,Female,0,No,No,66,Yes,No,No,No,Yes,No,No,Month-to-month,Yes,Electronic check,68.32,4000.49,2,16.1,0
CUST-005199,Male,0,No,No,20,Yes,Yes,DSL,No,No internet service,No internet service,Yes,Two year,No,Credit card,36.02,701.78,1,314.3,0
CUST-005200,Male,0,No,No,19,No,No,Fiber optic,Yes,No,No,Yes,Two year,Yes,Electronic check,133.17,2378.5,2,141.2,0
CUST-005201,Male,0,Yes,No,37,No,No phone service,Fiber optic,No,No,Yes,Yes,Month-to-month,No,Mailed check,71.78,2581.92,1,133.0,1
CUST-005202,Male,1,No,No,27,Yes,No,Fiber optic,No,No,No internet service,No,One year,No,Mailed check,139.38,3632.09,2,160.8,0
CUST-005203,Female,0,No,No,13,Yes,Yes,Fiber optic,No,No,Yes,No,Month-to-month,Yes,Mailed check,87.11,968.47,1,171.4,1
CUST-005204,Female,0,No,Yes,33,Yes,No,No,Yes,No,No,No internet service,Two year,No,Mailed check,73.09,2216.18,1,52.2,0
CUST-005205,Female,0,Yes,No,72,Yes,No,Fiber optic,No internet service,Yes,No internet service,No,Two year,No,Mailed check,141.83,9614.77,2,229.5,0
CUST-005206,Male,0,No,Yes,41,Yes,Yes,Fiber optic,Yes,No,Yes,Yes,One year,Yes,Electronic check,54.46,2121.12,2,133.7,1
CUST-005207,Male,0,Yes,Yes,10,Yes,Yes,No,No internet service,No,No,Yes,One year,Yes,Bank transfer,38.5,334.88,0,78.3,0
CUST-005208,Female,1,No,No,46,Yes,No,Fiber optic,Yes,No,Yes,Yes,Month-to-month,No,Mailed check,85.2,4035.8,1,272.0,1
CUST-005209,Male,0,No,No,23,Yes,No,Fiber optic,Yes,No,No,No,Month-to-month,Yes,Credit card,90.8,1914.8,1,75.2,1
CUST-005210,Male,0,Yes,Yes,72,Yes,Yes,DSL,Yes,Yes,Yes,Yes,Month-to-month,No,Mailed check,149.26,10186.79,2,212.5,1
CUST-005211,Male,0,Yes,No,43,Yes,Yes,Fiber optic,No internet service,No,No internet service,No,Month-to-month,No,Credit card,68.36,2888.68,1,138.7,0
CUST-005212,Female,0,Yes,No,17,Yes,No phone service,Fiber optic,No,No,Yes,No,One year,No,Credit card,55.87,943.96,1,293.3,1
CUST-005213,Female,0,No,No,48,Yes,No,No,No,Yes,Yes,No,Month-to-month,No,Credit card,41.92,1862.69,2,238.4,1
CUST-005214,Male,0,No,No,35,No,No,No,No internet service,Yes,Yes,No,Month-to-month,Yes,Mailed check,76.96,2359.24,0,271.4,1
CUST-005215,Male,0,Yes,Yes,70,Yes,Yes,DSL,Yes,No,Yes,No,One year,Yes,Electronic check,84.76,5289.3,2,0.4,0
CUST-005216,Female,0,No,No,19,Yes,No phone service,DSL,No,No internet service,No,Yes,One year,No,Mailed check,48.79,818.52,0,128.0,0
CUST-005217,Female,0,No,No,43,Yes,No,Fiber optic,Yes,No,Yes,No,One year,No,Mailed check,95.63,3696.1,1,161.3,0
CUST-005218,Female,0,Yes,No,6,Yes,Yes,No,No,No,No internet service,No,Month-to-month,Yes,Electronic check,128.36,747.59,1,209.3,1
CUST-005219,Male,0,Yes,Yes,32,Yes,Yes,DSL,Yes,No internet service,No,No,Two year,Yes,Mailed check,71.06,2176.34,0,291.7,0
CUST-005220,Female,0,Yes,No,10,Yes,No,Fiber optic,Yes,No,No,Yes,Month-to-month,Yes,Bank transfer,104.63,924.64,0,27.4,1
CUST-005221,Female,0,Yes,No,34,Yes,Yes,Fiber optic,Yes,Yes,Yes,No,One year,Yes,Bank transfer,151.67,5086.14,2,203.5,0
CUST-005222,Male,0,No,No,39,Yes,Yes,DSL,No,No internet service,No internet service,Yes,Month-to-month,No,Credit card,49.06,1650.69,0,100.9,0
CUST-005223,Female,0,No,No,42,Yes,No,Fiber optic,Yes,No internet service,Yes,No internet service,Month-to-month,Yes,Credit card,72.1,3124.77,0,157.4,1
CUST-005224,Male,0,No,No,19,Yes,No,Fiber optic,Yes,No internet service,No internet service,No,Two year,No,Bank transfer,80.91,1480.77,1,82.8,0
CUST-005225,Female,0,Yes,No,32,Yes,No,Fiber optic,No,Yes,Yes,No,Month-to-month,Yes,Bank transfer,79.16,2452.35,3,421.2,0
CUST-005226,Female,0,No,No,64,Yes,Yes,DSL,Yes,No,No,No,Month-to-month,Yes,Bank transfer,18.0,1045.07,2,245.2,0
CUST-005227,Male,0,Yes,No,72,Yes,Yes,Fiber optic,Yes,No,No,No internet service,Month-to-month,No,Bank transfer,99.14,6797.78,2,160.2,0
CUST-005228,Male,0,No,Yes,33,No,No,DSL,No,No,No,No,Two year,No,Electronic check,76.51,2361.3,2,120.2,0
CUST-005229,Male,0,No,No,66,Yes,Yes,Fiber optic,No internet service,No,Yes,No,Two year,Yes,Electronic check,89.42,6138.96,1,242.8,0
CUST-005230,Male,1,No,No,14,No,No,DSL,No internet service,Yes,Yes,No,Month-to-month,Yes,Bank transfer,77.42,937.87,0,160.4,0
CUST-005231,Male,0,No,Yes,22,Yes,No phone service,Fiber optic,No internet service,Yes,No,No internet service,One year,Yes,Credit card,102.74,2128.68,0,213.7,1
CUST-005232,Female,0,Yes,No,36,Yes,Yes,Fiber optic,No,Yes,No internet service,Yes,Month-to-month,No,Electronic check,55.52,2015.15,1,208.3,1
CUST-005233,Male,0,Yes,Yes,27,Yes,No,DSL,Yes,No,Yes,Yes,One year,Yes,Credit card,78.66,2036.54,4,136.9,1
CUST-005234,Male,0,No,No,25,Yes,Yes,DSL,No,Yes,No,No,Month-to-month,Yes,Mailed check,86.76,2088.73,2,234.9,1
CUST-005235,Male,0,Yes,No,61,Yes,Yes,Fiber optic,No,No,Yes,Yes,Month-to-month,Yes,Bank transfer,47.09,2964.92,5,121.3,1
CUST-005236,Female,0,No,Yes,12,Yes,No,DSL,Yes,Yes,Yes,No internet service,One year,No,Mailed check,113.89,1264.41,1,78.6,0
CUST-005237,Male,0,Yes,No,13,Yes,No,No,No internet service,No,Yes,No internet service,Two year,Yes,Electronic check,32.93,364.01,1,202.5,0
CUST-005238,Male,1,No,Yes,9,No,Yes,Fiber optic,No internet service,No internet service,No internet service,Yes,Month-to-month,No,Credit card,60.85,566.92,1,271.3,0
CUST-005239,Female,1,Yes,No,37,No,No,DSL,No,No,No,No internet service,Month-to-month,No,Electronic check,76.06,2410.65,0,64.1,1
CUST-005240,Male,0,Yes,No,23,No,No,Fiber optic,No,Yes,No,No,Two year,Yes,Electronic check,111.04,2578.16,1,384.5,0
CUST-005241,Female,1,No,No,57,Yes,Yes,No,No,Yes,No,No,Month-to-month,Yes,Mailed check,93.33,4670.37,1,83.8,0
CUST-005242,Male,0,No,No,35,Yes,No,Fiber optic,No internet service,No internet service,Yes,Yes,Month-to-month,Yes,Bank transfer,111.83,3343.13,0,207.1,1
CUST-005243,Female,0,Yes,No,19,No,No,No,Yes,No,No,No,Month-to-month,No,Mailed check,54.41,952.03,0,394.0,1
CUST-005244,Male,1,No,No,16,Yes,No phone service,DSL,Yes,No,No internet service,Yes,Month-to-month,Yes,Electronic check,73.26,1198.85,2,60.3,1
CUST-005245,Male,1,No,No,26,Yes,No,DSL,No,No,No,Yes,Month-to-month,No,Credit card,60.5,1348.67,1,78.2,1
CUST-005246,Female,0,No,No,10,Yes,No,Fiber optic,No,Yes,No,No,Month-to-month,Yes,Bank transfer,100.23,904.59,2,303.3,1
CUST-005247,Female,0,Yes,No,62,Yes,Yes,DSL,Yes,No,No,No internet service,Month-to-month,Yes,Credit card,72.05,4046.55,0,322.5,0
CUST-005248,Female,0,No,No,22,Yes,No,Fiber optic,No,No,Yes,Yes,Month-to-month,Yes,Bank transfer,79.85,1526.56,0,26.4,0
CUST-005249,Female,0,No,No,7,Yes,Yes,Fiber optic,No,Yes,Yes,No,Two year,Yes,Electronic check,84.58,514.23,1,113.1,0
CUST-005250,Male,0,No,No,70,Yes,No,Fiber optic,Yes,No,Yes,Yes,Month-to-month,Yes,Bank transfer,39.43,2847.7,0,138.0,1
CUST-005251,Female,0,No,No,27,Yes,No,DSL,No,Yes,No,Yes,One year,No,Mailed check,94.9,2534.37,3,128.2,1
CUST-005252,Male,1,Yes,Yes,46,Yes,No,DSL,No,No,Yes,Yes,Month-to-month,No,Bank transfer,78.93,3311.96,2,215.3,0
CUST-005253,Male,0,No,No,19,No,Yes,No,Yes,No,Yes,Yes,Month-to-month,Yes,Bank transfer,18.0,307.0,1,191.3,0
CUST-005254,Male,0,No,No,72,Yes,Yes,Fiber optic,Yes,No,Yes,No internet service,Month-to-month,Yes,Credit card,118.79,7343.6,0,42.8,1
CUST-005255,Female,0,Yes,Yes,14,Yes,Yes,No,Yes,No,No internet service,No,Month-to-month,Yes,Electronic check,68.41,882.79,0,307.7,0
CUST-005256,Female,0,No,No,23,Yes,No,No,Yes,Yes,Yes,No,One year,No,Bank transfer,41.9,877.09,1,59.0,0
CUST-005257,Male,0,No,Yes,5,No,Yes,No,Yes,No,No,No,Month-to-month,No,Electronic check,39.24,202.74,3,233.9,0
CUST-005258,Female,0,No,Yes,71,Yes,Yes,DSL,No,No,Yes,Yes,One year,Yes,Electronic check,49.35,3133.01,1,0.0,0
CUST-005259,Male,1,Yes,No,17,Yes,Yes,Fiber optic,No internet service,No,Yes,No,Two year,No,Mailed check,67.05,1061.3,1,87.5,0
CUST-005260,Female,0,Yes,Yes,38,No,No phone service,No,No,No,No internet service,No internet service,Month-to-month,Yes,Bank transfer,46.08,1727.39,0,83.5,1
CUST-005261,Male,1,Yes,No,42,No,Yes,DSL,No internet service,No,Yes,No,Two year,Yes,Electronic check,121.02,4646.88,1,371.2,0
CUST-005262,Female,1,Yes,No,63,Yes,No phone service,DSL,No,No,Yes,No,Month-to-month,Yes,Electronic check,81.13,5143.92,1,123.3,0
CUST-005263,Male,0,No,No,35,Yes,Yes,Fiber optic,No,Yes,No internet service,Yes,Month-to-month,Yes,Mailed check,156.08,5436.87,3,217.2,1
CUST-005264,Male,0,No,No,28,Yes,No,Fiber optic,No,No,No,Yes,Month-to-month,No,Electronic check,101.77,2442.39,2,250.2,1
CUST-005265,Female,0,No,No,59,Yes,No,Fiber optic,No internet service,No,No,No internet service,Two year,Yes,Mailed check,112.38,6770.64,0,238.0,1
CUST-005266,Female,1,Yes,Yes,41,Yes,Yes,DSL,No,Yes,No,No,One year,No,Electronic check,43.58,1648.76,3,135.0,0
CUST-005267,Female,0,No,No,24,Yes,Yes,Fiber optic,No,Yes,Yes,Yes,Two year,Yes,Credit card,89.96,1876.56,0,150.2,0
CUST-005268,Female,1,No,No,72,Yes,No,No,No,No,No,No internet service,One year,Yes,Electronic check,67.55,4813.33,1,240.4,0
CUST-005269,Female,1,No,Yes,43,Yes,No phone service,Fiber optic,No internet service,Yes,Yes,Yes,Month-to-month,Yes,Mailed check,113.6,4882.13,2,196.8,0
CUST-005270,Male,0,No,No,9,Yes,No,Fiber optic,No internet service,Yes,Yes,No,Two year,Yes,Electronic check,93.52,727.35,2,329.4,0
CUST-005271,Female,1,Yes,No,72,Yes,Yes,Fiber optic,Yes,Yes,No,No,Two year,Yes,Bank transfer,105.54,6996.92,1,0.0,0
CUST-005272,Male,0,No,Yes,18,Yes,Yes,Fiber optic,Yes,No internet service,Yes,No internet service,One year,Yes,Electronic check,104.47,1935.1,2,279.7,1
CUST-005273,Female,0,No,Yes,63,Yes,Yes,Fiber optic,No internet service,No,Yes,No internet service,One year,Yes,Electronic check,85.91,5325.39,1,202.9,0
CUST-005274,Female,1,No,No,7,Yes,No phone service,DSL,No,No internet service,No internet service,Yes,Two year,Yes,Electronic check,57.83,387.31,0,343.5,0
CUST-005275,Female,0,No,No,59,Yes,No,No,Yes,No,No,Yes,Month-to-month,Yes,Credit card,49.93,2801.01,1,393.0,1
CUST-005276,Male,0,Yes,No,10,Yes,No,Fiber optic,Yes,No,Yes,No internet service,Two year,No,Credit card,127.47,1238.6,2,174.0,1
CUST-005277,Female,0,Yes,No,35,Yes,No,Fiber optic,No,No,Yes,No internet service,Two year,No,Electronic check,85.93,2949.11,1,221.1,1
CUST-005278,Male,0,Yes,Yes,42,Yes,No,DSL,No internet service,Yes,No,Yes,One year,Yes,Bank transfer,79.87,2897.43,0,146.4,0
CUST-005279,Male,0,Yes,Yes,25,Yes,Yes,Fiber optic,Yes,No internet service,Yes,No,Month-to-month,Yes,Credit card,90.3,2069.82,2,275.5,0
CUST-005280,Male,0,Yes,No,30,Yes,Yes,DSL,Yes,No internet service,Yes,Yes,Month-to-month,No,Bank transfer,101.88,2919.83,0,277.6,0
CUST-005281,Male,0,No,Yes,12,No,Yes,DSL,Yes,No,No internet service,No,Two year,Yes,Bank transfer,18.0,215.15,1,151.3,1
CUST-005282,Female,0,No,No,54,Yes,No phone service,No,No internet service,No,No,No internet service,Two year,Yes,Credit card,79.09,4264.64,1,250.3,0
CUST-005283,Male,0,Yes,Yes,36,Yes,No,Fiber optic,No internet service,No,No,No,One year,Yes,Bank transfer,57.35,2005.03,1,175.0,1
CUST-005284,Female,0,No,No,14,Yes,Yes,No,No,Yes,No,No internet service,Two year,No,Electronic check,81.72,1106.69,0,105.1,0
CUST-005285,Female,1,Yes,Yes,37,Yes,No phone service,No,No,No,Yes,Yes,Month-to-month,No,Mailed check,65.6,2241.76,1,208.2,1
CUST-005286,Female,0,Yes,No,38,Yes,No,Fiber optic,No,No,No,No,Two year,No,Bank transfer,50.65,1957.27,0,232.0,0
CUST-005287,Female,0,No,Yes,32,Yes,No,DSL,No,No,Yes,Yes,Month-to-month,No,Credit card,80.13,2649.47,3,237.8,1
CUST-005288,Male,0,Yes,Yes,2,Yes,No phone service,Fiber optic,No internet service,No internet service,Yes,Yes,Month-to-month,No,Mailed check,101.73,207.37,1,101.1,1
CUST-005289,Male,1,Yes,No,22,Yes,Yes,Fiber optic,No,No,Yes,Yes,Month-to-month,No,Credit card,88.06,1984.64,1,162.4,0
CUST-005290,Male,0,No,Yes,54,Yes,No,No,No,Yes,Yes,Yes,Month-to-month,Yes,Electronic check,66.86,3725.28,2,35.5,1
CUST-005291,Female,0,Yes,No,44,Yes,No,Fiber optic,No internet service,Yes,No internet service,No,Month-to-month,No,Mailed check,99.85,3911.76,2,194.3,1
CUST-005292,Male,0,Yes,No,43,Yes,No,Fiber optic,Yes,Yes,Yes,Yes,One year,Yes,Electronic check,130.35,5340.21,2,189.6,1
CUST-005293,Female,0,No,No,36,Yes,Yes,Fiber optic,No,No,Yes,No,Month-to-month,Yes,Bank transfer,85.57,2947.78,2,54.0,1
CUST-005294,Female,0,No,No,58,Yes,Yes,DSL,No internet service,No internet service,No internet service,No,One year,No,Bank transfer,100.39,5514.57,0,51.4,0
CUST-005295,Male,0,Yes,No,18,No,No,No,Yes,No internet service,No,Yes,Month-to-month,No,Electronic check,68.88,1264.2,0,233.3,0
CUST-005296,Male,0,Yes,No,15,Yes,Yes,DSL,No,No,Yes,No,Two year,No,Bank transfer,108.87,1494.28,2,296.9,0
CUST-005297,Female,0,No,No,72,Yes,Yes,DSL,No,Yes,Yes,No,Month-to-month,Yes,Bank transfer,62.95,3998.5,3,105.9,1
CUST-005298,Male,0,No,Yes,17,Yes,No,Fiber optic,No internet service,No internet service,Yes,No internet service,One year,No,Credit card,75.01,1153.85,0,168.9,1
CUST-005299,Female,0,No,Yes,9,Yes,No,DSL,No,No internet service,No,Yes,One year,Yes,Electronic check,37.07,293.13,0,46.5,0
CUST-005300,Male,0,No,No,25,No,Yes,Fiber optic,No,No,Yes,No,Month-to-month,Yes,Bank transfer,93.99,2187.41,1,261.5,1
CUST-005301,Male,0,No,No,32,No,Yes,DSL,No,Yes,No internet service,No internet service,Month-to-month,No,Bank transfer,46.2,1291.31,1,314.8,1
CUST-005302,Female,0,Yes,No,58,Yes,Yes,DSL,No,Yes,No,No,Month-to-month,Yes,Mailed check,112.13,5642.15,1,78.1,1
CUST-005303,Male,0,No,No,22,Yes,No,No,Yes,No,No,Yes,Month-to-month,Yes,Electronic check,43.86,907.29,0,53.2,0
CUST-005304,Female,0,Yes,No,22,Yes,No,DSL,Yes,No,No internet service,No,Month-to-month,No,Electronic check,49.3,1052.29,0,162.2,0
CUST-005305,Female,0,No,No,30,Yes,Yes,DSL,Yes,No,Yes,No,Month-to-month,No,Credit card,87.43,2548.29,1,198.6,1
CUST-005306,Female,0,No,No,19,Yes,No,Fiber optic,No internet service,No,No,Yes,One year,Yes,Electronic check,130.57,2154.56,1,64.8,1
CUST-005307,Male,0,No,No,7,No,Yes,Fiber optic,No internet service,No internet service,No,Yes,Month-to-month,Yes,Electronic check,116.93,854.79,4,70.0,1
CUST-005308,Male,0,Yes,No,10,Yes,No phone service,DSL,Yes,No,No,No,Month-to-month,Yes,Bank transfer,101.76,889.74,0,273.9,0
CUST-005309,Male,0,No,No,69,Yes,No,DSL,Yes,Yes,Yes,Yes,Month-to-month,Yes,Bank transfer,67.59,4580.43,1,29.0,0
CUST-005310,Male,0,Yes,Yes,50,Yes,No,DSL,No,Yes,Yes,Yes,Month-to-month,Yes,Electronic check,68.02,3495.11,2,43.4,0
CUST-005311,Female,1,No,Yes,29,Yes,No,DSL,No,Yes,Yes,No,Month-to-month,No,Credit card,130.35,3882.12,3,165.6,0
CUST-005312,Male,0,No,No,44,No,No phone service,Fiber optic,Yes,Yes,Yes,No,One year,No,Bank transfer,145.71,6106.15,0,347.5,0
CUST-005313,Male,0,Yes,No,51,No,Yes,Fiber optic,Yes,No,No,No,One year,No,Electronic check,116.43,5376.56,2,134.0,0
CUST-005314,Female,0,Yes,Yes,17,Yes,No,Fiber optic,No,No,No internet service,Yes,Month-to-month,Yes,Credit card,128.2,2213.31,0,73.1,1
CUST-005315,Male,0,Yes,No,12,Yes,Yes,DSL,No,No internet service,No,No,Month-to-month,Yes,Bank transfer,95.76,1117.49,2,227.9,1
CUST-005316,Female,0,No,No,65,No,Yes,No,No,Yes,No internet service,Yes,Month-to-month,No,Bank transfer,33.82,2216.4,1,281.4,0
CUST-005317,Female,0,Yes,No,3,No,No,DSL,No,No,No internet service,No,One year,No,Credit card,68.81,191.98,2,302.9,0
CUST-005318,Male,1,No,No,45,Yes,No,DSL,No,No,Yes,No,Month-to-month,Yes,Electronic check,114.9,5339.65,3,214.3,1
CUST-005319,Female,1,No,No,34,Yes,Yes,DSL,No,Yes,No,Yes,Two year,Yes,Credit card,91.61,3226.62,0,233.7,0
CUST-005320,Male,0,Yes,No,60,Yes,No phone service,Fiber optic,Yes,No,No,Yes,One year,No,Credit card,93.09,5571.4,2,235.4,0
CUST-005321,Male,0,Yes,No,46,Yes,Yes,Fiber optic,Yes,Yes,Yes,No internet service,One year,Yes,Electronic check,140.26,6700.58,0,198.7,0
CUST-005322,Male,0,No,Yes,44,Yes,No,Fiber optic,No,Yes,No,No,Month-to-month,No,Bank transfer,106.08,4390.7,0,344.8,1
CUST-005323,Male,0,No,Yes,13,Yes,No,No,No,No,No,No,Two year,Yes,Mailed check,92.67,1070.83,1,186.3,1
CUST-005324,Male,0,Yes,No,52,Yes,No,Fiber optic,Yes,No,No,No internet service,Month-to-month,Yes,Bank transfer,106.24,5420.31,2,173.4,0
CUST-005325,Male,0,Yes,Yes,41,Yes,No,DSL,No,No,No,No internet service,Month-to-month,Yes,Bank transfer,86.23,3467.3,3,258.9,1
CUST-005326,Female,1,No,No,15,Yes,Yes,Fiber optic,No,No,No,Yes,Two year,Yes,Mailed check,113.38,1612.71,1,199.2,0
CUST-005327,Male,0,No,Yes,35,Yes,Yes,DSL,No internet service,Yes,Yes,No internet service,One year,No,Mailed check,108.99,3441.29,1,354.5,0
CUST-005328,Female,0,Yes,Yes,11,Yes,No,Fiber optic,No internet service,No,Yes,Yes,Month-to-month,No,Electronic check,137.9,1478.76,0,359.2,1
CUST-005329,Female,0,No,No,26,Yes,Yes,No,No,No,Yes,No internet service,Month-to-month,Yes,Credit card,56.47,1301.01,2,94.7,1
CUST-005330,Male,0,Yes,No,72,Yes,No,Fiber optic,No,No,No,No,Month-to-month,No,Mailed check,105.67,7612.92,1,253.5,0
CUST-005331,Male,0,No,No,13,Yes,Yes,No,No,No,No,No,Two year,Yes,Mailed check,108.13,1449.78,1,184.1,0
CUST-005332,Male,0,Yes,No,7,Yes,No,DSL,No internet service,Yes,No internet service,No,Month-to-month,No,Bank transfer,66.05,408.42,1,210.6,0
CUST-005333,Male,0,No,No,10,Yes,Yes,Fiber optic,No,No,No internet service,No,Month-to-month,Yes,Mailed check,55.73,565.16,1,285.7,1
CUST-005334,Male,0,No,No,26,Yes,No,DSL,Yes,No internet service,No,Yes,Month-to-month,Yes,Electronic check,42.74,988.68,1,155.4,0
CUST-005335,Female,0,Yes,No,48,Yes,No,DSL,No,No,No internet service,No,Two year,Yes,Electronic check,44.81,2043.64,4,106.8,0
CUST-005336,Male,0,No,No,31,No,No,Fiber optic,Yes,No,Yes,Yes,One year,No,Mailed check,81.25,2609.19,1,128.0,1
CUST-005337,Female,0,Yes,No,8,No,No,DSL,Yes,Yes,Yes,Yes,Month-to-month,No,Bank transfer,47.61,330.07,0,166.9,0
CUST-005338,Male,1,Yes,No,48,Yes,Yes,DSL,No,Yes,No,No,Two year,No,Electronic check,100.87,4202.55,2,0.0,0
CUST-005339,Female,0,Yes,No,4,Yes,No phone service,DSL,No,No internet service,Yes,Yes,Month-to-month,No,Credit card,61.7,257.08,1,147.6,0
CUST-005340,Female,0,No,Yes,9,Yes,Yes,DSL,No,No internet service,No,Yes,One year,No,Bank transfer,107.83,855.76,1,178.3,0
CUST-005341,Male,1,No,No,18,No,Yes,DSL,No,Yes,Yes,No,One year,Yes,Credit card,36.09,596.64,0,260.5,0
CUST-005342,Male,0,Yes,No,63,Yes,Yes,Fiber optic,No,No,No,No,Month-to-month,Yes,Bank transfer,84.4,5007.75,1,125.2,1
CUST-005343,Male,0,Yes,No,32,Yes,No,Fiber optic,No internet service,Yes,Yes,No,One year,No,Mailed check,98.13,2673.3,2,216.7,0
CUST-005344,Female,1,Yes,No,33,Yes,Yes,Fiber optic,Yes,Yes,Yes,No,Two year,Yes,Bank transfer,119.32,3495.04,0,186.2,0
CUST-005345,Female,0,No,No,8,No,Yes,DSL,Yes,No,No internet service,No,Month-to-month,Yes,Credit card,104.31,847.56,1,256.1,0
CUST-005346,Female,0,Yes,No,20,Yes,No,Fiber optic,No internet service,No internet service,No internet service,No,Month-to-month,Yes,Electronic check,78.85,1504.11,0,284.6,1
CUST-005347,Female,0,No,Yes,57,Yes,No phone service,Fiber optic,No,No,No,No,Two year,Yes,Credit card,124.8,6607.1,1,142.0,0
CUST-005348,Female,0,No,No,39,Yes,Yes,DSL,Yes,No internet service,Yes,No,Month-to-month,No,Credit card,19.54,751.82,2,285.0,0
CUST-005349,Female,1,No,No,49,Yes,Yes,Fiber optic,No,No internet service,No,Yes,Month-to-month,Yes,Electronic check,121.14,5431.03,0,268.1,1
CUST-005350,Female,0,Yes,No,29,Yes,Yes,Fiber optic,No,No,No,No,Month-to-month,Yes,Mailed check,54.77,1489.34,0,149.5,1
CUST-005351,Male,0,Yes,Yes,57,Yes,No,No,No internet service,No,Yes,No,Two year,No,Mailed check,83.4,4985.48,1,275.5,0
CUST-005352,Male,0,No,Yes,8,Yes,Yes,DSL,No,Yes,No,No internet service,One year,Yes,Mailed check,103.88,835.04,1,203.1,0
CUST-005353,Female,1,No,No,25,Yes,No,DSL,No internet service,No,No,No internet service,Two year,Yes,Electronic check,96.62,2320.73,1,244.1,0
CUST-005354,Female,0,No,No,43,Yes,No,Fiber optic,No,Yes,No,No,Month-to-month,Yes,Bank transfer,45.82,1882.48,1,231.6,0
CUST-005355,Female,0,No,Yes,6,Yes,Yes,DSL,No,No,Yes,No,Two year,No,Electronic check,56.58,345.9,2,132.9,0
CUST-005356,Female,0,No,No,1,Yes,Yes,No,No internet service,No internet service,No,Yes,Month-to-month,No,Electronic check,91.51,88.78,0,124.9,1
CUST-005357,Male,0,Yes,No,72,Yes,Yes,Fiber optic,Yes,Yes,No,No,One year,Yes,Electronic check,115.65,7642.72,0,298.5,0
CUST-005358,Female,0,No,No,32,Yes,No,Fiber optic,Yes,No,No,Yes,One year,Yes,Electronic check,103.28,3085.31,0,138.8,1
CUST-005359,Male,0,Yes,No,5,Yes,No,Fiber optic,Yes,No,No,No,Month-to-month,Yes,Bank transfer,28.95,128.35,1,0.0,0
CUST-005360,Female,0,No,Yes,32,Yes,No,No,Yes,Yes,Yes,No,One year,Yes,Bank transfer,105.94,3532.19,1,116.0,0
CUST-005361,Male,0,No,No,9,Yes,Yes,Fiber optic,No,Yes,Yes,Yes,Month-to-month,Yes,Electronic check,136.29,1202.6,0,290.6,1
CUST-005362,Female,0,Yes,Yes,13,No,Yes,DSL,Yes,No,No,Yes,Month-to-month,No,Credit card,74.91,905.41,2,311.8,1
CUST-005363,Female,0,Yes,No,65,Yes,No,DSL,No,No internet service,No,Yes,One year,Yes,Electronic check,76.86,4605.95,0,282.6,0
CUST-005364,Female,0,Yes,Yes,19,Yes,No,No,No internet service,Yes,No,No,Month-to-month,No,Credit card,85.09,1667.51,4,144.9,1
CUST-005365,Male,0,Yes,No,19,Yes,No,Fiber optic,No,No,Yes,No internet service,One year,Yes,Bank transfer,138.81,2431.9,0,149.8,1
CUST-005366,Female,0,No,Yes,9,Yes,No,DSL,No,No,Yes,Yes,Month-to-month,No,Bank transfer,77.52,698.54,1,215.1,1
CUST-005367,Male,0,Yes,No,22,Yes,Yes,No,No internet service,No,Yes,No internet service,Month-to-month,No,Credit card,64.26,1437.98,1,233.3,0
CUST-005368,Female,0,No,No,34,Yes,No,Fiber optic,Yes,Yes,No,Yes,One year,Yes,Credit card,106.45,3734.82,1,0.0,0
CUST-005369,Female,0,Yes,Yes,19,Yes,Yes,DSL,No,No internet service,Yes,Yes,Month-to-month,Yes,Mailed check,69.67,1223.88,1,99.3,0
CUST-005370,Female,0,Yes,Yes,72,Yes,Yes,Fiber optic,No internet service,No,Yes,No internet service,Two year,Yes,Electronic check,95.01,6861.51,1,189.8,0
CUST-005371,Female,0,No,Yes,12,Yes,No,Fiber optic,Yes,No internet service,No internet service,No internet service,Two year,No,Credit card,42.02,461.62,4,154.6,0
CUST-005372,Male,1,Yes,No,12,Yes,No,Fiber optic,No internet service,No internet service,No,Yes,Month-to-month,Yes,Mailed check,110.68,1379.76,1,109.1,1
CUST-005373,Male,0,No,No,22,No,No,Fiber optic,No,No internet service,No,Yes,Month-to-month,Yes,Mailed check,130.14,2440.08,0,220.0,1
CUST-005374,Male,0,No,No,72,Yes,Yes,Fiber optic,No,Yes,No,Yes,Month-to-month,Yes,Bank transfer,125.61,8718.77,1,129.9,1
CUST-005375,Female,1,No,No,50,Yes,No,DSL,No internet service,No,Yes,Yes,One year,No,Bank transfer,98.53,4689.97,3,11.5,1
CUST-005376,Female,0,No,No,18,No,No,DSL,No internet service,Yes,No internet service,No,Month-to-month,No,Bank transfer,68.41,1262.81,2,269.4,1
CUST-005377,Male,0,Yes,No,18,Yes,No,Fiber optic,Yes,No,Yes,No,Two year,No,Bank transfer,99.37,1597.75,0,170.9,0
CUST-005378,Male,0,No,No,11,Yes,Yes,DSL,No,No internet service,Yes,Yes,Two year,Yes,Electronic check,105.74,1008.99,1,210.1,0
CUST-005379,Female,1,Yes,No,21,Yes,No,No,Yes,No,Yes,Yes,Month-to-month,No,Credit card,96.02,2055.33,0,81.6,0
CUST-005380,Male,0,Yes,No,25,Yes,Yes,Fiber optic,No,No,Yes,Yes,One year,No,Mailed check,139.59,3210.66,1,91.9,0
CUST-005381,Female,0,Yes,No,48,Yes,No,Fiber optic,Yes,No,No internet service,No internet service,Month-to-month,No,Electronic check,74.82,3285.97,1,23.3,0
CUST-005382,Female,0,No,Yes,41,Yes,Yes,Fiber optic,No,Yes,Yes,No,Month-to-month,Yes,Electronic check,74.63,2665.35,2,214.7,0
CUST-005383,Female,0,Yes,No,21,Yes,No,No,No,Yes,No,Yes,Month-to-month,No,Bank transfer,60.02,1303.35,3,161.0,0
CUST-005384,Female,1,Yes,Yes,72,Yes,No,No,No internet service,Yes,No,Yes,One year,Yes,Bank transfer,41.71,2932.75,1,287.0,0
CUST-005385,Female,1,Yes,No,16,Yes,No,DSL,No internet service,No,Yes,No internet service,Month-to-month,Yes,Bank transfer,30.36,480.09,0,123.2,0
CUST-005386,Male,0,Yes,No,7,Yes,Yes,Fiber optic,Yes,No,No,Yes,Two year,Yes,Mailed check,109.06,786.0,1,91.1,0
CUST-005387,Female,0,Yes,No,35,Yes,No,DSL,No internet service,No,No,No,Month-to-month,Yes,Electronic check,82.02,2924.46,1,88.2,0
CUST-005388,Male,0,Yes,Yes,61,Yes,No,DSL,No,Yes,No,No,One year,Yes,Mailed check,77.39,4439.07,0,247.6,0
CUST-005389,Female,0,No,No,28,Yes,Yes,Fiber optic,No internet service,Yes,No internet service,No,Two year,Yes,Mailed check,105.61,2608.07,2,388.4,0
CUST-005390,Male,0,No,Yes,9,No,Yes,Fiber optic,No,No,Yes,No,One year,No,Electronic check,51.09,452.65,3,147.3,0
CUST-005391,Female,0,No,Yes,33,Yes,No,Fiber optic,No,Yes,Yes,No,Month-to-month,Yes,Mailed check,80.6,2606.93,2,234.3,0
CUST-005392,Male,0,No,No,36,Yes,No,DSL,No internet service,Yes,No,Yes,Month-to-month,Yes,Bank transfer,61.2,1893.34,0,132.5,1
CUST-005393,Female,0,No,Yes,39,Yes,Yes,No,Yes,No,No internet service,Yes,Month-to-month,Yes,Bank transfer,71.46,2870.02,6,143.7,0
CUST-005394,Female,0,Yes,No,33,Yes,Yes,Fiber optic,No,Yes,No internet service,No,Month-to-month,Yes,Electronic check,51.21,1549.66,1,74.6,1
CUST-005395,Female,1,No,No,67,Yes,Yes,No,No,No,No internet service,No,Two year,Yes,Electronic check,42.17,2643.64,4,189.9,0
CUST-005396,Male,0,Yes,No,11,Yes,Yes,DSL,Yes,Yes,No internet service,No,Month-to-month,Yes,Bank transfer,56.91,596.39,3,122.6,0
CUST-005397,Female,0,No,No,1,Yes,Yes,DSL,Yes,Yes,Yes,No,Month-to-month,Yes,Credit card,101.75,105.05,1,96.3,1
CUST-005398,Female,0,Yes,Yes,4,No,Yes,No,No,No internet service,No internet service,No internet service,One year,Yes,Electronic check,77.86,275.33,2,284.8,0
CUST-005399,Female,0,Yes,No,9,Yes,No phone service,DSL,Yes,No internet service,Yes,Yes,Month-to-month,Yes,Mailed check,100.65,836.74,0,258.3,1
CUST-005400,Male,0,Yes,No,54,No,No phone service,Fiber optic,No internet service,No,No,Yes,Two year,Yes,Mailed check,91.33,4686.4,0,287.5,1
CUST-005401,Male,0,Yes,Yes,22,Yes,No,Fiber optic,Yes,Yes,No,Yes,Month-to-month,Yes,Mailed check,95.03,2191.8,3,202.4,1
CUST-005402,Male,0,No,No,72,Yes,No,No,No,No,No,Yes,Month-to-month,No,Bank transfer,84.97,5738.38,0,108.8,0
CUST-005403,Female,0,No,No,10,No,No phone service,DSL,No,Yes,Yes,Yes,One year,No,Mailed check,64.68,601.37,2,211.3,0
CUST-005404,Male,1,No,No,72,Yes,No,Fiber optic,No,No,No,Yes,Month-to-month,Yes,Mailed check,76.26,5693.77,0,204.3,0
CUST-005405,Male,1,No,No,13,Yes,Yes,DSL,Yes,No,Yes,Yes,Two year,Yes,Electronic check,25.31,323.16,2,102.9,1
CUST-005406,Male,0,No,No,25,Yes,Yes,Fiber optic,No,No,No internet service,Yes,Month-to-month,No,Electronic check,77.06,1700.6,1,348.9,0
CUST-005407,Male,0,No,No,5,Yes,No,Fiber optic,No internet service,Yes,No,No,Month-to-month,No,Credit card,120.09,531.48,1,179.8,1
CUST-005408,Female,0,No,No,72,Yes,No phone service,No,Yes,No,Yes,No internet service,Month-to-month,Yes,Mailed check,107.82,7599.18,0,195.6,1
CUST-005409,Female,0,No,No,28,No,Yes,Fiber optic,Yes,Yes,Yes,No,Month-to-month,Yes,Electronic check,71.81,1896.77,2,195.8,1
CUST-005410,Female,0,Yes,No,72,Yes,Yes,Fiber optic,No internet service,No,No internet service,No internet service,One year,Yes,Credit card,42.99,2636.41,3,223.9,0
CUST-005411,Female,0,No,Yes,63,Yes,No,Fiber optic,No internet service,No internet service,No,No,Month-to-month,No,Mailed check,122.8,7269.94,0,156.6,0
CUST-005412,Female,0,No,No,24,Yes,Yes,No,No,No,No,No,One year,Yes,Bank transfer,72.08,1795.53,2,293.8,1
CUST-005413,Male,1,Yes,No,15,Yes,Yes,Fiber optic,No internet service,No,No,No internet service,Two year,Yes,Electronic check,54.59,818.4,1,310.6,0
CUST-005414,Female,0,Yes,No,56,Yes,No,Fiber optic,No internet service,No,No internet service,No,Month-to-month,Yes,Mailed check,18.0,969.41,0,7.1,0
CUST-005415,Female,0,No,Yes,30,Yes,No,Fiber optic,Yes,No,No,Yes,One year,Yes,Electronic check,66.1,1762.9,1,159.8,1
CUST-005416,Male,1,No,No,15,Yes,No,Fiber optic,Yes,Yes,No internet service,Yes,Month-to-month,Yes,Credit card,81.11,1115.85,0,280.4,1
CUST-005417,Male,0,Yes,Yes,32,Yes,Yes,Fiber optic,No,No,Yes,No internet service,Two year,Yes,Bank transfer,60.45,2029.84,0,221.2,0
CUST-005418,Male,0,Yes,No,3,Yes,Yes,Fiber optic,No,No,No,No,Month-to-month,Yes,Electronic check,115.76,340.95,1,82.7,0
CUST-005419,Female,0,No,No,39,Yes,Yes,Fiber optic,No internet service,No,No,No,One year,Yes,Credit card,70.62,2493.35,3,144.8,0
CUST-005420,Male,0,No,Yes,45,Yes,No,DSL,No,No,No internet service,No,Month-to-month,Yes,Credit card,70.37,3159.14,2,316.1,0
CUST-005421,Male,0,Yes,Yes,10,Yes,No,Fiber optic,Yes,No,No internet service,No,Month-to-month,No,Mailed check,166.2,1443.11,4,37.1,1
CUST-005422,Female,0,No,Yes,68,Yes,No,Fiber optic,Yes,No,No internet service,No,Month-to-month,Yes,Bank transfer,98.52,6191.23,3,191.4,0
CUST-005423,Female,0,No,Yes,58,Yes,No,DSL,No internet service,No internet service,No,Yes,Month-to-month,No,Mailed check,66.53,3456.99,0,171.4,0
CUST-005424,Male,0,Yes,Yes,37,Yes,Yes,Fiber optic,No,No,No,No,Two year,Yes,Credit card,92.21,3511.48,1,144.9,0
CUST-005425,Female,0,Yes,No,12,Yes,Yes,Fiber optic,Yes,No,No,Yes,Month-to-month,Yes,Electronic check,115.07,1376.74,1,151.5,1
CUST-005426,Male,0,Yes,Yes,47,Yes,No,No,No,No,No,Yes,Two year,Yes,Electronic check,86.35,3853.61,0,236.7,0
CUST-005427,Female,0,No,No,21,Yes,Yes,DSL,No,Yes,No,No,Month-to-month,Yes,Credit card,39.89,780.42,1,242.5,0
CUST-005428,Male,0,No,Yes,34,Yes,Yes,DSL,No,No,Yes,No,Month-to-month,Yes,Mailed check,57.67,2003.2,1,208.9,1
CUST-005429,Male,1,No,No,51,Yes,Yes,DSL,No internet service,No,Yes,Yes,Month-to-month,Yes,Mailed check,49.98,2266.27,4,236.1,1
CUST-005430,Male,1,No,No,7,Yes,No,No,Yes,Yes,No,Yes,Month-to-month,No,Mailed check,61.52,372.49,0,167.6,0
CUST-005431,Female,0,Yes,No,5,Yes,Yes,Fiber optic,No,No,No internet service,No,Two year,No,Credit card,149.8,764.24,1,304.6,1
CUST-005432,Female,1,Yes,No,20,Yes,Yes,Fiber optic,No,No,Yes,Yes,Month-to-month,No,Electronic check,113.52,2318.83,0,244.9,1
CUST-005433,Female,1,No,No,72,Yes,No,No,No,Yes,Yes,Yes,Two year,Yes,Mailed check,67.61,4374.2,1,128.7,0
CUST-005434,Male,0,No,Yes,72,Yes,No,Fiber optic,No internet service,Yes,No internet service,Yes,Month-to-month,No,Credit card,132.34,8471.1,0,225.3,0
CUST-005435,Male,0,No,No,39,Yes,Yes,DSL,No,No internet service,No,No,Month-to-month,Yes,Mailed check,75.65,2933.58,1,274.4,0
CUST-005436,Female,1,No,No,60,Yes,No,Fiber optic,No,Yes,No,No,Month-to-month,No,Bank transfer,45.86,2417.69,1,199.0,0
CUST-005437,Male,0,Yes,No,29,Yes,No,Fiber optic,No,No internet service,Yes,Yes,One year,Yes,Bank transfer,144.92,4095.02,1,93.7,0
CUST-005438,Female,0,Yes,Yes,32,Yes,Yes,DSL,No,No internet service,No,No internet service,Month-to-month,No,Mailed check,65.31,2069.47,1,16.2,1
CUST-005439,Female,1,No,Yes,25,Yes,No,DSL,No internet service,No,No,Yes,Two year,No,Credit card,18.0,438.48,0,238.8,0
CUST-005440,Female,1,Yes,No,65,Yes,Yes,DSL,No,No,Yes,No,Month-to-month,No,Bank transfer,22.01,1338.28,1,82.5,0
CUST-005441,Male,0,Yes,No,72,Yes,No,Fiber optic,No,Yes,No,No,Month-to-month,No,Bank transfer,128.83,9398.57,1,105.3,0
CUST-005442,Male,0,No,Yes,31,Yes,Yes,Fiber optic,No,Yes,No internet service,No internet service,One year,Yes,Electronic check,47.5,1525.44,0,108.2,0
CUST-005443,Male,1,Yes,No,32,Yes,Yes,DSL,Yes,Yes,No,No internet service,One year,No,Mailed check,110.48,3503.94,2,92.1,0
CUST-005444,Female,0,Yes,Yes,26,Yes,No,Fiber optic,No,No,Yes,Yes,Two year,Yes,Mailed check,97.43,2365.49,1,149.6,0
CUST-005445,Male,0,No,No,72,No,No,DSL,No,No internet service,No,No,Month-to-month,Yes,Electronic check,91.42,6905.45,1,187.3,1
CUST-005446,Male,1,Yes,No,54,Yes,Yes,DSL,No internet service,Yes,Yes,No,One year,No,Electronic check,62.3,3161.74,1,114.1,0
CUST-005447,Male,0,Yes,No,12,Yes,No phone service,Fiber optic,No,Yes,Yes,Yes,Month-to-month,Yes,Bank transfer,110.7,1160.04,2,102.6,0
CUST-005448,Male,0,No,Yes,72,Yes,Yes,Fiber optic,No,Yes,No,No,Two year,Yes,Credit card,104.5,6669.96,1,147.4,0
CUST-005449,Female,0,Yes,No,2,Yes,Yes,DSL,No,No,No internet service,Yes,Month-to-month,No,Credit card,68.84,126.62,0,159.4,1
CUST-005450,Female,0,Yes,No,72,Yes,Yes,Fiber optic,Yes,No,Yes,Yes,Two year,No,Credit card,63.04,4013.18,1,204.3,0
CUST-005451,Female,0,No,No,61,Yes,Yes,Fiber optic,No,No internet service,No,Yes,Month-to-month,Yes,Mailed check,105.76,6487.61,0,199.7,1
CUST-005452,Male,0,No,Yes,31,Yes,No,No,No,Yes,No,Yes,One year,No,Credit card,18.0,475.87,1,69.2,0
CUST-005453,Female,1,Yes,Yes,31,Yes,Yes,Fiber optic,No,No,No,Yes,Two year,Yes,Credit card,122.95,3548.99,1,257.1,0
CUST-005454,Male,0,No,Yes,27,Yes,No,DSL,No internet service,No,Yes,No,Two year,No,Credit card,75.91,2102.12,1,56.4,0
CUST-005455,Male,0,No,No,13,Yes,No,Fiber optic,No,No internet service,Yes,No internet service,Month-to-month,No,Credit card,108.93,1236.98,3,202.2,0
CUST-005456,Female,0,No,No,72,Yes,Yes,Fiber optic,No,No,No,No,Month-to-month,Yes,Electronic check,18.0,1250.92,1,167.7,1
CUST-005457,Male,0,No,Yes,30,Yes,No,DSL,No,Yes,No internet service,Yes,Two year,Yes,Credit card,36.23,1126.8,3,331.3,0
CUST-005458,Male,0,No,No,12,Yes,Yes,Fiber optic,No internet service,No,No internet service,Yes,One year,No,Electronic check,79.83,827.95,0,138.7,0
CUST-005459,Male,1,Yes,No,72,Yes,No,DSL,No,No,No internet service,Yes,One year,Yes,Mailed check,90.21,5975.18,1,184.1,0
CUST-005460,Male,0,Yes,No,42,Yes,Yes,Fiber optic,Yes,No,No internet service,No,Month-to-month,No,Bank transfer,66.72,2402.86,0,186.4,0
CUST-005461,Female,0,Yes,No,44,Yes,No phone service,DSL,No,No,Yes,No internet service,Month-to-month,No,Bank transfer,146.44,6355.99,0,233.9,1
CUST-005462,Female,0,No,No,72,Yes,Yes,DSL,Yes,No,Yes,No internet service,Month-to-month,Yes,Mailed check,62.1,4173.91,2,286.2,0
CUST-005463,Female,0,No,No,49,Yes,Yes,DSL,Yes,Yes,Yes,No internet service,One year,Yes,Credit card,39.52,2012.91,2,204.0,0
CUST-005464,Male,0,Yes,Yes,18,Yes,No,DSL,No internet service,No,No,No internet service,Month-to-month,No,Mailed check,64.39,1145.49,1,388.0,1
CUST-005465,Female,0,Yes,No,48,Yes,Yes,Fiber optic,No,Yes,No,Yes,Month-to-month,Yes,Credit card,66.47,3096.15,3,156.9,1
CUST-005466,Male,0,Yes,No,14,Yes,Yes,Fiber optic,Yes,No,No internet service,No,Two year,No,Electronic check,59.47,859.27,1,288.1,0
CUST-005467,Male,0,Yes,No,21,Yes,No,No,No,Yes,Yes,No internet service,Month-to-month,No,Electronic check,100.33,1845.52,1,201.4,1
CUST-005468,Female,0,No,No,38,Yes,Yes,DSL,Yes,Yes,Yes,No internet service,Two year,Yes,Bank transfer,85.4,3266.8,1,192.7,0
CUST-005469,Male,0,No,No,59,Yes,No,DSL,Yes,Yes,Yes,Yes,Month-to-month,No,Bank transfer,85.48,5023.2,1,71.0,1
CUST-005470,Female,0,No,No,18,Yes,No,Fiber optic,No,Yes,Yes,No,Month-to-month,Yes,Electronic check,133.3,2362.62,3,232.9,1
CUST-005471,Female,0,No,Yes,26,Yes,No phone service,Fiber optic,Yes,No,No,Yes,Month-to-month,Yes,Credit card,109.6,2785.82,2,159.9,1
CUST-005472,Female,0,No,No,26,Yes,Yes,Fiber optic,Yes,No,Yes,Yes,Month-to-month,No,Electronic check,62.98,1432.54,0,177.6,1
CUST-005473,Male,1,No,No,66,Yes,No,Fiber optic,No,No internet service,Yes,Yes,One year,Yes,Electronic check,116.26,7771.4,0,178.8,0
CUST-005474,Female,0,No,No,31,Yes,No,Fiber optic,No internet service,No,No,No internet service,Month-to-month,Yes,Bank transfer,61.2,1853.67,2,229.0,1
CUST-005475,Male,0,Yes,No,72,Yes,No,Fiber optic,Yes,Yes,Yes,No,Month-to-month,Yes,Mailed check,80.66,5832.38,0,285.5,0
CUST-005476,Female,0,Yes,Yes,21,Yes,Yes,Fiber optic,No,No,Yes,No internet service,Month-to-month,No,Mailed check,93.63,2015.78,0,163.1,0
CUST-005477,Male,0,No,No,19,Yes,Yes,DSL,Yes,No,No,Yes,One year,Yes,Credit card,65.58,1194.38,1,150.5,0
CUST-005478,Male,0,Yes,No,72,Yes,Yes,DSL,Yes,No,No internet service,Yes,Two year,Yes,Mailed check,18.0,1349.62,3,202.2,0
CUST-005479,Male,0,No,No,46,No,Yes,Fiber optic,No,Yes,No internet service,Yes,Month-to-month,Yes,Electronic check,65.97,2645.78,4,85.4,1
CUST-005480,Female,0,Yes,No,72,Yes,No,DSL,No internet service,No,Yes,No,Month-to-month,Yes,Credit card,69.32,4246.71,2,102.6,0
CUST-005481,Male,0,Yes,No,9,Yes,No,DSL,No,No,Yes,No,Month-to-month,Yes,Bank transfer,51.68,426.04,0,227.1,0
CUST-005482,Male,0,No,No,30,Yes,Yes,Fiber optic,Yes,No,No,No internet service,One year,Yes,Electronic check,128.79,3451.42,0,128.9,0
CUST-005483,Male,0,Yes,No,38,Yes,No phone service,DSL,No,No,No internet service,Yes,Month-to-month,Yes,Electronic check,108.92,3976.56,0,251.5,0
CUST-005484,Male,0,Yes,Yes,36,Yes,No,DSL,No internet service,Yes,No,No,Month-to-month,No,Mailed check,36.39,1186.92,0,170.8,0
CUST-005485,Female,0,No,No,27,Yes,No phone service,DSL,No,No,No,No internet service,One year,Yes,Credit card,71.79,1914.42,1,148.6,1
CUST-005486,Male,0,Yes,No,35,Yes,Yes,No,No,Yes,No,Yes,Month-to-month,Yes,Mailed check,117.48,4272.49,0,282.6,1
CUST-005487,Female,0,Yes,No,37,Yes,No,Fiber optic,Yes,No internet service,No,No,One year,No,Mailed check,90.97,3378.98,1,120.7,1
CUST-005488,Female,0,Yes,Yes,19,Yes,Yes,DSL,No internet service,Yes,No internet service,No internet service,Month-to-month,Yes,Mailed check,57.79,1025.61,2,180.1,0
CUST-005489,Male,0,No,No,64,Yes,No phone service,Fiber optic,No internet service,No,No,No,Two year,No,Electronic check,120.81,8095.79,3,123.0,0
CUST-005490,Female,0,No,No,72,Yes,Yes,Fiber optic,No internet service,No internet service,Yes,No,Month-to-month,No,Mailed check,86.77,6274.19,1,178.7,0
CUST-005491,Male,0,No,No,51,Yes,Yes,Fiber optic,Yes,No,No internet service,No,Month-to-month,Yes,Electronic check,133.13,6872.1,1,237.6,1
CUST-005492,Male,0,Yes,No,41,Yes,No,Fiber optic,No,Yes,No,No,Month-to-month,No,Credit card,77.16,2818.49,1,193.7,0
CUST-005493,Female,0,No,No,29,Yes,Yes,Fiber optic,Yes,Yes,Yes,No internet service,Month-to-month,No,Electronic check,80.76,2312.55,0,176.4,0
CUST-005494,Female,0,No,No,38,No,No,DSL,Yes,No,No,No,One year,Yes,Electronic check,93.7,3076.96,2,168.2,0
CUST-005495,Female,0,Yes,No,41,Yes,Yes,Fiber optic,No,Yes,No internet service,No internet service,Month-to-month,No,Bank transfer,98.02,3604.99,0,204.0,0
CUST-005496,Female,0,No,No,13,Yes,Yes,Fiber optic,No,No,No,No internet service,Month-to-month,No,Mailed check,98.25,1089.89,0,220.3,1
CUST-005497,Female,1,No,Yes,62,Yes,Yes,Fiber optic,No internet service,No,Yes,Yes,One year,No,Credit card,37.72,2317.71,1,218.9,0
CUST-005498,Male,0,Yes,No,22,Yes,Yes,Fiber optic,No,Yes,No,No internet service,Month-to-month,Yes,Electronic check,84.4,1586.01,1,195.6,0
CUST-005499,Male,1,Yes,No,72,Yes,No,DSL,Yes,No,No,No,One year,No,Electronic check,95.92,6490.8,0,127.4,0
CUST-005500,Female,0,No,No,34,Yes,No phone service,DSL,Yes,No internet service,No,No internet service,One year,Yes,Mailed check,46.49,1548.65,2,167.7,0
CUST-005501,Female,0,Yes,No,63,Yes,No phone service,DSL,No internet service,No internet service,Yes,No,Month-to-month,Yes,Mailed check,91.02,5223.91,1,140.2,1
CUST-005502,Male,0,Yes,No,51,Yes,No phone service,No,No internet service,Yes,No internet service,No internet service,One year,No,Credit card,78.04,3675.38,1,214.3,1
CUST-005503,Female,0,Yes,No,10,Yes,Yes,Fiber optic,Yes,No internet service,Yes,No internet service,Two year,Yes,Electronic check,89.01,911.12,0,156.4,0
CUST-005504,Female,0,Yes,No,72,Yes,No,Fiber optic,No internet service,No,Yes,No internet service,Two year,Yes,Credit card,135.73,10068.69,1,158.9,0
CUST-005505,Male,0,Yes,No,16,Yes,Yes,No,No,No internet service,No,No,Month-to-month,Yes,Electronic check,59.8,977.68,1,309.7,0
CUST-005506,Male,0,Yes,No,21,No,No,DSL,No,Yes,Yes,Yes,Month-to-month,No,Bank transfer,61.9,1299.79,2,171.8,1
CUST-005507,Male,0,No,No,22,Yes,No phone service,No,No,No,No internet service,Yes,Two year,Yes,Bank transfer,63.67,1268.3,1,17.3,0
CUST-005508,Male,0,Yes,No,6,Yes,Yes,DSL,No,No,No internet service,No,One year,Yes,Electronic check,72.42,375.81,0,329.5,0
CUST-005509,Female,0,No,No,36,Yes,No,DSL,No,No internet service,No,No,Month-to-month,Yes,Electronic check,93.01,3173.33,0,179.9,0
CUST-005510,Male,0,No,No,66,Yes,No,Fiber optic,No,Yes,No,No,Month-to-month,Yes,Mailed check,50.82,3471.34,2,151.8,0
CUST-005511,Female,0,Yes,No,72,Yes,No phone service,Fiber optic,Yes,No,No internet service,No,One year,No,Bank transfer,121.04,7797.07,1,151.5,0
CUST-005512,Male,0,No,Yes,27,Yes,No,DSL,No,No,No,Yes,One year,No,Credit card,72.04,1734.91,1,149.9,1
CUST-005513,Male,0,No,Yes,30,Yes,No,DSL,Yes,No internet service,No,No,Two year,No,Bank transfer,86.62,2614.04,2,290.7,0
CUST-005514,Male,0,Yes,Yes,53,Yes,No,DSL,No,No internet service,No,No,Two year,No,Mailed check,141.76,7275.61,1,129.0,0
CUST-005515,Female,0,Yes,No,27,Yes,No phone service,No,Yes,No internet service,No internet service,No,Month-to-month,Yes,Credit card,54.65,1373.54,2,128.8,1
CUST-005516,Female,0,No,No,70,Yes,No phone service,Fiber optic,Yes,No,Yes,Yes,One year,No,Mailed check,58.26,4170.09,1,164.6,0
CUST-005517,Male,0,No,Yes,29,Yes,Yes,Fiber optic,Yes,Yes,Yes,No,Month-to-month,Yes,Electronic check,100.81,2825.68,1,40.4,0
CUST-005518,Female,0,Yes,Yes,14,Yes,No phone service,No,No,No,Yes,No,Month-to-month,No,Credit card,80.57,1166.32,0,142.6,1
CUST-005519,Female,0,No,Yes,36,No,No,No,No,No internet service,Yes,No,Month-to-month,No,Mailed check,96.15,3197.0,2,267.7,1
CUST-005520,Female,0,No,No,8,Yes,Yes,No,No,No,Yes,Yes,Two year,Yes,Mailed check,53.85,404.43,2,207.4,0
CUST-005521,Male,0,No,No,36,Yes,No,DSL,No,No,No,No,Month-to-month,Yes,Credit card,45.1,1404.09,2,228.6,1
CUST-005522,Female,0,No,No,41,No,No,No,Yes,Yes,No,Yes,Month-to-month,No,Credit card,24.01,909.17,2,126.7,0
CUST-005523,Male,1,Yes,Yes,16,Yes,No,Fiber optic,No internet service,Yes,Yes,No internet service,Month-to-month,Yes,Electronic check,53.98,765.1,1,36.7,1
CUST-005524,Female,0,Yes,No,40,Yes,Yes,Fiber optic,No,No,No internet service,No,Month-to-month,No,Electronic check,82.52,2827.39,0,237.8,0
CUST-005525,Male,0,Yes,No,25,Yes,No,Fiber optic,No,No,No,No internet service,Month-to-month,Yes,Bank transfer,91.5,2061.44,1,93.2,1
CUST-005526,Male,0,Yes,No,16,Yes,No,Fiber optic,No internet service,No,Yes,No,Month-to-month,Yes,Bank transfer,156.95,2380.99,0,43.1,1
CUST-005527,Male,0,No,No,7,Yes,Yes,No,Yes,Yes,No internet service,Yes,Month-to-month,Yes,Credit card,19.22,121.03,3,112.3,1
CUST-005528,Female,0,No,No,9,Yes,No,DSL,No,No internet service,No,Yes,Month-to-month,No,Credit card,80.06,628.2,1,121.8,1
CUST-005529,Female,0,No,Yes,72,Yes,No,DSL,Yes,No,No,No,Two year,No,Electronic check,48.22,3264.73,2,81.0,0
CUST-005530,Male,0,Yes,No,24,Yes,No,Fiber optic,No internet service,No internet service,No,No internet service,One year,Yes,Electronic check,101.69,2146.56,1,182.5,0
CUST-005531,Female,0,Yes,No,41,Yes,No,DSL,No,Yes,No internet service,No internet service,Two year,No,Electronic check,53.4,1898.75,0,371.8,0
CUST-005532,Male,0,Yes,No,27,No,No phone service,Fiber optic,Yes,No,No,No internet service,Month-to-month,No,Electronic check,126.06,3546.74,1,175.9,1
CUST-005533,Male,0,Yes,No,72,Yes,No,DSL,No,No,No internet service,No,Month-to-month,No,Electronic check,100.88,6864.97,1,123.7,1
CUST-005534,Male,0,No,No,16,Yes,No,Fiber optic,No internet service,Yes,No internet service,Yes,Month-to-month,No,Bank transfer,91.61,1481.05,2,185.4,1
CUST-005535,Male,0,No,No,32,Yes,Yes,DSL,Yes,No,No internet service,No,Two year,Yes,Credit card,113.17,3202.02,1,263.4,0
CUST-005536,Male,0,No,Yes,20,Yes,No,Fiber optic,No internet service,Yes,No,Yes,Month-to-month,Yes,Bank transfer,117.8,2220.14,2,0.0,0
CUST-005537,Male,0,No,No,63,Yes,No,DSL,No internet service,Yes,No,No,Month-to-month,No,Bank transfer,111.78,6112.29,0,142.7,1
CUST-005538,Male,0,Yes,No,40,Yes,No,DSL,No internet service,No,No,No,Two year,Yes,Bank transfer,68.71,2562.35,0,202.8,0
CUST-005539,Male,0,Yes,Yes,32,Yes,No,No,Yes,No,No,Yes,Two year,No,Mailed check,98.55,3201.92,0,211.4,0
CUST-005540,Male,0,No,No,10,Yes,No phone service,No,No,No internet service,No,Yes,Month-to-month,No,Electronic check,46.95,482.93,0,137.7,0
CUST-005541,Female,0,Yes,No,72,Yes,No,Fiber optic,No,No,No,Yes,One year,No,Mailed check,68.91,4732.32,1,61.4,1
CUST-005542,Male,0,Yes,Yes,27,Yes,Yes,Fiber optic,No,No internet service,No,No,Month-to-month,No,Electronic check,160.39,3929.12,0,197.4,1
CUST-005543,Male,0,Yes,Yes,13,No,No,Fiber optic,Yes,Yes,No internet service,No,Month-to-month,Yes,Electronic check,62.42,808.83,1,111.6,1
CUST-005544,Male,0,No,Yes,7,Yes,Yes,Fiber optic,No internet service,No internet service,Yes,No internet service,Month-to-month,No,Bank transfer,81.92,560.68,2,0.0,1
CUST-005545,Male,1,No,No,8,Yes,No,Fiber optic,Yes,Yes,No,Yes,Two year,Yes,Mailed check,38.06,287.46,1,190.0,0
CUST-005546,Female,0,Yes,No,31,Yes,Yes,No,No internet service,Yes,No internet service,Yes,Month-to-month,No,Bank transfer,44.62,1307.36,1,201.4,0
CUST-005547,Female,1,No,Yes,63,Yes,Yes,No,Yes,No,No internet service,No,One year,Yes,Mailed check,40.17,2400.92,0,160.7,1
CUST-005548,Male,0,Yes,No,38,Yes,No,Fiber optic,No,No,Yes,No,Month-to-month,Yes,Bank transfer,74.89,2612.08,1,330.9,1
CUST-005549,Female,1,Yes,Yes,7,Yes,No,DSL,No,No,No internet service,Yes,One year,No,Bank transfer,79.0,527.42,2,221.3,0
CUST-005550,Male,0,Yes,Yes,31,Yes,No,No,Yes,No,No internet service,No,One year,Yes,Electronic check,86.23,2302.86,1,191.8,0
CUST-005551,Male,1,Yes,No,72,No,No,Fiber optic,No,No,Yes,No,One year,Yes,Electronic check,64.8,4497.51,3,312.3,0
CUST-005552,Female,0,No,Yes,23,Yes,No,No,Yes,No,No internet service,Yes,Two year,No,Mailed check,46.31,1011.07,1,345.3,0
CUST-005553,Female,0,Yes,No,38,Yes,No,No,Yes,Yes,No,No,One year,Yes,Bank transfer,102.51,3638.56,3,259.0,1
CUST-005554,Female,1,No,No,24,Yes,No,No,No,Yes,No,Yes,One year,No,Bank transfer,121.16,2660.06,2,139.6,0
CUST-005555,Male,1,No,No,45,Yes,Yes,DSL,No,No,Yes,No,Month-to-month,Yes,Bank transfer,107.68,4721.23,0,218.2,0
CUST-005556,Female,0,Yes,No,15,Yes,No,Fiber optic,No,No,Yes,No,Two year,Yes,Mailed check,45.61,647.89,1,252.3,0
CUST-005557,Female,0,No,No,0,Yes,No,Fiber optic,No internet service,No,No,Yes,Month-to-month,Yes,Mailed check,130.68,0.0,0,0.0,1
CUST-005558,Male,1,Yes,No,10,Yes,No,No,No,No,Yes,Yes,Month-to-month,Yes,Electronic check,125.61,1161.76,0,73.9,1
CUST-005559,Male,0,Yes,No,21,No,No,Fiber optic,No,No,No,No internet service,Month-to-month,Yes,Credit card,44.12,801.75,0,230.2,1
CUST-005560,Male,0,Yes,Yes,29,Yes,No phone service,Fiber optic,No internet service,Yes,Yes,No,Month-to-month,No,Electronic check,127.48,3422.76,1,170.4,0
CUST-005561,Male,0,No,No,22,Yes,No phone service,Fiber optic,No internet service,No,Yes,Yes,One year,Yes,Electronic check,101.76,2141.41,3,226.6,1
CUST-005562,Male,0,Yes,No,21,No,No phone service,DSL,No,No internet service,No,No,Month-to-month,No,Electronic check,60.19,1173.16,0,240.5,0
CUST-005563,Male,0,Yes,No,64,Yes,No,Fiber optic,No internet service,Yes,No,Yes,Month-to-month,No,Bank transfer,98.19,5770.64,2,99.5,1
CUST-005564,Male,0,Yes,Yes,12,Yes,No phone service,No,No internet service,No,Yes,No,Two year,No,Credit card,83.3,905.84,2,161.7,0
CUST-005565,Female,0,No,Yes,31,Yes,No,DSL,No,No,Yes,No internet service,Two year,Yes,Electronic check,104.73,3007.46,1,192.1,0
CUST-005566,Female,0,No,No,8,Yes,Yes,Fiber optic,No internet service,No,Yes,No,Month-to-month,Yes,Mailed check,128.18,885.84,0,255.9,1
CUST-005567,Female,0,No,No,51,Yes,No,Fiber optic,Yes,No,Yes,Yes,Two year,Yes,Credit card,49.79,2663.27,2,256.0,0
CUST-005568,Female,0,No,No,38,Yes,Yes,DSL,Yes,Yes,No internet service,No internet service,Month-to-month,No,Bank transfer,50.54,1845.74,0,34.2,0
CUST-005569,Female,0,Yes,No,72,Yes,No,DSL,Yes,No,No,No,Month-to-month,No,Electronic check,72.81,5122.77,1,0.0,0
CUST-005570,Female,0,Yes,No,12,Yes,No phone service,No,Yes,Yes,Yes,No internet service,Two year,Yes,Credit card,117.17,1246.6,6,128.9,0
CUST-005571,Female,0,Yes,Yes,72,Yes,No,No,No,Yes,No internet service,No internet service,One year,No,Mailed check,18.0,1340.95,1,282.3,0
CUST-005572,Female,0,Yes,No,13,Yes,Yes,Fiber optic,Yes,Yes,No internet service,No internet service,One year,Yes,Credit card,76.67,961.12,2,129.7,1
CUST-005573,Female,0,No,No,23,Yes,Yes,No,No,No internet service,No internet service,No internet service,Month-to-month,No,Electronic check,24.16,518.45,1,374.4,1
CUST-005574,Male,1,No,No,9,Yes,No,DSL,No,No internet service,No,Yes,Month-to-month,Yes,Credit card,28.92,258.35,1,62.9,0
CUST-005575,Female,0,Yes,No,72,Yes,No,DSL,Yes,Yes,No,No internet service,Month-to-month,Yes,Credit card,99.57,6530.2,0,88.6,0
CUST-005576,Female,0,No,No,42,Yes,No,DSL,No internet service,Yes,No,Yes,Two year,Yes,Bank transfer,54.04,2353.64,1,119.0,0
CUST-005577,Male,0,No,No,42,Yes,No,Fiber optic,No internet service,No,Yes,No internet service,Month-to-month,Yes,Bank transfer,24.99,927.65,1,93.0,0
CUST-005578,Male,0,No,No,14,Yes,Yes,DSL,Yes,No,No,No,Month-to-month,Yes,Credit card,65.25,928.64,2,102.4,0
CUST-005579,Male,0,Yes,No,2,No,No,DSL,No,Yes,No,No,Month-to-month,Yes,Mailed check,131.08,273.51,1,201.0,0
CUST-005580,Male,1,No,Yes,22,Yes,No,Fiber optic,No,Yes,No,Yes,One year,Yes,Credit card,40.8,851.22,2,182.4,1
CUST-005581,Female,0,No,Yes,19,Yes,Yes,DSL,No,No,Yes,Yes,Month-to-month,Yes,Bank transfer,85.99,1675.16,0,89.2,0
CUST-005582,Female,0,Yes,No,4,Yes,No phone service,Fiber optic,Yes,Yes,Yes,Yes,One year,Yes,Electronic check,142.03,491.04,1,186.4,1
CUST-005583,Female,0,Yes,Yes,24,Yes,No,DSL,Yes,No,No,Yes,Month-to-month,Yes,Electronic check,68.52,1601.85,2,120.5,0
CUST-005584,Male,0,No,No,31,No,Yes,No,Yes,No internet service,No,No internet service,Month-to-month,Yes,Bank transfer,127.84,3650.94,1,245.1,1
CUST-005585,Female,0,No,Yes,44,Yes,Yes,Fiber optic,No,No internet service,No,No,Month-to-month,No,Mailed check,75.21,3053.8,0,205.8,0
CUST-005586,Female,0,No,Yes,3,Yes,No,Fiber optic,No,No,Yes,No internet service,Month-to-month,Yes,Credit card,138.38,390.26,3,227.0,1
CUST-005587,Female,0,Yes,No,10,Yes,No,DSL,No,No,No,No,One year,Yes,Mailed check,106.3,1030.41,3,185.2,0
CUST-005588,Male,0,No,No,15,Yes,No phone service,Fiber optic,No,No,Yes,Yes,Two year,Yes,Electronic check,94.02,1372.57,1,168.1,0
CUST-005589,Female,0,No,No,66,Yes,No,Fiber optic,No,No internet service,Yes,Yes,Month-to-month,No,Mailed check,50.38,3011.61,0,196.7,1
CUST-005590,Male,0,Yes,No,65,Yes,No,DSL,No,No,Yes,Yes,Month-to-month,No,Bank transfer,39.95,2406.53,1,417.9,0
CUST-005591,Male,0,No,No,40,Yes,No,Fiber optic,Yes,No internet service,Yes,No,Month-to-month,No,Mailed check,24.67,888.18,0,133.8,0
CUST-005592,Female,0,No,No,23,Yes,No,DSL,No,No,Yes,No,Two year,No,Electronic check,87.82,1972.51,0,238.1,0
CUST-005593,Female,0,Yes,Yes,68,Yes,No phone service,Fiber optic,Yes,No,Yes,Yes,Two year,Yes,Electronic check,109.23,6465.01,2,237.4,0
CUST-005594,Male,0,Yes,No,37,Yes,No,Fiber optic,Yes,No,No internet service,No,One year,No,Electronic check,97.38,3367.71,1,392.4,0
CUST-005595,Female,0,No,No,66,Yes,No phone service,Fiber optic,No internet service,No,Yes,No internet service,Month-to-month,No,Bank transfer,91.32,6302.45,2,287.3,1
CUST-005596,Female,0,Yes,No,42,Yes,No,No,No,Yes,No internet service,Yes,Month-to-month,No,Mailed check,110.73,4872.66,0,20.7,0
CUST-005597,Female,0,Yes,No,5,Yes,Yes,DSL,No,No internet service,No,No,Two year,Yes,Mailed check,78.93,376.35,2,149.1,1
CUST-005598,Male,0,No,No,2,Yes,Yes,Fiber optic,No,No internet service,Yes,No,Month-to-month,No,Mailed check,78.36,140.97,2,0.0,0
CUST-005599,Female,1,Yes,No,21,Yes,No,Fiber optic,No,No,No,Yes,One year,Yes,Bank transfer,99.42,2018.23,4,212.2,1
CUST-005600,Female,0,Yes,No,56,Yes,No,DSL,Yes,No,No,No,Two year,Yes,Credit card,131.43,6974.83,0,203.0,0
CUST-005601,Male,0,No,No,19,Yes,Yes,DSL,Yes,Yes,Yes,Yes,One year,No,Mailed check,88.67,1446.25,0,151.5,0
CUST-005602,Female,0,No,Yes,72,Yes,No,Fiber optic,No,No,Yes,Yes,One year,Yes,Credit card,83.3,6284.58,2,206.0,0
CUST-005603,Female,0,Yes,No,52,Yes,Yes,Fiber optic,No,No,Yes,No internet service,Month-to-month,Yes,Electronic check,93.67,4458.73,2,245.1,1
CUST-005604,Male,0,Yes,No,72,Yes,Yes,DSL,Yes,Yes,No,No,Two year,No,Bank transfer,83.9,5617.16,0,130.8,0
CUST-005605,Male,1,Yes,No,22,Yes,Yes,DSL,Yes,No,Yes,Yes,Month-to-month,Yes,Credit card,57.37,1202.4,1,86.8,0
CUST-005606,Male,0,No,Yes,13,Yes,No phone service,No,Yes,Yes,No,Yes,Two year,Yes,Credit card,54.71,729.82,0,128.5,0
CUST-005607,Female,1,Yes,No,11,Yes,No phone service,DSL,No,No,Yes,No internet service,Month-to-month,No,Electronic check,69.66,773.79,1,223.4,0
CUST-005608,Male,0,Yes,Yes,44,Yes,No,DSL,No,Yes,No,No internet service,One year,Yes,Bank transfer,115.57,4531.47,3,179.6,0
CUST-005609,Female,0,No,No,6,Yes,Yes,DSL,No,No,Yes,Yes,Two year,Yes,Electronic check,93.73,558.6,0,257.2,0
CUST-005610,Male,0,No,No,6,Yes,No phone service,DSL,Yes,No,No,No,One year,No,Electronic check,57.71,354.91,3,61.4,0
CUST-005611,Male,0,No,Yes,18,Yes,Yes,DSL,No,No,No internet service,Yes,Month-to-month,No,Bank transfer,96.07,1716.91,2,259.1,0
CUST-005612,Male,1,No,No,36,Yes,Yes,Fiber optic,No,Yes,No,Yes,Month-to-month,Yes,Credit card,95.26,3010.33,1,294.5,0
CUST-005613,Male,0,No,No,15,Yes,Yes,No,Yes,No,No,No,Two year,Yes,Credit card,80.34,1154.19,0,353.6,0
CUST-005614,Male,0,Yes,Yes,65,Yes,Yes,Fiber optic,Yes,Yes,Yes,Yes,One year,Yes,Mailed check,102.61,6787.7,2,206.6,0
CUST-005615,Male,0,Yes,Yes,72,Yes,Yes,DSL,Yes,No internet service,No,Yes,Month-to-month,Yes,Electronic check,18.0,1152.3,0,193.7,0
CUST-005616,Female,0,Yes,Yes,1,Yes,Yes,DSL,No internet service,No internet service,No,No,Two year,Yes,Bank transfer,18.0,17.24,0,249.6,0
CUST-005617,Female,0,Yes,No,42,Yes,Yes,No,Yes,No internet service,Yes,Yes,Two year,No,Electronic check,76.8,3173.64,1,176.6,0
CUST-005618,Male,1,No,Yes,19,Yes,No,Fiber optic,No internet service,No,No internet service,Yes,Two year,Yes,Bank transfer,69.41,1288.63,2,105.2,0
CUST-005619,Male,0,No,No,58,Yes,No phone service,No,Yes,No internet service,No,No internet service,One year,Yes,Electronic check,20.82,1052.28,3,49.6,0
CUST-005620,Male,1,Yes,No,43,Yes,No phone service,Fiber optic,Yes,No,No internet service,No,Two year,Yes,Electronic check,70.34,2738.76,1,113.3,0
CUST-005621,Female,0,Yes,Yes,34,Yes,No,Fiber optic,Yes,Yes,No,Yes,Two year,Yes,Electronic check,122.74,4007.99,2,310.2,0
CUST-005622,Female,0,No,No,27,Yes,No,No,No,No internet service,No,Yes,Month-to-month,Yes,Electronic check,80.73,1943.88,2,208.0,1
CUST-005623,Female,0,Yes,Yes,6,Yes,No,Fiber optic,No internet service,Yes,Yes,Yes,Two year,Yes,Bank transfer,118.15,649.89,0,53.4,0
CUST-005624,Male,0,No,No,72,Yes,No phone service,DSL,No,No,Yes,No internet service,Month-to-month,No,Bank transfer,83.59,5615.53,2,185.1,1
CUST-005625,Male,1,No,No,9,Yes,Yes,DSL,No,No internet service,Yes,No internet service,Two year,No,Electronic check,42.44,325.67,0,225.6,0
CUST-005626,Female,0,No,No,72,Yes,No,No,No,Yes,No,No,One year,Yes,Mailed check,93.3,6395.47,2,265.1,0
CUST-005627,Female,0,Yes,Yes,49,Yes,Yes,DSL,Yes,Yes,Yes,Yes,One year,No,Bank transfer,87.57,4501.09,2,109.7,0
CUST-005628,Female,1,No,No,20,Yes,Yes,Fiber optic,No,Yes,Yes,No,Month-to-month,No,Electronic check,91.48,1704.47,1,170.2,1
CUST-005629,Female,0,No,No,17,Yes,No,No,No,No,No internet service,No internet service,Month-to-month,Yes,Bank transfer,71.77,1103.94,3,32.5,1
CUST-005630,Male,0,No,No,6,Yes,No,Fiber optic,Yes,No,No internet service,No,Month-to-month,Yes,Mailed check,118.77,641.81,0,226.3,1
CUST-005631,Female,0,Yes,No,31,Yes,No phone service,DSL,No,No,No,Yes,One year,Yes,Mailed check,47.52,1403.83,1,0.0,0
CUST-005632,Female,0,No,No,6,Yes,Yes,DSL,No,No,Yes,No,Two year,Yes,Credit card,102.64,579.61,1,154.2,1
CUST-005633,Male,0,No,No,67,Yes,Yes,DSL,No,No,Yes,Yes,Month-to-month,Yes,Bank transfer,86.95,5956.32,0,127.3,1
CUST-005634,Female,0,Yes,No,37,Yes,No,DSL,No,No internet service,No,No internet service,Month-to-month,Yes,Credit card,70.07,2535.08,1,333.6,1
CUST-005635,Female,0,Yes,No,29,Yes,No,No,No,No internet service,No,No internet service,One year,Yes,Electronic check,115.94,3125.92,0,299.5,0
CUST-005636,Female,0,Yes,Yes,32,Yes,Yes,DSL,No,No,No,No,Month-to-month,Yes,Credit card,31.17,924.78,1,94.4,1
CUST-005637,Female,0,No,No,38,No,No,No,Yes,No,No internet service,Yes,Month-to-month,No,Electronic check,56.19,2048.77,0,153.6,1
CUST-005638,Female,0,Yes,No,23,Yes,No,Fiber optic,No,No internet service,No,No internet service,Month-to-month,Yes,Electronic check,74.53,1543.98,2,2.1,0
CUST-005639,Female,0,Yes,Yes,25,Yes,No,Fiber optic,No internet service,No,No internet service,No internet service,One year,No,Electronic check,105.74,2470.6,0,92.2,0
CUST-005640,Female,0,No,No,72,Yes,No,DSL,Yes,No internet service,No,No,One year,No,Mailed check,105.47,6887.83,3,84.2,0
CUST-005641,Male,0,Yes,Yes,63,Yes,Yes,Fiber optic,No,No,No,Yes,Two year,No,Mailed check,65.51,3933.5,0,209.5,0
CUST-005642,Female,0,No,No,48,Yes,Yes,Fiber optic,Yes,Yes,No,No,Month-to-month,Yes,Bank transfer,194.16,8940.79,2,234.3,1
CUST-005643,Female,0,Yes,No,20,Yes,Yes,DSL,No,No,Yes,Yes,Month-to-month,Yes,Mailed check,50.12,1021.75,4,83.1,1
CUST-005644,Male,1,No,No,4,Yes,Yes,DSL,Yes,No,No internet service,No,One year,Yes,Credit card,80.82,291.03,1,297.4,1
CUST-005645,Female,0,Yes,Yes,44,Yes,No,Fiber optic,No internet service,No,Yes,Yes,Two year,No,Bank transfer,95.08,4313.01,3,353.3,0
CUST-005646,Female,0,Yes,No,32,Yes,Yes,Fiber optic,No internet service,Yes,Yes,No,Month-to-month,Yes,Electronic check,96.38,2951.85,0,120.0,0
CUST-005647,Female,0,No,Yes,25,Yes,Yes,Fiber optic,Yes,No internet service,No internet service,No internet service,Two year,No,Bank transfer,71.23,1772.44,2,112.6,0
CUST-005648,Female,0,No,Yes,28,Yes,No,Fiber optic,No internet service,No,Yes,No,One year,Yes,Bank transfer,127.03,3458.34,2,263.2,1
CUST-005649,Female,0,Yes,No,10,Yes,Yes,Fiber optic,Yes,Yes,No internet service,No internet service,Two year,No,Electronic check,69.38,704.79,2,164.5,0
CUST-005650,Female,0,Yes,No,13,Yes,No phone service,No,No,No,No internet service,No,Month-to-month,Yes,Bank transfer,18.0,229.93,0,178.4,0
CUST-005651,Male,0,Yes,No,63,No,No,Fiber optic,No internet service,No,No,No,Month-to-month,No,Electronic check,61.34,3293.32,2,193.6,0
CUST-005652,Female,1,Yes,No,2,Yes,No,No,No,No,No internet service,No internet service,Month-to-month,Yes,Mailed check,113.36,210.41,1,221.0,1
CUST-005653,Female,0,Yes,Yes,57,Yes,Yes,No,Yes,No,No internet service,No internet service,One year,No,Electronic check,107.51,6359.17,1,404.1,0
CUST-005654,Male,0,No,No,72,Yes,Yes,Fiber optic,Yes,No internet service,No,No internet service,Two year,Yes,Electronic check,34.78,2354.84,1,146.6,0
CUST-005655,Male,1,Yes,No,43,Yes,No,No,No,No internet service,No,No internet service,Month-to-month,No,Bank transfer,94.41,4123.35,2,222.1,1
CUST-005656,Male,1,Yes,No,42,Yes,Yes,Fiber optic,No internet service,Yes,No,Yes,Month-to-month,No,Mailed check,35.54,1528.28,5,62.4,1
CUST-005657,Female,0,No,Yes,13,Yes,Yes,DSL,Yes,No,Yes,Yes,Month-to-month,Yes,Electronic check,69.18,824.3,2,4.2,0
CUST-005658,Female,0,No,No,15,Yes,Yes,No,Yes,Yes,No,Yes,One year,Yes,Electronic check,33.77,517.42,1,278.7,1
CUST-005659,Female,0,Yes,No,21,Yes,No phone service,No,No internet service,No,Yes,No internet service,Two year,Yes,Credit card,96.72,1879.84,1,133.4,0
CUST-005660,Female,0,No,No,8,Yes,Yes,Fiber optic,No,No,No internet service,No internet service,Month-to-month,Yes,Bank transfer,111.64,763.68,2,237.7,1
CUST-005661,Female,0,No,Yes,14,Yes,Yes,Fiber optic,No internet service,No,No,No internet service,One year,No,Credit card,124.39,1722.06,1,225.6,1
CUST-005662,Female,0,No,No,32,Yes,No,Fiber optic,No,No,Yes,No,Month-to-month,Yes,Bank transfer,86.14,2795.32,1,247.4,0
CUST-005663,Female,0,Yes,No,20,Yes,No phone service,No,No,Yes,No internet service,No,Two year,No,Electronic check,64.26,1208.5,2,135.0,0
CUST-005664,Female,0,No,No,34,Yes,No,Fiber optic,No internet service,No internet service,No internet service,Yes,Two year,No,Bank transfer,50.02,1504.64,0,233.6,0
CUST-005665,Female,0,No,No,63,Yes,Yes,DSL,No internet service,No,No,No,Month-to-month,Yes,Electronic check,39.09,2396.04,3,331.4,0
CUST-005666,Female,0,No,No,34,Yes,No,Fiber optic,Yes,No internet service,Yes,No,One year,No,Bank transfer,123.46,4187.65,1,194.3,1
CUST-005667,Male,0,No,Yes,42,Yes,Yes,Fiber optic,No,Yes,No internet service,No,Two year,No,Mailed check,106.02,4367.99,3,276.4,0
CUST-005668,Female,0,Yes,Yes,6,Yes,No,Fiber optic,No,No,No internet service,Yes,Two year,No,Credit card,98.13,542.36,3,146.0,1
CUST-005669,Female,0,No,Yes,62,Yes,Yes,Fiber optic,Yes,No,Yes,Yes,One year,No,Mailed check,132.86,7608.73,1,159.7,0
CUST-005670,Male,0,Yes,Yes,5,Yes,Yes,DSL,Yes,No internet service,No,No,Month-to-month,Yes,Credit card,31.0,148.75,2,298.0,1
CUST-005671,Female,0,No,No,19,Yes,No,Fiber optic,No,Yes,No internet service,No internet service,One year,Yes,Electronic check,116.6,1968.85,0,134.2,1
CUST-005672,Female,0,Yes,No,10,Yes,Yes,Fiber optic,Yes,No,No internet service,Yes,One year,Yes,Electronic check,59.63,607.72,2,141.3,0
CUST-005673,Female,0,No,Yes,4,Yes,No,DSL,No internet service,Yes,No internet service,No,Month-to-month,Yes,Electronic check,114.34,398.1,0,134.3,1
CUST-005674,Male,0,No,No,33,No,Yes,Fiber optic,Yes,Yes,No,No,Two year,Yes,Credit card,111.33,3480.44,0,99.7,0
CUST-005675,Male,0,No,Yes,45,Yes,No,DSL,No,No,Yes,No,Month-to-month,Yes,Electronic check,98.94,4549.52,0,231.3,0
CUST-005676,Male,1,No,No,72,Yes,No,DSL,No,Yes,No,Yes,Two year,Yes,Credit card,48.95,3368.96,0,169.9,0
CUST-005677,Male,0,Yes,Yes,37,Yes,No,DSL,No,Yes,No,Yes,Month-to-month,Yes,Bank transfer,135.46,5023.11,3,211.7,1
CUST-005678,Male,0,No,No,14,No,No,Fiber optic,No,No,No,No,Month-to-month,Yes,Mailed check,154.96,1947.93,2,98.5,1
CUST-005679,Male,0,Yes,No,20,Yes,No,Fiber optic,No,No internet service,No,No,Month-to-month,Yes,Bank transfer,107.91,2026.8,2,128.6,1
CUST-005680,Female,0,Yes,No,4,No,Yes,No,Yes,Yes,No internet service,Yes,One year,Yes,Mailed check,105.26,417.92,2,239.1,0
CUST-005681,Male,1,No,No,21,Yes,No,No,No,Yes,No,No internet service,Two year,No,Mailed check,60.94,1315.22,0,131.9,0
CUST-005682,Male,0,No,Yes,29,Yes,No,Fiber optic,No internet service,No,Yes,Yes,Month-to-month,Yes,Credit card,56.95,1616.1,1,241.3,1
CUST-005683,Male,0,No,No,43,No,Yes,Fiber optic,No,No internet service,Yes,Yes,Month-to-month,No,Electronic check,118.87,4593.02,1,170.5,0
CUST-005684,Male,0,Yes,No,52,Yes,Yes,Fiber optic,No,No,No,No,Two year,Yes,Electronic check,67.42,3082.57,1,208.6,0
CUST-005685,Male,0,No,No,42,Yes,No,DSL,No internet service,Yes,No internet service,No,One year,No,Electronic check,109.31,4674.93,2,381.5,0
CUST-005686,Male,0,No,No,12,Yes,No,Fiber optic,No internet service,Yes,No internet service,No,Month-to-month,Yes,Bank transfer,126.44,1457.76,1,255.5,1
CUST-005687,Female,0,Yes,No,9,No,No,No,Yes,Yes,No internet service,Yes,Two year,No,Mailed check,77.06,614.99,0,304.5,1
CUST-005688,Male,0,Yes,No,50,Yes,No,Fiber optic,No internet service,No,Yes,No,Month-to-month,No,Bank transfer,100.38,4753.62,3,91.1,0
CUST-005689,Female,0,Yes,No,3,Yes,No,No,No,No,No,No internet service,Month-to-month,No,Electronic check,99.68,261.74,0,219.3,1
CUST-005690,Female,0,Yes,No,72,Yes,No,Fiber optic,No internet service,No,No,Yes,Month-to-month,No,Bank transfer,103.24,6474.45,0,316.3,1
CUST-005691,Male,0,No,Yes,15,Yes,Yes,Fiber optic,No,No,Yes,No,One year,No,Credit card,82.87,1285.25,1,232.0,1
CUST-005692,Male,0,Yes,Yes,68,Yes,No phone service,Fiber optic,Yes,Yes,Yes,No internet service,Month-to-month,No,Credit card,49.56,3231.97,0,167.3,0
CUST-005693,Female,0,No,No,18,Yes,No,Fiber optic,Yes,No,No,No,Two year,Yes,Bank transfer,123.77,2004.54,2,163.8,0
CUST-005694,Male,0,No,No,46,Yes,Yes,No,No,No,No internet service,Yes,Month-to-month,Yes,Mailed check,80.99,3823.5,0,104.4,1
CUST-005695,Male,0,Yes,Yes,10,Yes,No,DSL,Yes,No internet service,Yes,Yes,Two year,No,Electronic check,152.67,1602.69,0,150.6,0
CUST-005696,Male,0,No,Yes,30,Yes,No,Fiber optic,No,No,No,No internet service,Month-to-month,Yes,Bank transfer,92.12,2837.86,1,122.9,0
CUST-005697,Male,1,No,No,5,Yes,No,No,No,No internet service,No,No,Month-to-month,Yes,Electronic check,79.06,395.11,1,117.5,1
CUST-005698,Male,0,No,No,38,Yes,No phone service,Fiber optic,Yes,Yes,Yes,Yes,Month-to-month,No,Bank transfer,104.77,4149.92,2,232.3,0
CUST-005699,Female,0,No,No,9,Yes,No,Fiber optic,No,No,Yes,Yes,Month-to-month,Yes,Electronic check,114.52,916.79,0,143.3,1
CUST-005700,Male,0,Yes,No,11,Yes,No phone service,Fiber optic,No,No,No internet service,Yes,Month-to-month,Yes,Credit card,65.99,744.47,3,232.1,1
CUST-005701,Female,0,No,No,20,Yes,No,DSL,Yes,No,Yes,No,Two year,Yes,Electronic check,67.68,1247.74,1,187.4,0
CUST-005702,Female,0,Yes,Yes,24,Yes,No,No,Yes,Yes,No,No,Two year,Yes,Bank transfer,94.83,1949.2,0,369.9,0
CUST-005703,Male,0,No,No,43,Yes,No,Fiber optic,No,Yes,Yes,No,One year,Yes,Electronic check,85.02,3131.05,0,162.3,0
CUST-005704,Female,0,No,No,40,Yes,No,DSL,Yes,No,Yes,No,Month-to-month,No,Credit card,93.71,3326.8,3,235.7,1
CUST-005705,Female,0,No,No,33,Yes,No,Fiber optic,Yes,No,No,Yes,Two year,No,Credit card,97.9,3249.8,0,121.0,0
CUST-005706,Male,0,Yes,No,57,No,No,Fiber optic,No internet service,No,No,Yes,Month-to-month,Yes,Mailed check,107.06,6281.2,0,149.2,1
CUST-005707,Male,0,Yes,No,39,Yes,Yes,DSL,Yes,No,Yes,Yes,One year,Yes,Electronic check,104.53,3569.64,1,173.9,1
CUST-005708,Female,0,Yes,Yes,42,Yes,No,DSL,No internet service,No,No,No,One year,Yes,Bank transfer,63.18,2704.15,0,201.0,0
CUST-005709,Male,0,Yes,No,11,Yes,No,DSL,No,Yes,No,Yes,Month-to-month,No,Credit card,26.44,291.21,2,171.9,0
CUST-005710,Male,0,Yes,No,60,No,No,Fiber optic,No internet service,No,No,No,Month-to-month,No,Credit card,87.01,4492.03,1,110.6,1
CUST-005711,Male,0,Yes,No,55,Yes,Yes,Fiber optic,No,No,No,No,Two year,Yes,Bank transfer,70.23,3848.46,0,255.1,1
CUST-005712,Female,0,No,No,34,Yes,Yes,DSL,No,Yes,No,No internet service,Month-to-month,No,Electronic check,18.0,524.9,0,224.4,0
CUST-005713,Male,0,No,No,53,Yes,No,DSL,No internet service,Yes,No internet service,Yes,One year,Yes,Credit card,66.8,3195.25,0,272.0,1
CUST-005714,Female,0,No,No,29,No,No,Fiber optic,Yes,Yes,Yes,No,Two year,Yes,Mailed check,100.97,2799.85,2,182.2,0
CUST-005715,Female,0,No,No,72,Yes,Yes,Fiber optic,Yes,Yes,No,No internet service,Month-to-month,No,Electronic check,125.62,9332.94,0,302.9,0
CUST-005716,Female,0,No,No,32,Yes,Yes,DSL,No,Yes,Yes,No internet service,Month-to-month,Yes,Credit card,35.82,998.47,2,166.7,1
CUST-005717,Female,0,No,Yes,28,Yes,Yes,Fiber optic,No,No internet service,Yes,Yes,Month-to-month,No,Credit card,97.66,2514.69,1,48.0,1
CUST-005718,Male,1,No,No,40,Yes,Yes,DSL,No,No,No internet service,No,Two year,Yes,Electronic check,103.84,4009.92,0,191.7,0
CUST-005719,Male,0,No,No,72,Yes,Yes,DSL,No internet service,No,No internet service,Yes,Month-to-month,Yes,Electronic check,52.76,3791.32,2,0.0,0
CUST-005720,Male,1,Yes,No,18,Yes,No phone service,Fiber optic,Yes,No internet service,Yes,Yes,Month-to-month,Yes,Electronic check,111.09,2065.7,0,200.9,1
CUST-005721,Female,0,No,Yes,38,Yes,Yes,DSL,Yes,No,No,No,Month-to-month,Yes,Mailed check,117.93,4229.41,1,204.6,0
CUST-005722,Male,0,No,No,19,Yes,No,DSL,Yes,No,No,No internet service,Two year,Yes,Electronic check,18.0,348.22,1,0.0,0
CUST-005723,Female,0,Yes,No,28,Yes,Yes,DSL,Yes,Yes,No,Yes,Two year,No,Credit card,78.18,2130.81,0,4.9,0
CUST-005724,Female,1,Yes,Yes,14,No,Yes,No,No,Yes,No internet service,No,One year,Yes,Electronic check,104.89,1308.08,2,88.0,0
CUST-005725,Male,0,No,No,41,Yes,No,DSL,No,Yes,Yes,No,Two year,No,Credit card,59.48,2355.51,0,173.6,1
CUST-005726,Female,0,No,Yes,30,Yes,No,Fiber optic,Yes,No internet service,No,Yes,One year,No,Bank transfer,136.6,3740.58,1,62.9,0
CUST-005727,Female,0,No,No,52,Yes,Yes,Fiber optic,Yes,No,Yes,Yes,Two year,No,Credit card,114.03,5874.41,1,294.1,0
CUST-005728,Female,0,Yes,No,63,Yes,No,DSL,No,No,No internet service,No,Month-to-month,No,Electronic check,123.08,7032.24,1,78.2,0
CUST-005729,Female,0,Yes,No,70,Yes,No,Fiber optic,No,No,No,No internet service,Month-to-month,No,Electronic check,112.47,7106.08,1,256.9,1
CUST-005730,Female,0,Yes,No,20,No,No,DSL,No internet service,No,No,Yes,Two year,No,Credit card,125.58,2609.66,2,0.0,0
CUST-005731,Male,0,No,No,40,Yes,No,Fiber optic,Yes,No,Yes,No,Month-to-month,Yes,Electronic check,104.0,4292.04,1,303.1,1
CUST-005732,Male,0,Yes,No,72,Yes,No,Fiber optic,No,No,Yes,Yes,Month-to-month,Yes,Electronic check,53.97,3653.78,2,250.9,0
CUST-005733,Female,0,Yes,Yes,14,No,Yes,Fiber optic,No,No,Yes,Yes,One year,Yes,Electronic check,76.07,1068.27,3,29.7,1
CUST-005734,Female,0,No,No,32,Yes,No,No,No internet service,Yes,Yes,Yes,One year,No,Mailed check,100.55,3366.97,1,188.4,0
CUST-005735,Female,0,No,No,15,Yes,No phone service,DSL,No,Yes,No,No internet service,Month-to-month,No,Credit card,99.96,1301.08,2,229.3,0
CUST-005736,Female,0,No,No,72,Yes,Yes,DSL,Yes,No,No,No,Month-to-month,Yes,Bank transfer,60.68,4243.42,1,312.6,0
CUST-005737,Male,0,Yes,No,72,Yes,No,Fiber optic,Yes,Yes,Yes,No internet service,Month-to-month,No,Electronic check,149.13,9671.07,1,44.2,0
CUST-005738,Female,0,Yes,No,45,Yes,No,No,No,Yes,No,Yes,Month-to-month,No,Mailed check,59.38,2698.87,0,332.4,0
CUST-005739,Male,0,Yes,No,44,Yes,Yes,No,No,No,No,No internet service,Month-to-month,Yes,Credit card,83.86,3211.18,1,158.0,1
CUST-005740,Male,0,No,No,16,Yes,Yes,Fiber optic,Yes,No internet service,Yes,Yes,Month-to-month,Yes,Electronic check,108.03,1741.87,0,383.3,1
CUST-005741,Female,0,Yes,No,72,Yes,No,DSL,No,Yes,Yes,No internet service,One year,Yes,Electronic check,30.09,1928.17,2,327.4,0
CUST-005742,Female,0,No,No,23,Yes,No,No,Yes,Yes,No,Yes,Month-to-month,Yes,Electronic check,66.69,1443.58,0,0.0,0
CUST-005743,Female,1,Yes,No,17,Yes,Yes,Fiber optic,No internet service,No,No internet service,Yes,Month-to-month,Yes,Mailed check,166.41,2865.08,0,239.9,1
CUST-005744,Female,1,Yes,No,65,Yes,No phone service,Fiber optic,No internet service,Yes,Yes,No internet service,One year,Yes,Credit card,67.33,3779.14,1,163.1,0
CUST-005745,Male,0,Yes,No,21,Yes,Yes,DSL,No internet service,No,No,No internet service,Month-to-month,Yes,Credit card,88.75,1930.27,2,261.7,0
CUST-005746,Male,0,No,No,18,Yes,Yes,Fiber optic,No internet service,No,Yes,No,Month-to-month,Yes,Credit card,60.37,970.87,1,231.6,1
CUST-005747,Female,0,No,No,55,No,Yes,DSL,No internet service,No,Yes,No internet service,Month-to-month,Yes,Electronic check,42.02,2195.85,0,207.9,0
CUST-005748,Male,1,No,No,10,Yes,No phone service,DSL,Yes,No,Yes,Yes,One year,No,Credit card,27.57,274.86,1,244.6,0
CUST-005749,Male,0,Yes,No,45,Yes,Yes,Fiber optic,No,No,Yes,No internet service,Month-to-month,No,Bank transfer,123.23,4850.6,3,89.9,1
CUST-005750,Male,0,Yes,No,33,Yes,No,Fiber optic,Yes,No internet service,No,Yes,Month-to-month,No,Credit card,68.86,2208.13,2,14.0,0
CUST-005751,Female,0,Yes,No,51,Yes,No,DSL,No,No,No,No internet service,One year,No,Credit card,108.02,5250.96,1,237.0,1
CUST-005752,Female,0,No,No,42,Yes,Yes,Fiber optic,Yes,No,No,No,Two year,No,Mailed check,79.06,3211.51,0,206.8,0
CUST-005753,Female,0,Yes,No,72,Yes,No,Fiber optic,No,No,Yes,No,One year,Yes,Electronic check,98.84,6991.93,1,287.8,1
CUST-005754,Female,0,Yes,No,35,Yes,No,Fiber optic,Yes,No,No,No,Two year,No,Bank transfer,107.34,3509.46,0,232.5,1
CUST-005755,Male,0,No,No,21,Yes,No,No,No internet service,No,Yes,Yes,One year,No,Credit card,21.49,410.63,0,138.7,0
CUST-005756,Male,1,No,Yes,30,Yes,No,Fiber optic,No internet service,No internet service,Yes,Yes,Month-to-month,Yes,Electronic check,101.11,2689.83,1,208.7,1
CUST-005757,Female,0,Yes,No,41,Yes,Yes,Fiber optic,No internet service,No internet service,Yes,No,Month-to-month,No,Mailed check,105.5,4488.93,0,303.1,1
CUST-005758,Female,0,Yes,No,72,Yes,Yes,DSL,Yes,No,No,Yes,Month-to-month,Yes,Electronic check,104.2,6979.33,1,197.6,1
CUST-005759,Male,1,Yes,No,47,Yes,Yes,Fiber optic,No internet service,Yes,No,No,Month-to-month,No,Mailed check,66.21,2820.95,2,0.0,0
CUST-005760,Female,0,No,No,15,Yes,Yes,DSL,Yes,No,Yes,No internet service,Month-to-month,No,Bank transfer,45.49,587.16,2,309.5,1
CUST-005761,Female,1,No,Yes,72,Yes,No,Fiber optic,Yes,Yes,Yes,Yes,Month-to-month,Yes,Electronic check,114.79,8266.62,1,85.2,0
CUST-005762,Female,0,Yes,Yes,61,Yes,Yes,No,No,No,No,No,One year,No,Credit card,112.37,6549.98,1,126.4,0
CUST-005763,Female,0,Yes,No,14,Yes,Yes,Fiber optic,Yes,No,No internet service,No internet service,One year,Yes,Electronic check,77.22,960.27,2,86.0,0
CUST-005764,Female,0,Yes,Yes,11,Yes,No,Fiber optic,No internet service,No internet service,Yes,No,Month-to-month,Yes,Mailed check,57.94,655.66,3,197.5,1
CUST-005765,Female,1,Yes,Yes,9,Yes,No,Fiber optic,No internet service,No,No,No internet service,Month-to-month,No,Mailed check,85.5,797.77,1,145.0,1
CUST-005766,Female,0,No,No,29,Yes,No,No,No,No,Yes,Yes,Month-to-month,Yes,Electronic check,39.6,1178.42,0,238.9,1
CUST-005767,Female,0,Yes,Yes,30,No,Yes,No,No,No,Yes,No,Month-to-month,Yes,Electronic check,81.93,2365.08,4,260.0,1
CUST-005768,Female,1,No,No,17,Yes,No,Fiber optic,No internet service,No,Yes,Yes,Month-to-month,Yes,Electronic check,62.6,984.1,1,36.4,1
CUST-005769,Male,0,Yes,No,8,Yes,Yes,Fiber optic,No,No,No,Yes,Month-to-month,Yes,Bank transfer,124.19,876.64,1,0.0,1
CUST-005770,Female,0,No,Yes,11,Yes,No,Fiber optic,Yes,Yes,Yes,No,Month-to-month,No,Electronic check,101.38,1032.03,5,125.0,1
CUST-005771,Male,0,No,Yes,48,Yes,No phone service,Fiber optic,No,Yes,No,No internet service,Two year,Yes,Bank transfer,125.12,5840.35,0,262.8,0
CUST-005772,Male,0,No,Yes,24,Yes,Yes,Fiber optic,No,Yes,No internet service,No,Month-to-month,Yes,Electronic check,22.3,479.19,2,212.4,1
CUST-005773,Male,0,No,Yes,12,No,No,No,No internet service,No,Yes,No internet service,One year,No,Credit card,18.0,203.64,0,247.0,0
CUST-005774,Male,0,No,No,33,Yes,Yes,Fiber optic,No internet service,No internet service,No,No,Month-to-month,No,Bank transfer,133.78,4258.55,2,68.4,0
CUST-005775,Female,0,No,No,37,Yes,No,No,No,No,Yes,No,Month-to-month,Yes,Electronic check,48.41,1784.68,1,68.9,0
CUST-005776,Female,0,No,No,41,Yes,No,Fiber optic,Yes,Yes,No,No internet service,Month-to-month,No,Bank transfer,51.01,1815.86,1,245.8,1
CUST-005777,Female,0,No,No,32,Yes,No,No,No,No,No,Yes,Two year,No,Electronic check,63.92,2093.27,1,76.4,0
CUST-005778,Male,0,Yes,Yes,28,Yes,No,Fiber optic,No,Yes,Yes,No,Month-to-month,Yes,Electronic check,102.27,2695.24,4,208.4,1
CUST-005779,Female,0,No,No,69,Yes,Yes,Fiber optic,No,No internet service,No,No internet service,Month-to-month,Yes,Electronic check,90.26,6018.57,1,36.0,0
CUST-005780,Male,0,No,No,12,Yes,Yes,DSL,No internet service,No,No,No,Two year,Yes,Bank transfer,84.04,1046.87,3,159.6,0
CUST-005781,Male,0,No,Yes,25,Yes,Yes,Fiber optic,No internet service,No,No internet service,No,Month-to-month,No,Electronic check,104.98,2318.89,0,113.3,1
CUST-005782,Female,0,No,No,4,Yes,No,No,No,No,Yes,Yes,Month-to-month,Yes,Mailed check,78.4,322.05,2,233.2,1
CUST-005783,Female,0,No,No,22,No,No phone service,DSL,No internet service,No,Yes,No internet service,One year,No,Bank transfer,110.45,2456.38,1,30.3,0
CUST-005784,Female,0,Yes,No,34,Yes,No,No,Yes,No internet service,Yes,Yes,Month-to-month,Yes,Credit card,69.57,2480.99,1,261.4,1
CUST-005785,Male,0,No,Yes,54,Yes,Yes,No,Yes,No,No,No,Two year,Yes,Electronic check,68.69,3444.58,0,189.4,0
CUST-005786,Male,0,No,Yes,4,Yes,No phone service,Fiber optic,No,No,No,Yes,Month-to-month,No,Credit card,119.08,416.97,2,257.2,1
CUST-005787,Female,0,Yes,No,34,Yes,No,Fiber optic,No,No,No,Yes,One year,No,Bank transfer,111.58,3235.41,1,109.7,0
CUST-005788,Male,1,Yes,No,72,Yes,No,DSL,No,Yes,Yes,Yes,Month-to-month,Yes,Electronic check,42.91,3116.15,2,252.5,0
CUST-005789,Male,0,Yes,Yes,43,Yes,No,Fiber optic,Yes,Yes,Yes,No,Two year,Yes,Electronic check,92.24,3479.6,1,127.9,0
CUST-005790,Female,0,No,Yes,10,Yes,Yes,DSL,No,Yes,No internet service,Yes,Two year,Yes,Bank transfer,83.15,757.64,2,308.1,0
CUST-005791,Male,0,No,Yes,22,Yes,No phone service,Fiber optic,No,Yes,No,No internet service,Two year,No,Bank transfer,77.4,1783.51,1,32.7,0
CUST-005792,Female,0,No,Yes,44,Yes,Yes,DSL,No,No,No internet service,Yes,Two year,Yes,Electronic check,53.82,2222.45,2,34.4,1
CUST-005793,Female,0,Yes,Yes,18,Yes,No,Fiber optic,Yes,Yes,No,Yes,One year,No,Electronic check,53.26,859.15,2,172.8,0
CUST-005794,Male,0,No,No,37,No,No,Fiber optic,No,Yes,No,Yes,Month-to-month,Yes,Electronic check,18.0,666.43,1,193.4,1
CUST-005795,Male,0,Yes,Yes,35,Yes,No,No,No,No,No internet service,Yes,Month-to-month,No,Credit card,58.78,1860.36,3,196.5,1
CUST-005796,Female,0,No,No,28,Yes,Yes,No,No,No,No,Yes,Month-to-month,No,Electronic check,73.82,1976.4,1,233.1,1
CUST-005797,Female,0,No,No,9,Yes,No,Fiber optic,No,No,No,No internet service,Month-to-month,Yes,Mailed check,62.14,492.95,3,53.3,1
CUST-005798,Male,1,No,No,16,Yes,No,Fiber optic,No,No,Yes,No internet service,Month-to-month,Yes,Bank transfer,136.34,2055.22,1,335.4,1
CUST-005799,Female,1,Yes,No,72,Yes,Yes,DSL,No,Yes,Yes,Yes,One year,No,Electronic check,38.6,2422.63,1,170.9,0
CUST-005800,Male,0,No,No,21,Yes,No,Fiber optic,Yes,No,No,Yes,One year,Yes,Bank transfer,122.38,2581.76,1,247.8,0
CUST-005801,Male,0,No,Yes,23,Yes,No phone service,DSL,Yes,No internet service,Yes,No,Two year,Yes,Mailed check,82.56,1752.72,0,186.2,1
CUST-005802,Female,0,No,No,23,No,No,DSL,No,No,Yes,No,Month-to-month,No,Bank transfer,135.29,2843.32,2,266.9,1
CUST-005803,Male,0,No,No,53,No,Yes,Fiber optic,No internet service,No,Yes,No internet service,One year,Yes,Bank transfer,111.2,6180.69,1,507.6,0
CUST-005804,Male,0,Yes,No,24,No,No,Fiber optic,No,No,No,No internet service,One year,No,Electronic check,51.61,1258.43,2,88.7,0
CUST-005805,Male,1,Yes,No,29,Yes,No phone service,Fiber optic,No,No,No,Yes,Two year,Yes,Electronic check,126.63,3528.29,2,187.9,0
CUST-005806,Male,1,No,No,34,Yes,Yes,Fiber optic,No,No,Yes,No internet service,One year,Yes,Electronic check,145.93,5154.25,2,163.0,0
CUST-005807,Female,0,No,No,57,Yes,Yes,DSL,No internet service,No,No internet service,No,Month-to-month,Yes,Bank transfer,18.0,915.48,0,296.5,0
CUST-005808,Female,0,Yes,No,29,Yes,Yes,Fiber optic,No internet service,No internet service,No,No internet service,Month-to-month,No,Mailed check,114.17,3194.15,0,241.8,0
CUST-005809,Male,0,No,No,31,No,Yes,No,No internet service,Yes,Yes,No,Two year,No,Credit card,95.81,3076.46,1,271.9,0
CUST-005810,Male,0,No,No,18,Yes,No,DSL,Yes,No,Yes,No,One year,Yes,Electronic check,63.62,1103.78,1,141.6,0
CUST-005811,Male,0,Yes,No,37,Yes,Yes,Fiber optic,No,No internet service,No internet service,No,Two year,Yes,Electronic check,22.34,753.55,0,248.4,0
CUST-005812,Female,0,No,No,45,Yes,Yes,DSL,No,No internet service,Yes,Yes,One year,No,Bank transfer,61.12,2784.37,0,99.8,0
CUST-005813,Male,0,No,Yes,48,Yes,Yes,Fiber optic,Yes,Yes,Yes,No,One year,Yes,Bank transfer,77.57,3268.14,3,130.1,0
CUST-005814,Male,0,No,No,72,Yes,Yes,Fiber optic,No,No,Yes,Yes,One year,Yes,Credit card,140.89,8931.06,2,280.4,1
CUST-005815,Female,0,No,No,15,Yes,No,DSL,Yes,No,Yes,No,Two year,Yes,Electronic check,67.34,1006.32,1,263.8,0
CUST-005816,Female,0,No,No,30,Yes,No,Fiber optic,No,No,No,Yes,Two year,No,Electronic check,82.63,2141.46,2,273.3,0
CUST-005817,Male,0,Yes,No,25,Yes,No,Fiber optic,No,No internet service,No,No,Month-to-month,No,Credit card,77.4,1664.44,2,102.2,0
CUST-005818,Female,1,No,No,72,Yes,No,Fiber optic,Yes,No,Yes,No internet service,Month-to-month,No,Mailed check,104.77,6983.99,0,246.2,1
CUST-005819,Male,0,No,No,49,Yes,Yes,Fiber optic,No,No,Yes,No,Month-to-month,No,Mailed check,96.71,4404.91,1,90.9,0
CUST-005820,Female,0,Yes,Yes,6,Yes,No,DSL,Yes,No,No internet service,Yes,Month-to-month,Yes,Electronic check,46.3,262.23,3,185.2,1
CUST-005821,Male,0,Yes,No,17,Yes,Yes,No,No internet service,No internet service,No,No,Two year,No,Electronic check,77.92,1322.2,0,253.3,0
CUST-005822,Female,0,Yes,No,22,Yes,No,DSL,Yes,No,No,No,Two year,No,Credit card,53.28,1129.74,2,211.9,0
CUST-005823,Female,0,No,No,7,Yes,No phone service,No,No,Yes,Yes,Yes,Month-to-month,No,Electronic check,18.0,125.08,1,288.7,1
CUST-005824,Female,0,Yes,Yes,32,Yes,No,DSL,No,No,No internet service,Yes,Month-to-month,Yes,Credit card,90.04,2477.86,1,40.4,1
CUST-005825,Female,0,Yes,No,19,Yes,No,Fiber optic,No,No,No,Yes,Month-to-month,No,Bank transfer,112.2,1946.56,0,140.9,1
CUST-005826,Female,0,No,No,72,Yes,Yes,No,No,No internet service,Yes,No,Two year,Yes,Bank transfer,75.99,5708.25,2,62.1,0
CUST-005827,Male,0,No,No,37,No,Yes,Fiber optic,No internet service,No,No internet service,No,One year,Yes,Electronic check,81.73,2828.98,1,144.5,0
CUST-005828,Female,0,No,No,22,No,No,Fiber optic,No,Yes,No,No internet service,Month-to-month,Yes,Bank transfer,92.84,1826.96,0,178.4,1
CUST-005829,Female,0,No,Yes,12,Yes,Yes,No,Yes,No,Yes,No,Month-to-month,Yes,Electronic check,94.58,1189.89,2,182.9,1
CUST-005830,Female,0,Yes,No,28,Yes,No,DSL,No internet service,No internet service,Yes,Yes,One year,No,Bank transfer,51.05,1332.46,2,258.5,0
CUST-005831,Male,0,No,No,72,Yes,Yes,No,No,Yes,No internet service,Yes,Month-to-month,Yes,Electronic check,95.79,6522.73,1,264.3,1
CUST-005832,Male,0,No,No,25,Yes,Yes,Fiber optic,Yes,Yes,No,Yes,Two year,Yes,Electronic check,50.75,1135.33,2,134.8,0
CUST-005833,Female,0,Yes,Yes,28,Yes,No,DSL,No,Yes,No,Yes,Two year,Yes,Credit card,75.04,2061.9,1,220.9,0
CUST-005834,Female,0,Yes,No,63,Yes,No,Fiber optic,Yes,Yes,No,No internet service,Month-to-month,Yes,Electronic check,95.77,5378.7,2,330.0,0
CUST-005835,Male,0,No,No,36,Yes,Yes,Fiber optic,No,No,No internet service,No,Month-to-month,No,Electronic check,125.08,4376.75,2,325.0,1
CUST-005836,Female,0,No,Yes,52,Yes,No,No,No,Yes,Yes,Yes,Month-to-month,Yes,Mailed check,42.43,2209.75,0,182.9,0
CUST-005837,Male,0,No,No,39,Yes,No,Fiber optic,Yes,No internet service,Yes,No internet service,Month-to-month,Yes,Mailed check,70.71,2703.69,0,230.9,1
CUST-005838,Female,1,No,No,37,Yes,No,DSL,No,Yes,No,No,Month-to-month,Yes,Mailed check,28.17,904.63,0,177.4,0
CUST-005839,Female,0,No,Yes,6,Yes,No,No,Yes,Yes,Yes,No,Month-to-month,No,Bank transfer,53.0,275.36,3,0.0,1
CUST-005840,Male,0,Yes,Yes,11,Yes,No,No,No,No,Yes,Yes,Month-to-month,Yes,Electronic check,77.66,870.07,0,66.4,1
CUST-005841,Male,0,No,No,33,Yes,No phone service,Fiber optic,No internet service,No,No internet service,Yes,Two year,Yes,Electronic check,41.06,1397.02,2,134.6,0
CUST-005842,Male,0,Yes,No,14,Yes,Yes,Fiber optic,Yes,No internet service,Yes,No,Month-to-month,Yes,Mailed check,81.71,1003.42,1,140.7,1
CUST-005843,Female,1,Yes,No,28,Yes,Yes,No,No,No,Yes,No,Two year,Yes,Mailed check,88.32,2287.81,1,145.1,0
CUST-005844,Male,0,No,No,10,Yes,No,DSL,Yes,No internet service,Yes,No internet service,Month-to-month,No,Electronic check,66.91,656.3,2,113.5,0
CUST-005845,Male,0,Yes,No,63,Yes,No,DSL,No,No,No,No,Month-to-month,Yes,Electronic check,72.26,4629.96,0,176.2,0
CUST-005846,Female,0,Yes,No,15,Yes,No,Fiber optic,No internet service,Yes,Yes,No internet service,Month-to-month,Yes,Bank transfer,49.82,771.02,0,158.7,1
CUST-005847,Male,0,Yes,No,12,Yes,No,Fiber optic,Yes,No internet service,No internet service,No internet service,Month-to-month,Yes,Credit card,92.0,1092.65,1,115.2,0
CUST-005848,Female,1,No,No,8,Yes,Yes,No,Yes,No,Yes,No,Month-to-month,No,Electronic check,70.86,498.57,0,122.8,1
CUST-005849,Female,1,No,No,47,Yes,Yes,DSL,No,No,Yes,No,Two year,No,Electronic check,65.09,3070.37,1,118.8,0
CUST-005850,Female,1,No,Yes,28,Yes,Yes,DSL,No,No,No internet service,No,Two year,Yes,Credit card,74.58,2133.89,1,281.3,0
CUST-005851,Male,0,Yes,Yes,62,Yes,Yes,Fiber optic,Yes,Yes,No,Yes,Month-to-month,Yes,Electronic check,85.73,4891.21,0,227.7,0
CUST-005852,Female,0,Yes,No,19,Yes,No,Fiber optic,Yes,No,No,Yes,Month-to-month,No,Mailed check,81.32,1466.0,1,141.6,0
CUST-005853,Male,0,Yes,No,11,Yes,No,DSL,Yes,No,No internet service,No internet service,Month-to-month,Yes,Bank transfer,38.81,377.05,1,246.8,1
CUST-005854,Male,0,No,No,27,No,No,No,Yes,No,Yes,No,One year,Yes,Electronic check,99.23,2440.6,1,138.2,1
CUST-005855,Male,0,No,Yes,70,Yes,Yes,Fiber optic,No,Yes,No,Yes,Month-to-month,Yes,Electronic check,58.2,4171.63,1,159.1,0
CUST-005856,Female,0,Yes,No,6,Yes,No,Fiber optic,Yes,No,No,No,Month-to-month,Yes,Electronic check,99.74,519.3,1,155.0,1
CUST-005857,Male,0,No,No,36,Yes,Yes,DSL,Yes,No,No,Yes,Two year,Yes,Credit card,124.4,4489.38,0,283.0,0
CUST-005858,Female,1,Yes,No,38,Yes,Yes,Fiber optic,No internet service,No internet service,Yes,No,Two year,Yes,Electronic check,128.04,4230.8,0,204.3,1
CUST-005859,Female,0,No,Yes,72,Yes,No,Fiber optic,Yes,Yes,Yes,No,One year,No,Bank transfer,110.28,7213.89,1,143.2,0
CUST-005860,Male,0,No,Yes,14,Yes,No,DSL,No,No internet service,No,No internet service,Month-to-month,No,Mailed check,77.49,1048.53,1,301.0,1
CUST-005861,Female,0,No,No,5,Yes,No,Fiber optic,No,No,Yes,No,Month-to-month,Yes,Electronic check,91.17,387.76,3,163.6,1
CUST-005862,Female,0,No,No,20,Yes,No,DSL,No,No,Yes,Yes,Month-to-month,No,Electronic check,42.96,846.37,2,84.6,1
CUST-005863,Female,1,No,No,52,No,No phone service,Fiber optic,No internet service,Yes,Yes,No,One year,No,Mailed check,87.39,4149.78,2,118.9,1
CUST-005864,Female,0,Yes,Yes,29,Yes,No,DSL,No,Yes,No,No,One year,Yes,Bank transfer,87.25,2529.42,1,37.7,0
CUST-005865,Female,0,Yes,No,41,Yes,Yes,No,Yes,No internet service,No internet service,No,Month-to-month,No,Bank transfer,81.69,3500.23,2,116.2,1
CUST-005866,Female,0,No,No,11,Yes,No,No,No,No,No,Yes,Two year,No,Mailed check,93.66,961.56,4,140.2,1
CUST-005867,Male,1,No,No,24,Yes,No,DSL,No,Yes,No,Yes,Month-to-month,Yes,Electronic check,106.59,2189.79,1,78.9,1
CUST-005868,Female,1,Yes,No,30,Yes,No,DSL,No,No internet service,Yes,No,One year,No,Electronic check,65.25,1996.1,1,114.1,0
CUST-005869,Female,0,No,Yes,7,Yes,Yes,Fiber optic,Yes,No internet service,Yes,No,Month-to-month,Yes,Bank transfer,100.76,638.23,1,85.6,1
CUST-005870,Male,0,Yes,No,30,Yes,No,Fiber optic,Yes,No,Yes,Yes,Month-to-month,Yes,Electronic check,38.03,1003.62,0,264.1,0
CUST-005871,Female,0,Yes,No,22,Yes,No,Fiber optic,No internet service,Yes,No,No,Month-to-month,Yes,Electronic check,162.69,3671.58,3,33.6,1
CUST-005872,Female,0,Yes,Yes,72,Yes,No,DSL,No,No,No,Yes,One year,Yes,Bank transfer,57.58,3716.99,1,66.4,0
CUST-005873,Male,0,No,Yes,28,Yes,Yes,Fiber optic,No,No,Yes,No,Month-to-month,No,Bank transfer,114.55,3114.59,0,184.6,1
CUST-005874,Female,0,Yes,Yes,72,Yes,Yes,Fiber optic,No,No,No,No internet service,Month-to-month,No,Bank transfer,82.56,5354.9,1,34.3,0
CUST-005875,Female,0,No,No,41,Yes,No,DSL,No,No,No,No,One year,No,Electronic check,56.87,2314.07,1,192.0,1
CUST-005876,Female,0,Yes,No,26,Yes,Yes,DSL,No,No internet service,No,Yes,One year,Yes,Credit card,62.89,1602.03,1,74.9,0
CUST-005877,Male,0,Yes,Yes,72,Yes,Yes,Fiber optic,Yes,No internet service,No internet service,No,One year,Yes,Credit card,57.65,3950.63,0,219.1,0
CUST-005878,Male,0,No,No,10,Yes,No,Fiber optic,No internet service,No,Yes,No,One year,Yes,Bank transfer,20.59,197.91,3,123.9,0
CUST-005879,Male,0,Yes,No,20,Yes,Yes,DSL,Yes,No internet service,No,Yes,One year,No,Electronic check,104.79,1876.69,2,137.5,0
CUST-005880,Female,0,No,No,54,Yes,Yes,No,No,No,Yes,Yes,One year,Yes,Credit card,86.37,3984.89,5,241.5,0
CUST-005881,Male,0,No,No,2,Yes,Yes,DSL,No internet service,No,Yes,Yes,Month-to-month,Yes,Mailed check,42.52,85.91,3,183.0,0
CUST-005882,Male,0,Yes,Yes,28,Yes,No,Fiber optic,No,Yes,Yes,No internet service,Month-to-month,No,Bank transfer,108.56,3124.29,1,28.5,0
CUST-005883,Male,0,No,No,28,Yes,No phone service,No,No,Yes,Yes,Yes,Month-to-month,Yes,Mailed check,94.72,2666.89,2,186.1,0
CUST-005884,Male,0,Yes,No,35,No,No,Fiber optic,No internet service,No,Yes,No,Month-to-month,No,Mailed check,74.21,2575.47,1,156.7,0
CUST-005885,Male,0,Yes,No,24,Yes,No,Fiber optic,Yes,No,No internet service,No,Month-to-month,No,Electronic check,107.36,2433.24,1,148.7,0
CUST-005886,Female,0,No,No,53,Yes,No,Fiber optic,No,No,No,Yes,Month-to-month,Yes,Mailed check,125.2,6415.38,1,136.7,0
CUST-005887,Female,0,Yes,No,15,Yes,No,Fiber optic,No internet service,No,No,No,Month-to-month,No,Electronic check,51.85,768.66,0,98.7,1
CUST-005888,Female,1,No,Yes,58,Yes,No phone service,DSL,No,No,No,Yes,One year,No,Electronic check,86.0,4266.08,2,199.4,0
CUST-005889,Male,0,Yes,No,11,Yes,Yes,DSL,No,No internet service,No internet service,No internet service,One year,Yes,Credit card,80.93,832.14,0,120.7,0
CUST-005890,Male,0,No,No,37,Yes,No,No,No internet service,No,Yes,No,One year,Yes,Credit card,126.41,4185.89,1,340.6,1
CUST-005891,Male,0,Yes,Yes,67,Yes,No,DSL,No,No internet service,Yes,No,Two year,Yes,Mailed check,86.71,5361.66,1,333.7,0
CUST-005892,Male,0,Yes,Yes,14,Yes,No,Fiber optic,No internet service,No,No,No,Month-to-month,No,Mailed check,82.67,1157.25,3,174.0,1
CUST-005893,Male,0,No,Yes,17,Yes,No,DSL,No,No,No internet service,Yes,Month-to-month,No,Electronic check,61.14,959.08,1,254.3,1
CUST-005894,Female,1,No,No,59,Yes,No phone service,DSL,Yes,No,Yes,No,Month-to-month,Yes,Credit card,130.7,7694.59,3,156.6,1
CUST-005895,Female,0,No,No,33,Yes,Yes,DSL,No internet service,Yes,No,Yes,Month-to-month,Yes,Electronic check,59.35,2045.6,0,139.6,0
CUST-005896,Male,0,No,No,5,Yes,No,Fiber optic,No internet service,No,No,No internet service,Month-to-month,Yes,Electronic check,112.58,582.44,2,180.8,1
CUST-005897,Female,1,No,No,34,Yes,Yes,DSL,No,No,No internet service,No internet service,Two year,Yes,Bank transfer,62.85,2170.07,0,95.6,0
CUST-005898,Male,1,Yes,No,46,Yes,No,DSL,Yes,Yes,No,Yes,Month-to-month,No,Credit card,102.44,4809.2,2,101.3,1
CUST-005899,Male,0,No,No,61,Yes,Yes,Fiber optic,No internet service,No internet service,No internet service,No internet service,Month-to-month,No,Credit card,128.92,7304.09,2,359.7,1
CUST-005900,Female,0,Yes,No,36,Yes,Yes,No,No,No,Yes,No,Month-to-month,No,Credit card,69.32,2486.33,2,174.0,1
CUST-005901,Female,0,Yes,No,42,Yes,No,Fiber optic,Yes,No internet service,Yes,Yes,Month-to-month,Yes,Electronic check,82.8,3419.76,2,226.3,1
CUST-005902,Female,0,Yes,Yes,72,Yes,No,Fiber optic,No,No internet service,No,Yes,One year,No,Credit card,82.08,6185.16,0,244.5,0
CUST-005903,Female,0,No,Yes,55,Yes,Yes,DSL,No internet service,Yes,No,No,One year,Yes,Electronic check,18.18,965.0,0,100.4,0
CUST-005904,Female,0,Yes,No,23,Yes,No,No,No,Yes,No,Yes,One year,Yes,Bank transfer,73.02,1571.83,0,54.0,0
CUST-005905,Female,0,Yes,Yes,26,Yes,Yes,DSL,No,Yes,Yes,No,One year,Yes,Bank transfer,72.41,1915.57,2,322.5,0
CUST-005906,Female,0,No,Yes,66,Yes,No,DSL,No,Yes,Yes,Yes,Month-to-month,No,Mailed check,45.52,3003.8,1,198.7,0
CUST-005907,Female,0,Yes,Yes,36,Yes,No phone service,No,No,No,No,No internet service,Month-to-month,Yes,Bank transfer,18.0,566.98,0,180.9,0
CUST-005908,Female,0,Yes,No,32,Yes,No,Fiber optic,No,Yes,Yes,No internet service,One year,Yes,Electronic check,101.19,3138.48,1,216.3,0
CUST-005909,Male,0,Yes,No,23,Yes,No,Fiber optic,Yes,No,Yes,No,Month-to-month,Yes,Electronic check,104.98,2338.36,2,216.7,1
CUST-005910,Female,1,Yes,No,64,Yes,Yes,DSL,No,No,No,No,Month-to-month,Yes,Electronic check,81.84,5113.72,1,270.4,0
CUST-005911,Male,0,No,No,14,Yes,Yes,Fiber optic,No internet service,No,No,Yes,Month-to-month,Yes,Credit card,65.3,949.24,2,257.6,1
CUST-005912,Male,1,No,No,20,Yes,No,DSL,Yes,No internet service,No,No internet service,One year,Yes,Electronic check,81.9,1589.59,4,179.2,0
CUST-005913,Female,1,Yes,No,64,Yes,Yes,No,No,Yes,No,No internet service,Month-to-month,Yes,Electronic check,64.64,4236.43,1,180.6,0
CUST-005914,Male,0,Yes,No,63,No,Yes,Fiber optic,Yes,No internet service,Yes,No,Two year,Yes,Mailed check,120.93,7022.14,2,301.9,1
CUST-005915,Female,0,No,No,72,Yes,No,Fiber optic,No internet service,No,No,Yes,Month-to-month,Yes,Mailed check,65.76,4078.56,1,40.9,1
CUST-005916,Male,0,Yes,No,28,Yes,Yes,Fiber optic,Yes,No,No internet service,No,Month-to-month,Yes,Electronic check,129.51,3354.37,1,188.9,1
CUST-005917,Male,0,Yes,No,23,Yes,No,DSL,No,Yes,Yes,No,Month-to-month,No,Credit card,115.3,2536.62,0,74.9,1
CUST-005918,Male,0,No,No,25,Yes,No,DSL,No,No,Yes,No internet service,Month-to-month,Yes,Electronic check,73.48,1867.67,1,30.4,0
CUST-005919,Female,0,No,No,6,Yes,No,No,No,No,No,No internet service,Month-to-month,Yes,Electronic check,82.11,481.02,4,113.2,1
CUST-005920,Male,1,Yes,No,3,Yes,Yes,DSL,Yes,No,No,No,One year,No,Mailed check,93.52,263.28,3,78.4,1
CUST-005921,Female,0,Yes,No,36,Yes,No phone service,No,No internet service,No,No internet service,Yes,Month-to-month,Yes,Electronic check,39.23,1330.86,2,231.1,0
CUST-005922,Male,0,No,Yes,21,Yes,No phone service,Fiber optic,Yes,Yes,No,No,Month-to-month,Yes,Credit card,80.41,1771.96,0,7.0,0
CUST-005923,Male,0,Yes,No,15,Yes,No,Fiber optic,No,No,No,No internet service,Month-to-month,Yes,Mailed check,100.53,1324.34,0,287.1,1
CUST-005924,Male,0,Yes,Yes,31,Yes,Yes,Fiber optic,Yes,No,No,Yes,Month-to-month,No,Bank transfer,155.81,4304.04,1,145.6,1
CUST-005925,Female,0,No,Yes,37,Yes,Yes,DSL,No,Yes,No,No,Two year,No,Mailed check,34.12,1230.84,3,252.3,0
CUST-005926,Female,0,Yes,Yes,26,Yes,No phone service,Fiber optic,Yes,No,No,No internet service,Month-to-month,Yes,Credit card,144.13,3711.0,1,121.0,1
CUST-005927,Male,0,No,Yes,27,Yes,No,Fiber optic,No,No,Yes,Yes,One year,Yes,Mailed check,89.2,2237.47,0,112.6,1
CUST-005928,Male,0,No,Yes,21,Yes,Yes,Fiber optic,No,No internet service,No,Yes,Month-to-month,Yes,Credit card,93.97,1689.99,1,145.7,1
CUST-005929,Male,0,Yes,No,49,Yes,Yes,Fiber optic,No,No,No,No internet service,Month-to-month,Yes,Credit card,131.54,6151.62,2,141.9,1
CUST-005930,Female,0,Yes,Yes,19,Yes,No phone service,DSL,Yes,No internet service,No internet service,No internet service,Two year,Yes,Mailed check,130.64,2181.56,4,147.8,0
CUST-005931,Male,0,No,Yes,12,Yes,No phone service,No,No,Yes,Yes,No,Month-to-month,Yes,Credit card,82.69,854.51,1,106.3,1
CUST-005932,Female,0,Yes,No,20,Yes,Yes,Fiber optic,Yes,Yes,Yes,No internet service,Two year,No,Electronic check,129.94,2388.22,2,170.6,0
CUST-005933,Male,0,Yes,No,35,Yes,No,DSL,No internet service,Yes,Yes,No,Month-to-month,Yes,Credit card,42.39,1301.38,1,200.9,0
CUST-005934,Male,0,No,No,51,Yes,No,Fiber optic,No,No internet service,Yes,Yes,Month-to-month,No,Electronic check,79.12,3783.94,3,219.8,0
CUST-005935,Female,0,Yes,No,72,Yes,No,Fiber optic,Yes,No,No internet service,Yes,Two year,Yes,Electronic check,54.43,3927.88,1,288.7,0
CUST-005936,Female,0,No,No,31,Yes,No,Fiber optic,No,Yes,No,No internet service,Month-to-month,No,Mailed check,79.53,2118.88,1,189.6,1
CUST-005937,Male,0,No,No,72,Yes,No,DSL,No internet service,Yes,No,No,Two year,No,Electronic check,86.96,5947.73,0,236.0,0
CUST-005938,Female,0,No,No,17,Yes,No,DSL,Yes,No internet service,No,Yes,Two year,No,Mailed check,76.36,1232.5,0,307.5,0
CUST-005939,Male,0,Yes,No,15,Yes,No,DSL,Yes,No internet service,Yes,No,Month-to-month,No,Mailed check,121.81,1553.77,0,110.7,0
CUST-005940,Female,0,No,No,41,Yes,No,No,No,Yes,Yes,Yes,Month-to-month,No,Bank transfer,131.64,5384.61,1,236.0,1
CUST-005941,Male,0,No,No,45,Yes,No,Fiber optic,Yes,Yes,Yes,Yes,Two year,No,Electronic check,90.9,3550.53,2,116.3,0
CUST-005942,Female,0,No,Yes,34,Yes,No,DSL,No,No internet service,No internet service,No,Month-to-month,No,Electronic check,49.61,1748.14,0,118.3,1
CUST-005943,Female,0,No,No,72,Yes,Yes,DSL,No internet service,No,Yes,No,One year,Yes,Bank transfer,104.8,7378.71,1,186.1,0
CUST-005944,Male,0,No,No,18,Yes,No,Fiber optic,No,Yes,Yes,No,Month-to-month,Yes,Electronic check,132.93,2171.51,2,0.0,0
CUST-005945,Male,0,Yes,Yes,72,Yes,No,Fiber optic,No internet service,No internet service,No internet service,No,Month-to-month,Yes,Bank transfer,108.24,8066.29,2,154.8,1
CUST-005946,Female,0,Yes,No,15,Yes,No phone service,Fiber optic,Yes,No,No internet service,No,Month-to-month,No,Mailed check,116.17,1620.69,1,110.6,1
CUST-005947,Male,0,No,No,48,Yes,No,Fiber optic,No internet service,Yes,No,Yes,One year,Yes,Bank transfer,111.47,4826.68,3,47.2,1
CUST-005948,Male,1,Yes,Yes,30,Yes,Yes,Fiber optic,No,No,Yes,No,One year,No,Credit card,65.34,1816.83,1,240.1,1
CUST-005949,Female,0,No,No,36,Yes,Yes,Fiber optic,No internet service,No,Yes,No,One year,Yes,Bank transfer,58.44,2045.7,2,113.8,1
CUST-005950,Female,0,Yes,No,41,Yes,No phone service,No,No internet service,No,Yes,No,Month-to-month,Yes,Electronic check,68.47,2792.57,2,225.2,0
CUST-005951,Female,0,Yes,No,31,Yes,No,No,No,No,No internet service,No,Month-to-month,Yes,Bank transfer,63.97,1948.17,0,247.7,1
CUST-005952,Male,0,Yes,Yes,27,Yes,Yes,DSL,Yes,Yes,No internet service,Yes,Month-to-month,Yes,Electronic check,78.31,2186.73,1,255.8,0
CUST-005953,Female,0,Yes,No,5,Yes,No,DSL,No,No,No,Yes,Month-to-month,Yes,Electronic check,66.06,343.94,2,390.8,1
CUST-005954,Male,1,No,Yes,57,Yes,Yes,No,No,No,No internet service,No,Month-to-month,Yes,Electronic check,18.9,958.27,1,123.3,1
CUST-005955,Female,0,Yes,No,9,Yes,Yes,Fiber optic,No internet service,No,No,Yes,One year,Yes,Electronic check,31.63,293.96,0,73.0,1
CUST-005956,Male,1,No,Yes,22,Yes,Yes,DSL,No,Yes,Yes,Yes,Month-to-month,No,Credit card,92.12,1765.94,0,372.0,0
CUST-005957,Male,0,Yes,No,38,Yes,No,DSL,No,No internet service,No,No,Month-to-month,Yes,Electronic check,50.12,1983.22,0,153.6,0
CUST-005958,Female,0,No,Yes,11,Yes,No,No,No,No,No internet service,No,One year,Yes,Electronic check,63.04,625.35,2,161.5,0
CUST-005959,Male,0,No,No,27,No,Yes,DSL,No,No internet service,No internet service,Yes,Month-to-month,Yes,Bank transfer,53.26,1298.78,1,258.1,0
CUST-005960,Male,0,Yes,No,52,Yes,No,Fiber optic,No,No,Yes,No internet service,Two year,No,Bank transfer,67.61,3284.7,3,176.2,1
CUST-005961,Male,0,No,No,21,Yes,No,DSL,Yes,No internet service,No internet service,No,Month-to-month,Yes,Credit card,41.8,778.12,0,160.4,0
CUST-005962,Female,0,Yes,No,27,Yes,Yes,Fiber optic,No,Yes,No,No,Month-to-month,No,Credit card,125.6,3443.78,1,260.7,0
CUST-005963,Female,0,No,No,13,Yes,Yes,Fiber optic,No,No internet service,No,No,Two year,No,Bank transfer,87.83,998.96,1,65.3,1
CUST-005964,Male,0,Yes,No,23,Yes,No,DSL,No,No,No,No,One year,Yes,Electronic check,89.04,1920.72,1,74.6,0
CUST-005965,Female,1,Yes,No,9,Yes,No,DSL,Yes,No,Yes,No,Two year,No,Bank transfer,93.07,863.98,2,178.4,0
CUST-005966,Male,0,Yes,No,34,Yes,Yes,Fiber optic,No,Yes,No,No,Month-to-month,Yes,Bank transfer,104.5,3471.46,3,8.2,1
CUST-005967,Female,0,Yes,No,7,No,No,Fiber optic,Yes,No internet service,No,No,Month-to-month,Yes,Mailed check,119.06,809.62,2,26.7,1
CUST-005968,Male,0,No,No,18,Yes,No,DSL,No,No,No internet service,No,One year,Yes,Electronic check,70.43,1329.76,2,329.3,0
CUST-005969,Female,0,No,Yes,31,Yes,Yes,Fiber optic,No,No,No internet service,No,Month-to-month,No,Electronic check,135.91,3600.35,3,36.6,0
CUST-005970,Female,0,No,No,25,Yes,No,No,No,No,Yes,No,One year,Yes,Electronic check,94.7,2163.85,2,132.1,0
CUST-005971,Male,0,No,No,39,Yes,Yes,DSL,Yes,Yes,Yes,No,Month-to-month,No,Credit card,98.69,3367.92,1,250.5,0
CUST-005972,Male,0,No,No,27,No,Yes,DSL,No internet service,Yes,Yes,No internet service,Month-to-month,Yes,Bank transfer,41.84,1002.04,2,266.4,0
CUST-005973,Female,0,No,No,5,No,No,Fiber optic,Yes,No internet service,Yes,No internet service,Month-to-month,Yes,Mailed check,102.9,459.54,1,216.0,0
CUST-005974,Male,0,No,No,11,Yes,No,No,No,Yes,No,Yes,One year,No,Mailed check,18.0,193.12,0,132.7,1
CUST-005975,Female,0,No,Yes,30,Yes,No,No,No,No,No,No,Month-to-month,Yes,Electronic check,112.03,3039.69,0,101.4,1
CUST-005976,Female,0,Yes,Yes,62,Yes,Yes,Fiber optic,No,No,Yes,No,Two year,No,Mailed check,76.3,4649.42,1,152.7,0
CUST-005977,Female,0,No,No,55,Yes,No,DSL,Yes,No,Yes,Yes,Month-to-month,No,Credit card,55.46,3042.96,0,204.4,0
CUST-005978,Female,0,Yes,Yes,72,Yes,Yes,DSL,Yes,Yes,No,No,Month-to-month,Yes,Bank transfer,28.98,1941.24,0,56.0,1
CUST-005979,Female,0,Yes,No,19,Yes,No,Fiber optic,Yes,No,No internet service,Yes,Month-to-month,Yes,Electronic check,93.91,1708.07,2,231.6,1
CUST-005980,Male,0,Yes,Yes,51,Yes,No,DSL,Yes,Yes,No,No,One year,Yes,Bank transfer,61.95,2769.11,2,180.4,0
CUST-005981,Male,0,No,No,49,Yes,No phone service,No,Yes,No internet service,Yes,No,Two year,Yes,Bank transfer,124.68,6112.59,1,119.9,1
CUST-005982,Female,0,No,Yes,72,Yes,No,DSL,No internet service,No internet service,No,Yes,Month-to-month,No,Mailed check,95.78,6439.6,3,232.9,0
CUST-005983,Male,1,Yes,No,69,Yes,Yes,No,Yes,No internet service,No internet service,No internet service,Month-to-month,No,Electronic check,54.56,3828.4,2,299.6,0
CUST-005984,Male,0,No,No,36,Yes,No,Fiber optic,No,Yes,No internet service,No internet service,One year,Yes,Credit card,45.01,1547.94,2,193.2,1
CUST-005985,Male,0,No,Yes,45,Yes,No phone service,No,No,No,No internet service,No,Month-to-month,Yes,Electronic check,18.0,801.38,0,188.4,0
CUST-005986,Female,0,No,No,39,Yes,Yes,No,Yes,No internet service,No internet service,No internet service,One year,Yes,Credit card,39.21,1409.57,2,143.6,0
CUST-005987,Male,0,Yes,No,29,Yes,Yes,Fiber optic,No,No,No,Yes,One year,No,Electronic check,55.06,1476.05,1,29.2,0
CUST-005988,Male,0,Yes,Yes,43,Yes,No,Fiber optic,No,No internet service,No internet service,Yes,Month-to-month,No,Electronic check,105.46,4250.39,0,99.1,1
CUST-005989,Male,0,No,No,34,Yes,No,DSL,No internet service,No,No internet service,Yes,One year,No,Mailed check,65.65,2181.28,1,175.6,0
CUST-005990,Male,0,Yes,No,33,No,Yes,No,Yes,No internet service,No,Yes,One year,Yes,Electronic check,70.52,2213.84,3,52.9,0
CUST-005991,Male,0,Yes,No,72,Yes,Yes,Fiber optic,Yes,Yes,Yes,No,Month-to-month,Yes,Credit card,66.53,4842.33,0,120.0,0
CUST-005992,Female,0,Yes,No,37,Yes,Yes,Fiber optic,Yes,Yes,Yes,No,Month-to-month,Yes,Mailed check,99.56,3171.56,0,76.6,0
CUST-005993,Male,0,No,No,31,Yes,No,DSL,No,No,No,No internet service,Month-to-month,No,Bank transfer,27.39,874.58,2,186.2,0
CUST-005994,Female,0,Yes,No,26,Yes,No phone service,Fiber optic,Yes,No internet service,No,No,One year,No,Bank transfer,92.35,2485.66,0,236.6,0
CUST-005995,Female,0,No,No,24,Yes,No,DSL,No,Yes,No,No internet service,One year,Yes,Bank transfer,94.91,2047.3,0,239.6,0
CUST-005996,Female,0,No,Yes,10,Yes,Yes,DSL,No,No internet service,Yes,No,Month-to-month,Yes,Bank transfer,59.04,513.71,2,308.8,1
CUST-005997,Male,1,No,Yes,29,Yes,Yes,No,No,Yes,Yes,Yes,Month-to-month,No,Credit card,83.31,2329.89,2,67.7,1
CUST-005998,Male,0,Yes,No,64,Yes,No,Fiber optic,No,No,No internet service,No,Month-to-month,No,Mailed check,35.69,1971.08,2,260.2,1
CUST-005999,Female,1,Yes,No,19,Yes,No phone service,No,No,No,Yes,No internet service,Month-to-month,Yes,Mailed check,18.0,306.41,2,202.4,0
